placeId,name,category,categories,type,address,postcode,district,corridor,city,phone,website,instagram,facebook,email,googleMapsUri,lat,lng,rating,reviews,businessStatus
"ChIJ2x0_RgoFdkgRiSZOlWNMR54","Fashion In Store","Fashion & Apparel","Fashion & Apparel","Clothing store","Flat 2 Tantallon Rd, London","SW12 8DG","SW12","Balham","London","+44 7535 390456","","","","","https://maps.google.com/?cid=11405168571929470601&g_mp=Cidnb29nbGUubWFwcy5wbGFjZXMudjEuUGxhY2VzLlNlYXJjaFRleHQQAhgEIAA","51.44577030000001","-0.1557778","","","OPERATIONAL"
"ChIJZ4oPfN8HdkgRh980zX1R0Ew","Goldthread Domas Vintage London","Fashion & Apparel","Fashion & Apparel","Clothing store","11 Fernlea Rd, London","SW12 9RT","SW12","Balham","London","","https://www.goldthreaddomas.com/","","","","https://maps.google.com/?cid=5535013542793895815&g_mp=Cidnb29nbGUubWFwcy5wbGFjZXMudjEuUGxhY2VzLlNlYXJjaFRleHQQAhgEIAA","51.4429744","-0.148956","5","4","OPERATIONAL"
"ChIJP093fsIFdkgRg-Vln8palEw","J Rogers & Sons","Fashion & Apparel","Fashion & Apparel","Services","Inside underground station, 1 Balham Station Rd, London","SW12 9SG","SW12","Balham","London","+44 20 8772 1853","http://www.jrogers.co.uk/","","","","https://maps.google.com/?cid=5518135269739849091&g_mp=Cidnb29nbGUubWFwcy5wbGFjZXMudjEuUGxhY2VzLlNlYXJjaFRleHQQAhgEIAA","51.4433599","-0.1521006","4.9","150","OPERATIONAL"
"ChIJeY_rp88FdkgRq0LeFkIVp1g","JoJo Maman Bébé - Balham","Fashion & Apparel","Fashion & Apparel","Child care agency","39 Bedford Hill, London","SW12 9EY","SW12","Balham","London","+44 20 8675 1906","http://www.jojomamanbebe.co.uk/","","","","https://maps.google.com/?cid=6388097970044027563&g_mp=Cidnb29nbGUubWFwcy5wbGFjZXMudjEuUGxhY2VzLlNlYXJjaFRleHQQAhgEIAA","51.4440494","-0.1502696","3.7","15","OPERATIONAL"
"ChIJfQx9bc8FdkgRQDUtqxtjMC8","Lark Balham","Fashion & Apparel","Fashion & Apparel","Gift shop","Coal Brook Mansions, 24 Bedford Hill, London","SW12 9RG","SW12","Balham","London","+44 20 8143 6293","http://www.larklondon.com/","","","","https://maps.google.com/?cid=3400326689151857984&g_mp=Cidnb29nbGUubWFwcy5wbGFjZXMudjEuUGxhY2VzLlNlYXJjaFRleHQQAhgEIAA","51.444081399999995","-0.1505992","4.9","93","OPERATIONAL"
"ChIJE01bHrYFdkgRfq0jjmp_FLM","Mathews Shoe Repairers - Precision Key Cutting & Watch Repair","Fashion & Apparel","Fashion & Apparel","Locksmith","35 Balham Hill, London","SW12 9DX","SW12","Balham","London","+44 20 8675 7643","","","","","https://maps.google.com/?cid=12904078927951277438&g_mp=Cidnb29nbGUubWFwcy5wbGFjZXMudjEuUGxhY2VzLlNlYXJjaFRleHQQAhgEIAA","51.451955399999996","-0.147513","4.8","927","OPERATIONAL"
"ChIJj81HHwAFdkgRmM_8qGkJQnU","MOI London","Fashion & Apparel","Fashion & Apparel","Shoe store","Unit 3A Hillgate Pl, London","SW12 9ER","SW12","Balham","London","","https://www.moilondon.com/","","","","https://maps.google.com/?cid=8449326200311828376&g_mp=Cidnb29nbGUubWFwcy5wbGFjZXMudjEuUGxhY2VzLlNlYXJjaFRleHQQAhgEIAA","51.450363599999996","-0.148523","5","3","OPERATIONAL"
"ChIJ741IufIFdkgR1Ei_NgGpFaQ","Not Just Things","Fashion & Apparel","Fashion & Apparel","Market","366 Cavendish Rd, London","SW12 0PP","SW12","Balham","London","+44 7719 586136","https://www.notjustthings.co.uk/","","","","https://maps.google.com/?cid=11823542219409672404&g_mp=Cidnb29nbGUubWFwcy5wbGFjZXMudjEuUGxhY2VzLlNlYXJjaFRleHQQAhgEIAA","51.440699599999995","-0.1425369","5","27","OPERATIONAL"
"ChIJBQkuPM8FdkgR4M5PYOF-YX0","Oliver Bonas","Fashion & Apparel","Fashion & Apparel","Clothing store","186-188 Balham High Rd, London","SW12 9BP","SW12","Balham","London","+44 7721 475554","https://www.oliverbonas.com/balham?utm_source=google&utm_medium=organic&utm_campaign=LPM-London-101-103_Balham_High_Road","","","","https://maps.google.com/?cid=9034641833930510048&g_mp=Cidnb29nbGUubWFwcy5wbGFjZXMudjEuUGxhY2VzLlNlYXJjaFRleHQQAhgEIAA","51.443984","-0.15276299999999998","4.3","56","OPERATIONAL"
"ChIJWzCUK84FdkgRXWihqycu6DY","Perfect Alterations","Fashion & Apparel","Fashion & Apparel","Services","98 Bedford Hill, London","SW12 9HR","SW12","Balham","London","+44 20 8675 5499","http://perfectalterations.co.uk/","","","","https://maps.google.com/?cid=3956463020563064925&g_mp=Cidnb29nbGUubWFwcy5wbGFjZXMudjEuUGxhY2VzLlNlYXJjaFRleHQQAhgEIAA","51.441601","-0.14913479999999998","4.8","140","OPERATIONAL"
"ChIJmZjFA2YEdkgR40ZykoYmCtw","African Queen Fabrics","Fashion & Apparel","Fashion & Apparel","Home goods store","Brixton Village, 29-31 Granville Arcade Atlantic Road, London","SW9 8PR","SW9","Brixton","London","+44 20 7737 1999","https://www.africanqueenfabrics.com/","","","","https://maps.google.com/?cid=15855527797535688419&g_mp=Cidnb29nbGUubWFwcy5wbGFjZXMudjEuUGxhY2VzLlNlYXJjaFRleHQQAhgEIAA","51.4626467","-0.1120548","4.7","15","OPERATIONAL"
"ChIJ8do2GqgFdkgRmmVioEP0Ifs","Afrodesigns.co.uk","Fashion & Apparel","Fashion & Apparel","Home goods store","29-31 Granville Arcade, Brixton Village Inside Market Hall, Atlantic Rd, London","SW9 8PR","SW9","Brixton","London","+44 20 7737 1999","https://afrodesigns.co.uk/","","","","https://maps.google.com/?cid=18096013349042152858&g_mp=Cidnb29nbGUubWFwcy5wbGFjZXMudjEuUGxhY2VzLlNlYXJjaFRleHQQAhgEIAA","51.462493099999996","-0.11181350000000001","3.7","3","OPERATIONAL"
"ChIJrWsBteAFdkgRxuh_4c5b4Dg","Artisan Stories - Ethically Handcrafted Leather Goods and Home Decor","Fashion & Apparel","Fashion & Apparel","Store","36-37, Granville Arcade, Brixton village, Coldharbour Ln, London","SW9 8PR","SW9","Brixton","London","+44 20 3915 3879","http://artisanstories.co.uk/","","","","https://maps.google.com/?cid=4098376605011798214&g_mp=Cidnb29nbGUubWFwcy5wbGFjZXMudjEuUGxhY2VzLlNlYXJjaFRleHQQAhgEIAA","51.462493099999996","-0.11181350000000001","4.7","38","OPERATIONAL"
"ChIJqdDPVV0FdkgRJOAoDQucNdE","Atelier by Khosh - The Tailor","Fashion & Apparel","Fashion & Apparel","Services","4 Landor Rd, London","SW9 9PP","SW9","Brixton","London","+44 7946 843030","http://www.atelierbykhosh.co.uk/","","","","https://maps.google.com/?cid=15075126898971959332&g_mp=Cidnb29nbGUubWFwcy5wbGFjZXMudjEuUGxhY2VzLlNlYXJjaFRleHQQAhgEIAA","51.465235199999995","-0.1288476","5","679","OPERATIONAL"
"ChIJLTXBQGYEdkgRnrJpNfMmcrQ","Bambinos Childrens Wear","Fashion & Apparel","Fashion & Apparel","Clothing store","31 Brixton Station Rd, London","SW9 8PB","SW9","Brixton","London","+44 20 7733 4838","http://www.bambinos-online.com/","","","","https://maps.google.com/?cid=13002497900187071134&g_mp=Cidnb29nbGUubWFwcy5wbGFjZXMudjEuUGxhY2VzLlNlYXJjaFRleHQQAhgEIAA","51.4633416","-0.11306279999999999","4.5","8","OPERATIONAL"
"ChIJ5a7kFmYEdkgRlFeQFj_yzvo","Banana Collections","Fashion & Apparel","Fashion & Apparel","Clothing store","29 Brixton Station Rd, London","SW9 8PB","SW9","Brixton","London","","","","","","https://maps.google.com/?cid=18072648707459798932&g_mp=Cidnb29nbGUubWFwcy5wbGFjZXMudjEuUGxhY2VzLlNlYXJjaFRleHQQAhgEIAA","51.4633494","-0.1131264","5","1","OPERATIONAL"
"ChIJm4FwAmYEdkgREDglbBsIgK8","Bella West","Fashion & Apparel","Fashion & Apparel","Clothing store","Granville Arcade, Unit 76 Coldharbour Ln, London","SW9 8PR","SW9","Brixton","London","","","","","","https://maps.google.com/?cid=12646116667527870480&g_mp=Cidnb29nbGUubWFwcy5wbGFjZXMudjEuUGxhY2VzLlNlYXJjaFRleHQQAhgEIAA","51.4624417","-0.1118706","5","6","OPERATIONAL"
"ChIJLdMBvc8DdkgRe6qTgFMDE1E","Best of Both Boutique","Fashion & Apparel","Fashion & Apparel","Women's clothing store","17 Brixton Station Rd, London","SW9 8PB","SW9","Brixton","London","+44 7955 390277","http://bestofbothboutique.co.uk/","","","","https://maps.google.com/?cid=5842016798803995259&g_mp=Cidnb29nbGUubWFwcy5wbGFjZXMudjEuUGxhY2VzLlNlYXJjaFRleHQQAhgEIAA","51.463329699999996","-0.11372270000000001","5","59","OPERATIONAL"
"ChIJmXJWM2YEdkgRmRxX0gF2lxk","Brixton Community Market Traders","Fashion & Apparel","Fashion & Apparel","Market","16 Brixton Station Rd, London","SW9 8PD","SW9","Brixton","London","+44 20 7274 2990","","","","","https://maps.google.com/?cid=1844072322627476633&g_mp=Cidnb29nbGUubWFwcy5wbGFjZXMudjEuUGxhY2VzLlNlYXJjaFRleHQQAhgEIAA","51.461888699999996","-0.1134063","3.7","3","OPERATIONAL"
"ChIJkUUNgWgEdkgRsPU8u9qaQ-4","Brixton Market","Fashion & Apparel","Fashion & Apparel","Market","Electric Ave, London","SW9 8JX","SW9","Brixton","London","","","","","","https://maps.google.com/?cid=17168736468701345200&g_mp=Cidnb29nbGUubWFwcy5wbGFjZXMudjEuUGxhY2VzLlNlYXJjaFRleHQQAhgEIAA","51.461850999999996","-0.11400750000000001","4.4","6654","OPERATIONAL"
"ChIJyddhAmYEdkgRb_XnhHZRhow","Brixton Station Road Market","Fashion & Apparel","Fashion & Apparel","Market","Brixton Station Rd, London","SW9 8PD","SW9","Brixton","London","+44 7944 787336","","","","","https://maps.google.com/?cid=10125870381666923887&g_mp=Cidnb29nbGUubWFwcy5wbGFjZXMudjEuUGxhY2VzLlNlYXJjaFRleHQQAhgEIAA","51.4634243","-0.11430200000000001","4.2","49","OPERATIONAL"
"ChIJ2UaESAAFdkgReucoa2gCWgg","Brixton street wear","Fashion & Apparel","Fashion & Apparel","Clothing store","Brixton Village, Coldharbour Ln, London","SW9 8PS","SW9","Brixton","London","+44 7469 447135","","","","","https://maps.google.com/?cid=601796147705079674&g_mp=Cidnb29nbGUubWFwcy5wbGFjZXMudjEuUGxhY2VzLlNlYXJjaFRleHQQAhgEIAA","51.4625336","-0.1122025","5","23","OPERATIONAL"
"ChIJx9r5NWUEdkgRJY0mTciVn-k","Brixton Village Market","Fashion & Apparel","Fashion & Apparel","Market","Coldharbour Ln, London","SW9 8PS","SW9","Brixton","London","+44 20 7274 2990","https://www.brixtonvillage.com/","","","","https://maps.google.com/?cid=16834338619654573349&g_mp=Cidnb29nbGUubWFwcy5wbGFjZXMudjEuUGxhY2VzLlNlYXJjaFRleHQQAhgEIAA","51.4624528","-0.1121972","4.6","6609","OPERATIONAL"
"ChIJy1HlhPkFdkgRBKwR7HY0eH8","Chasing Money","Fashion & Apparel","Fashion & Apparel","Clothing store","Yates Court, 17-19 Stockwell Rd, London","SW9 9AU","SW9","Brixton","London","+44 7949 981763","http://www.chasing-money.com/","","","","https://maps.google.com/?cid=9185149125393492996&g_mp=Cidnb29nbGUubWFwcy5wbGFjZXMudjEuUGxhY2VzLlNlYXJjaFRleHQQAhgEIAA","51.471944799999996","-0.12178849999999998","5","3","OPERATIONAL"
"ChIJEe-5Sm8EdkgR9ze50_3dJ7I","Diverse","Fashion & Apparel","Fashion & Apparel","Gift shop","390 Coldharbour Ln, London","SW9 8LF","SW9","Brixton","London","+44 20 7733 1488","http://www.diversegifts.co.uk/","","","","https://maps.google.com/?cid=12837473345091483639&g_mp=Cidnb29nbGUubWFwcy5wbGFjZXMudjEuUGxhY2VzLlNlYXJjaFRleHQQAhgEIAA","51.4617946","-0.11276589999999999","4.8","74","OPERATIONAL"
"ChIJ_4FQGZ8FdkgRAA-KURkKX1o","Elleet","Fashion & Apparel","Fashion & Apparel","Clothing store","Brixton Rd, London","SW9 7AA","SW9","Brixton","London","+44 7824 698387","","","","","https://maps.google.com/?cid=6511934690059489024&g_mp=Cidnb29nbGUubWFwcy5wbGFjZXMudjEuUGxhY2VzLlNlYXJjaFRleHQQAhgEIAA","51.4717171","-0.1128483","5","6","OPERATIONAL"
"ChIJpZIThmgEdkgREpscX0qzMJw","Heels Etc London","Fashion & Apparel","Fashion & Apparel","Services","19 Electric Ln, London","SW9 8LA","SW9","Brixton","London","+44 7375 325501","","","","","https://maps.google.com/?cid=11254692600803531538&g_mp=Cidnb29nbGUubWFwcy5wbGFjZXMudjEuUGxhY2VzLlNlYXJjaFRleHQQAhgEIAA","51.461855","-0.11398839999999999","4.6","93","OPERATIONAL"
"ChIJjwd4T0wFdkgRhgNhrrVAZ70","Iamsofabulous boutique","Fashion & Apparel","Fashion & Apparel","Store","422 Brixton Rd, London","SW9 7AE","SW9","Brixton","London","+44 7957 499069","","","","","https://maps.google.com/?cid=13647948344828429190&g_mp=Cidnb29nbGUubWFwcy5wbGFjZXMudjEuUGxhY2VzLlNlYXJjaFRleHQQAhgEIAA","51.46416180000001","-0.1146113","4.5","2","OPERATIONAL"
"ChIJuUpICu4FdkgRalav3o54IZs","Indie Bride London","Fashion & Apparel","Fashion & Apparel","Clothing store","The Co-op Centre, 90 Brixton Rd, London","SW9 6BE","SW9","Brixton","London","+44 20 7735 4678","http://www.indiebridelondon.co.uk/","","","","https://maps.google.com/?cid=11178348305127003754&g_mp=Cidnb29nbGUubWFwcy5wbGFjZXMudjEuUGxhY2VzLlNlYXJjaFRleHQQAhgEIAA","51.4776123","-0.1127297","4.9","117","OPERATIONAL"
"ChIJKah3fWgEdkgRcnLU-2Q1HrA","Kokobina Alterations, Clothing Repairs & Made to Measure Clothing","Fashion & Apparel","Fashion & Apparel","Services","11, Reliance Arcade, London","SW9 8JZ","SW9","Brixton","London","+44 7521 990113","http://www.twitter.com/LeBrixtonTailor","","","","https://maps.google.com/?cid=12690639507814642290&g_mp=Cidnb29nbGUubWFwcy5wbGFjZXMudjEuUGxhY2VzLlNlYXJjaFRleHQQAhgEIAA","51.461968399999996","-0.11486719999999997","4.5","31","OPERATIONAL"
"ChIJS-JLya4FdkgRGthEuEwn-Q4","Ladies Girdle - The Best Waist Trainer ,fajas","Fashion & Apparel","Fashion & Apparel","Clothing store","28 Atlantic Rd, London","SW9 8JA","SW9","Brixton","London","+44 20 3417 2270","http://www.ladiesgirdle.co.uk/","","","","https://maps.google.com/?cid=1078936796194461722&g_mp=Cidnb29nbGUubWFwcy5wbGFjZXMudjEuUGxhY2VzLlNlYXJjaFRleHQQAhgEIAA","51.4625636","-0.1131546","5","578","OPERATIONAL"
"ChIJy6FSmoup2EcRUYrFLM0dels","Lalune London","Fashion & Apparel","Fashion & Apparel","Jewelry store","Lalune, 24 Market Row, London","SW9 8LB","SW9","Brixton","London","+44 7511 641910","http://lalunelondon.com/","","","","https://maps.google.com/?cid=6591613771666786897&g_mp=Cidnb29nbGUubWFwcy5wbGFjZXMudjEuUGxhY2VzLlNlYXJjaFRleHQQAhgEIAA","51.4619448","-0.11341769999999998","4.9","53","OPERATIONAL"
"ChIJf3B-AdkFdkgR6_giTKR_2KQ","Lekan Aare Couture","Fashion & Apparel","Fashion & Apparel","Services","Flat 26, Newark House, loughborough estate, London","SW9 7SH","SW9","Brixton","London","+44 7426 199842","https://lekanaare.com/","","","","https://maps.google.com/?cid=11878384360818407659&g_mp=Cidnb29nbGUubWFwcy5wbGFjZXMudjEuUGxhY2VzLlNlYXJjaFRleHQQAhgEIAA","51.4689835","-0.10651039999999999","","","OPERATIONAL"
"ChIJ5x9QqWgEdkgRQM3g8mE6ay8","Leona","Fashion & Apparel","Fashion & Apparel","Clothing store","Brixton Village, Unit 5 Coldharbour Ln, London","SW9 8PR","SW9","Brixton","London","+44 7903 860196","","","","","https://maps.google.com/?cid=3416888934651710784&g_mp=Cidnb29nbGUubWFwcy5wbGFjZXMudjEuUGxhY2VzLlNlYXJjaFRleHQQAhgEIAA","51.462105","-0.1116503","5","8","OPERATIONAL"
"ChIJpwNgDrcFdkgRfPsnCXuPYGQ","Loved again","Fashion & Apparel","Fashion & Apparel","Furniture store","140 Stockwell Rd, London","SW9 9TQ","SW9","Brixton","London","+44 7518 980657","","","","","https://maps.google.com/?cid=7232938760154381180&g_mp=Cidnb29nbGUubWFwcy5wbGFjZXMudjEuUGxhY2VzLlNlYXJjaFRleHQQAhgEIAA","51.4673832","-0.11809129999999998","4.5","38","OPERATIONAL"
"ChIJk4gl-X4FdkgRAqZQQEkx4HU","Lucky stars clothing","Fashion & Apparel","Fashion & Apparel","Clothing store","Denmark Hill, London","DY5 7TT","DY5","Brixton","London","+44 7494 861588","","","","","https://maps.google.com/?cid=8493843087902156290&g_mp=Cidnb29nbGUubWFwcy5wbGFjZXMudjEuUGxhY2VzLlNlYXJjaFRleHQQAhgEIAA","51.4659993","-0.11528969999999998","","","OPERATIONAL"
"ChIJAftwdWgEdkgRDPYnGF3s9f4","Morleys Brixton","Fashion & Apparel","Fashion & Apparel","Department store","472-488 Brixton Rd, London","SW9 8EH","SW9","Brixton","London","+44 20 7274 6246","https://www.elyswimbledon.co.uk/pages/morleys-brixton","","","","https://maps.google.com/?cid=18371850139509192204&g_mp=Cidnb29nbGUubWFwcy5wbGFjZXMudjEuUGxhY2VzLlNlYXJjaFRleHQQAhgEIAA","51.462571399999995","-0.1153399","4.1","1171","OPERATIONAL"
"ChIJZTmP5b4FdkgRxQKVtzsbO8A","Nazu Cultural Shop","Fashion & Apparel","Fashion & Apparel","Clothing store","Unit 18, 416 Brixton Rd, London","SW9 7AY","SW9","Brixton","London","+44 7940 276776","","","","","https://maps.google.com/?cid=13851695022205108933&g_mp=Cidnb29nbGUubWFwcy5wbGFjZXMudjEuUGxhY2VzLlNlYXJjaFRleHQQAhgEIAA","51.4645738","-0.11458620000000001","5","28","OPERATIONAL"
"ChIJj_yJSpMFdkgRUQuTcPbjfiI","No 52 London","Fashion & Apparel","Fashion & Apparel","Women's clothing store","52 Granville Aracde, London","SW9 8PS","SW9","Brixton","London","+44 7599 528278","","","","","https://maps.google.com/?cid=2485674691945237329&g_mp=Cidnb29nbGUubWFwcy5wbGFjZXMudjEuUGxhY2VzLlNlYXJjaFRleHQQAhgEIAA","51.462493099999996","-0.11181350000000001","","","OPERATIONAL"
"ChIJRdbjy3QFdkgRRP33Z4ateJg","Paloma Fixies","Fashion & Apparel","Fashion & Apparel","Clothing store","Unit 29, Barret House, 77 Benedict Rd, London","SW9 0UN","SW9","Brixton","London","+44 7960 904666","","","","","https://maps.google.com/?cid=10986722083751853380&g_mp=Cidnb29nbGUubWFwcy5wbGFjZXMudjEuUGxhY2VzLlNlYXJjaFRleHQQAhgEIAA","51.4664356","-0.11550539999999998","5","3","OPERATIONAL"
"ChIJxy6Lq2gEdkgRLu6IXLr7KNc","Rachel & Malika's","Fashion & Apparel","Fashion & Apparel","Gift shop","Granville Arcade, Coldharbour Ln, London","SW9 8PR","SW9","Brixton","London","+44 7988 318125","http://www.rachelandmalikas.com/","","","","https://maps.google.com/?cid=15503918495057899054&g_mp=Cidnb29nbGUubWFwcy5wbGFjZXMudjEuUGxhY2VzLlNlYXJjaFRleHQQAhgEIAA","51.462680299999995","-0.11189579999999999","4.6","12","OPERATIONAL"
"ChIJ7z9cEmgEdkgRA9tYq8yc4CA","Risky","Fashion & Apparel","Fashion & Apparel","Women's clothing store","510 Brixton Rd, London","SW9 8EN","SW9","Brixton","London","+44 20 7924 0322","","","","","https://maps.google.com/?cid=2369065806858869507&g_mp=Cidnb29nbGUubWFwcy5wbGFjZXMudjEuUGxhY2VzLlNlYXJjaFRleHQQAhgEIAA","51.4615977","-0.11573280000000001","3.2","9","OPERATIONAL"
"ChIJF8HHA2YEdkgRzG92x4OGwdg","Rose & Thorn","Fashion & Apparel","Fashion & Apparel","Jewelry store","Granville Arcade, Unit 75 Coldharbour Ln, London","SW9 8PR","SW9","Brixton","London","+44 20 3417 9550","http://www.roseandthornbrixton.co.uk/","","","","https://maps.google.com/?cid=15618912883242856396&g_mp=Cidnb29nbGUubWFwcy5wbGFjZXMudjEuUGxhY2VzLlNlYXJjaFRleHQQAhgEIAA","51.462416","-0.11190209999999999","4.6","8","OPERATIONAL"
"ChIJYyvpo2gEdkgRAYl9yVrb4vc","Simply Fabrics","Fashion & Apparel","Fashion & Apparel","Home goods store","The Metropolis, 57 Atlantic Rd, London","SW9 8PU","SW9","Brixton","London","+44 20 3602 0723","https://www.simplyfabrics.co.uk/","","","","https://maps.google.com/?cid=17862080255078795521&g_mp=Cidnb29nbGUubWFwcy5wbGFjZXMudjEuUGxhY2VzLlNlYXJjaFRleHQQAhgEIAA","51.4616882","-0.11151549999999999","4.4","143","OPERATIONAL"
"ChIJTyCUwckFdkgRJaUDumWQMQU","Sloe Vintage","Fashion & Apparel","Fashion & Apparel","Clothing store","Unit 38, Brixton Village, London","SW9 8PR","SW9","Brixton","London","","http://sloevintage.co.uk/","","","","https://maps.google.com/?cid=374239010635359525&g_mp=Cidnb29nbGUubWFwcy5wbGFjZXMudjEuUGxhY2VzLlNlYXJjaFRleHQQAhgEIAA","51.462493099999996","-0.11181350000000001","4.8","17","OPERATIONAL"
"ChIJoSaprEIEdkgRCyz0ju4dxqs","SOMEWHERE Agency","Fashion & Apparel","Fashion & Apparel","Wholesaler","3 - 4, The Stableyard, Broomgrove Rd, London","SW9 9TL","SW9","Brixton","London","+44 20 7274 1633","https://somewhereagency.com/","","","","https://maps.google.com/?cid=12377613536312175627&g_mp=Cidnb29nbGUubWFwcy5wbGFjZXMudjEuUGxhY2VzLlNlYXJjaFRleHQQAhgEIAA","51.468353699999994","-0.1173761","5","3","OPERATIONAL"
"ChIJAdaT7TQFdkgRJjByM7Ran6c","Tasha's Chic Boutique","Fashion & Apparel","Fashion & Apparel","Clothing store","33-35, Reliance Arcade, London","SW9 8JZ","SW9","Brixton","London","+44 7878 284727","https://www.tashaschicboutique.com/","","","","https://maps.google.com/?cid=12078472455634694182&g_mp=Cidnb29nbGUubWFwcy5wbGFjZXMudjEuUGxhY2VzLlNlYXJjaFRleHQQAhgEIAA","51.4618526","-0.11525289999999999","5","21","OPERATIONAL"
"ChIJA23lO4cFdkgRTEhrnIbGBhg","The Sneaker Cleaner","Fashion & Apparel","Fashion & Apparel","Services","Brixton Village, Unit 57 Granville Arcade, Coldharbour Ln, London","SW9 8PR","SW9","Brixton","London","+44 20 8168 0580","https://thesneakercleaner.co.uk/","","","","https://maps.google.com/?cid=1731289388222728268&g_mp=Cidnb29nbGUubWFwcy5wbGFjZXMudjEuUGxhY2VzLlNlYXJjaFRleHQQAhgEIAA","51.462493099999996","-0.11181350000000001","","","OPERATIONAL"
"ChIJn6RR3aoJdkgR_b7sbMbeqJU","The Style Closet","Fashion & Apparel","Fashion & Apparel","Women's clothing store","54 High St, Ewell, Epsom","KT17 1RW","KT17","Brixton","Epsom","+44 7568 405327","http://www.thestylecloset.boutique/","","","","https://maps.google.com/?cid=10784114251550998269&g_mp=Cidnb29nbGUubWFwcy5wbGFjZXMudjEuUGxhY2VzLlNlYXJjaFRleHQQAhgEIAA","51.3485054","-0.24967319999999996","4.4","33","OPERATIONAL"
"ChIJlW5OqEAFdkgR_mqtQqpfIVs","ukbestjeans","Fashion & Apparel","Fashion & Apparel","Clothing store","420 Brixton Rd, London","SW9 7AY","SW9","Brixton","London","+44 7401 087438","https://ukbestjeans.com/","","","","https://maps.google.com/?cid=6566634916550634238&g_mp=Cidnb29nbGUubWFwcy5wbGFjZXMudjEuUGxhY2VzLlNlYXJjaFRleHQQAhgEIAA","51.4643101","-0.1146645","5","1","OPERATIONAL"
"ChIJAftwdWgEdkgRHRq_iC4DvK0","United Colors of Benetton","Fashion & Apparel","Fashion & Apparel","Clothing store","MORLEY'S STORES, 472-488 Brixton Rd, London","SW9 8EH","SW9","Brixton","London","+44 20 7274 6246","https://gb.benetton.com/?_r=no","","","","https://maps.google.com/?cid=12518884562580740637&g_mp=Cidnb29nbGUubWFwcy5wbGFjZXMudjEuUGxhY2VzLlNlYXJjaFRleHQQAhgEIAA","51.4624342","-0.11536690000000001","3.9","11","OPERATIONAL"
"ChIJe3bpu2cEdkgRRo3h3E_dYsw","Upstairs at The Department Store","Fashion & Apparel","Fashion & Apparel","Association / Organization","10 Stockwell Ave, London","SW9 8BQ","SW9","Brixton","London","+44 20 8050 4369","https://upstairsbrixton.com/","","","","https://maps.google.com/?cid=14727577066532867398&g_mp=Cidnb29nbGUubWFwcy5wbGFjZXMudjEuUGxhY2VzLlNlYXJjaFRleHQQAhgEIAA","51.464130399999995","-0.11551739999999999","4.7","343","OPERATIONAL"
"ChIJvc4w4t8FdkgRiUtOfdA917Y","USC","Fashion & Apparel","Fashion & Apparel","Clothing store","20, 24a Pope's Rd, London","SW9 8JH","SW9","Brixton","London","+44 343 777 1806","https://www.usc.co.uk/stores/brixton-store-1806","","","","https://maps.google.com/?cid=13175067200560450441&g_mp=Cidnb29nbGUubWFwcy5wbGFjZXMudjEuUGxhY2VzLlNlYXJjaFRleHQQAhgEIAA","51.4630177","-0.11237","3.7","6","OPERATIONAL"
"ChIJSz5F6DkFdkgRPMs9UwId6dE","Waistrainer uk","Fashion & Apparel","Fashion & Apparel","Women's clothing store","Unit 6, RELIANCE Arcade, 455 Brixton Rd, London","SW9 8JZ","SW9","Brixton","London","+44 7944 368531","http://www.waistraineruk.com/","","","","https://maps.google.com/?cid=15125652719324220220&g_mp=Cidnb29nbGUubWFwcy5wbGFjZXMudjEuUGxhY2VzLlNlYXJjaFRleHQQAhgEIAA","51.4619784","-0.11500339999999999","4.9","126","OPERATIONAL"
"ChIJu2jSRlYFdkgRapobOTeHssk","Black Culture Market","Fashion & Apparel","Fashion & Apparel","Market","Lambeth Town Hall, 1 Brixton Hill, London","SW2 1RW","SW2","Brixton / Tulse Hill","London","","http://www.blackculturemarket.co.uk/","","","","https://maps.google.com/?cid=14533827618729073258&g_mp=Cidnb29nbGUubWFwcy5wbGFjZXMudjEuUGxhY2VzLlNlYXJjaFRleHQQAhgEIAA","51.4608621","-0.1165806","4.9","55","OPERATIONAL"
"ChIJeccilEMFdkgRaYdDBdK0l6E","Bleaq Showroom & Studio","Fashion & Apparel","Fashion & Apparel","Store","The Link Business Centre, 49 Effra Rd, London","SW2 1BZ","SW2","Brixton / Tulse Hill","London","+44 7793 074403","https://www.bleaq.store/","","","","https://maps.google.com/?cid=11643974175714150249&g_mp=Cidnb29nbGUubWFwcy5wbGFjZXMudjEuUGxhY2VzLlNlYXJjaFRleHQQAhgEIAA","51.458555","-0.11431709999999999","5","7","OPERATIONAL"
"ChIJH7HA9f0FdkgRadH_DF7m9QI","Clarissas Boutique","Fashion & Apparel","Fashion & Apparel","Women's clothing store","Unit B10, The Link Business Centre, 49 Effra Rd, London","SW2 1BZ","SW2","Brixton / Tulse Hill","London","+44 7960 159690","https://clarissasboutique.co.uk/","","","","https://maps.google.com/?cid=213329848989372777&g_mp=Cidnb29nbGUubWFwcy5wbGFjZXMudjEuUGxhY2VzLlNlYXJjaFRleHQQAhgEIAA","51.458555","-0.11431709999999999","4.4","7","OPERATIONAL"
"ChIJVVWVDGkEdkgR71tD7F0PkrM","DM Touch","Fashion & Apparel","Fashion & Apparel","Clothing store","Unit B19, DM Touch No49 The Link, Effra Rd, London","SW2 1BZ","SW2","Brixton / Tulse Hill","London","+44 7916 412345","http://dmtouch.com/","","","","https://maps.google.com/?cid=12939421575459068911&g_mp=Cidnb29nbGUubWFwcy5wbGFjZXMudjEuUGxhY2VzLlNlYXJjaFRleHQQAhgEIAA","51.4584691","-0.11440729999999998","5","2","OPERATIONAL"
"ChIJUbUAG7QFdkgRfgFUPmnWu0Y","Ivy Nat","Fashion & Apparel","Fashion & Apparel","Gift shop","98 Acre Ln, London","SW2 5QN","SW2","Brixton / Tulse Hill","London","+44 7470 257905","http://www.ivynat.com/","","","","https://maps.google.com/?cid=5096903150805451134&g_mp=Cidnb29nbGUubWFwcy5wbGFjZXMudjEuUGxhY2VzLlNlYXJjaFRleHQQAhgEIAA","51.459788","-0.1228748","4.1","87","OPERATIONAL"
"ChIJL098v2cEdkgRY8bN_fYq2o8","Little Green Radicals (Head Office)","Fashion & Apparel","Fashion & Apparel","Store","The Link Business Centre, Unit 17 49 Effra Rd, London","SW2 1BZ","SW2","Brixton / Tulse Hill","London","+44 20 7733 5027","http://littlegreenradicals.com/","","","","https://maps.google.com/?cid=10365644732655060579&g_mp=Cidnb29nbGUubWFwcy5wbGFjZXMudjEuUGxhY2VzLlNlYXJjaFRleHQQAhgEIAA","51.458552100000006","-0.1138145","4.8","133","OPERATIONAL"
"ChIJleDWFUIFdkgR5u9wAdQJRD8","More Than Garments","Fashion & Apparel","Fashion & Apparel","Clothing store","15, Terry House, Upper Tulse Hill, London","SW2 2NT","SW2","Brixton / Tulse Hill","London","+44 7729 178313","https://morethangarments.com/","","","","https://maps.google.com/?cid=4558779528967679974&g_mp=Cidnb29nbGUubWFwcy5wbGFjZXMudjEuUGxhY2VzLlNlYXJjaFRleHQQAhgEIAA","51.444474","-0.11241570000000001","5","1","OPERATIONAL"
"ChIJ3aQ7oo4FdkgRR9WobrexHWc","Respect the Dash","Fashion & Apparel","Fashion & Apparel","Clothing store","40 Prague Pl, London","SW2 5ED","SW2","Brixton / Tulse Hill","London","+44 7506 611742","","","","","https://maps.google.com/?cid=7430290361624876359&g_mp=Cidnb29nbGUubWFwcy5wbGFjZXMudjEuUGxhY2VzLlNlYXJjaFRleHQQAhgEIAA","51.4554818","-0.12681109999999998","5","1","OPERATIONAL"
"ChIJpWjSgG8FdkgRN_nuZPYQ3tw","Shoe repair","Fashion & Apparel","Fashion & Apparel","Services","Streatham Hill, London","SW2 4PA","SW2","Brixton / Tulse Hill","London","","","","","","https://maps.google.com/?cid=15915176783615293751&g_mp=Cidnb29nbGUubWFwcy5wbGFjZXMudjEuUGxhY2VzLlNlYXJjaFRleHQQAhgEIAA","51.438288","-0.1270391","5","16","OPERATIONAL"
"ChIJL7IoC2kEdkgRd1u3YmL5Og4","Stupid Clothing","Fashion & Apparel","Fashion & Apparel","clothing_store","1, The Link Business Centre, 49 Effra Rd, London","SW2 1BZ","SW2","Brixton / Tulse Hill","London","+44 20 3397 9038","","","","","https://maps.google.com/?cid=1025406066138504055&g_mp=Cidnb29nbGUubWFwcy5wbGFjZXMudjEuUGxhY2VzLlNlYXJjaFRleHQQAhgEIAA","51.4585077","-0.11406770000000001","4","4","OPERATIONAL"
"ChIJfZoogEMEdkgRqA2_wotrt4g","the culture shop","Fashion & Apparel","Fashion & Apparel","Clothing store","100 Acre Ln, London","SW2 5QN","SW2","Brixton / Tulse Hill","London","","","","","","https://maps.google.com/?cid=9851460957908176296&g_mp=Cidnb29nbGUubWFwcy5wbGFjZXMudjEuUGxhY2VzLlNlYXJjaFRleHQQAhgEIAA","51.4597603","-0.1229394","1","1","OPERATIONAL"
"ChIJYSvIFDsFdkgRAmnmrpi5vWI","Think Positive Fashion Café","Fashion & Apparel","Fashion & Apparel","point_of_interest","114b Endymion Rd, London","SW2 2BP","SW2","Brixton / Tulse Hill","London","","https://thinkpositivefashioncafe.com/","","","","https://maps.google.com/?cid=7115047051735755010&g_mp=Cidnb29nbGUubWFwcy5wbGFjZXMudjEuUGxhY2VzLlNlYXJjaFRleHQQAhgEIAA","51.450116699999995","-0.11792720000000001","4.4","57","OPERATIONAL"
"ChIJkyIdaAANdkgRehtof1kCiI0","Trendynow","Fashion & Apparel","Fashion & Apparel","Clothing store","9 Brewers Ln, Richmond","TW9 1HH","TW9","Brixton / Tulse Hill","Richmond","+44 7833 533615","http://www.trendynow.co.uk/","","","","https://maps.google.com/?cid=10198403939593362298&g_mp=Cidnb29nbGUubWFwcy5wbGFjZXMudjEuUGxhY2VzLlNlYXJjaFRleHQQAhgEIAA","51.4609828","-0.3051623","5","150","OPERATIONAL"
"ChIJP7oDcX8DdkgRIZK80u5wky0","A.F Elite Shoes","Fashion & Apparel","Fashion & Apparel","Shoe store","30 Camberwell Church St, London","SE5 8QZ","SE5","Camberwell","London","+44 7916 086816","","","","","https://maps.google.com/?cid=3284092724323324449&g_mp=Cidnb29nbGUubWFwcy5wbGFjZXMudjEuUGxhY2VzLlNlYXJjaFRleHQQAhgEIAA","51.4737868","-0.0903397","5","10","OPERATIONAL"
"ChIJ5VQA4X8DdkgR4fESgIn1qI0","Aytas Boutique London","Fashion & Apparel","Fashion & Apparel","Clothing store","8 Denmark Hill, London","SE5 0RZ","SE5","Camberwell","London","+44 7704 797927","","","","","https://maps.google.com/?cid=10207678526343279073&g_mp=Cidnb29nbGUubWFwcy5wbGFjZXMudjEuUGxhY2VzLlNlYXJjaFRleHQQAhgEIAA","51.473922099999996","-0.0932937","","","OPERATIONAL"
"ChIJX9rMRgADdkgRaczyBUjnBOg","Butterfly Walk","Fashion & Apparel","Fashion & Apparel","Shopping mall","Butterfly Walk, London","SE5 8RW","SE5","Camberwell","London","","","","","","https://maps.google.com/?cid=16718742013229583465&g_mp=Cidnb29nbGUubWFwcy5wbGFjZXMudjEuUGxhY2VzLlNlYXJjaFRleHQQAhgEIAA","51.4732075","-0.09266429999999999","4","7","OPERATIONAL"
"ChIJydFThe0DdkgRYOgxjlsaIJc","CAMBERWELL PHONE CITY","Fashion & Apparel","Fashion & Apparel","Cell phone store","24 Denmark Hill, London","SE5 8RZ","SE5","Camberwell","London","+44 7341 607624","","","","","https://maps.google.com/?cid=10889732879511840864&g_mp=Cidnb29nbGUubWFwcy5wbGFjZXMudjEuUGxhY2VzLlNlYXJjaFRleHQQAhgEIAA","51.473614299999994","-0.0933922","4.5","56","OPERATIONAL"
"ChIJXXaQ3N0FdkgRC_hOVNGzGzc","Dabati","Fashion & Apparel","Fashion & Apparel","Clothing store","28 Camberwell Rd, London","SE5 0EN","SE5","Camberwell","London","+44 7944 679507","https://dabati.com/","","","","https://maps.google.com/?cid=3970965208101222411&g_mp=Cidnb29nbGUubWFwcy5wbGFjZXMudjEuUGxhY2VzLlNlYXJjaFRleHQQAhgEIAA","51.48355050000001","-0.0945572","5","4","OPERATIONAL"
"ChIJvxac28YDdkgR8N8kWsw696g","Dash The Henge Store","Fashion & Apparel","Fashion & Apparel","Store","348 Camberwell New Rd, London","SE5 0RW","SE5","Camberwell","London","","https://dashthehengestore.com/","","","","https://maps.google.com/?cid=12175264766979530736&g_mp=Cidnb29nbGUubWFwcy5wbGFjZXMudjEuUGxhY2VzLlNlYXJjaFRleHQQAhgEIAA","51.4740506","-0.0935995","4.9","73","OPERATIONAL"
"ChIJjV2eA34DdkgR-SYk3GnXTmU","Edwardes Camberwell Ltd","Fashion & Apparel","Fashion & Apparel","Bicycle store","Kipling House, 221-225 Camberwell Rd, London","SE5 0HG","SE5","Camberwell","London","+44 20 7703 3676","http://www.edwardescycles.com/","","","","https://maps.google.com/?cid=7300008895679047417&g_mp=Cidnb29nbGUubWFwcy5wbGFjZXMudjEuUGxhY2VzLlNlYXJjaFRleHQQAhgEIAA","51.4774082","-0.0935792","4","182","OPERATIONAL"
"ChIJtQJQi-0DdkgRYB3XPalcfzM","Eleven SE5","Fashion & Apparel","Fashion & Apparel","Home goods store","114 Denmark Hill, London","SE5 8RX","SE5","Camberwell","London","","","","","","https://maps.google.com/?cid=3710786499933314400&g_mp=Cidnb29nbGUubWFwcy5wbGFjZXMudjEuUGxhY2VzLlNlYXJjaFRleHQQAhgEIAA","51.4707127","-0.0931453","4","16","OPERATIONAL"
"ChIJOwpcos0DdkgRrQEaR3zez4U","Golden Cece Boutique","Fashion & Apparel","Fashion & Apparel","Clothing store","58 Camberwell Church St, London","SE5 8QZ","SE5","Camberwell","London","+44 7359 328656","","","","","https://maps.google.com/?cid=9642169952573718957&g_mp=Cidnb29nbGUubWFwcy5wbGFjZXMudjEuUGxhY2VzLlNlYXJjaFRleHQQAhgEIAA","51.473643599999996","-0.08931209999999999","1","1","OPERATIONAL"
"ChIJX_sncIIEdkgRrhP6C_CeW9s","Hat Shop","Fashion & Apparel","Fashion & Apparel","Clothing store","Camgate Mansions, 16 Camberwell Rd, London","SE5 0EN","SE5","Camberwell","London","+44 7951 142512","http://www.bullantic.com/","","","","https://maps.google.com/?cid=15806402071017165742&g_mp=Cidnb29nbGUubWFwcy5wbGFjZXMudjEuUGxhY2VzLlNlYXJjaFRleHQQAhgEIAA","51.484001299999996","-0.0942855","3","4","OPERATIONAL"
"ChIJ01gnU38DdkgRayyE4ipdPzU","Hayvin London","Fashion & Apparel","Fashion & Apparel","Women's clothing store","76 Camberwell Church St, London","SE5 8QZ","SE5","Camberwell","London","","","","","","https://maps.google.com/?cid=3836887846313274475&g_mp=Cidnb29nbGUubWFwcy5wbGFjZXMudjEuUGxhY2VzLlNlYXJjaFRleHQQAhgEIAA","51.4734286","-0.0879894","","","OPERATIONAL"
"ChIJ1dqGu4YEdkgRVMgcMXFNbeo","Kamera Obscura","Fashion & Apparel","Fashion & Apparel","Services","235 Camberwell New Rd, London","SE5 0TH","SE5","Camberwell","London","+44 20 7703 9021","https://kameraobscura.com/","","","","https://maps.google.com/?cid=16892242925887211604&g_mp=Cidnb29nbGUubWFwcy5wbGFjZXMudjEuUGxhY2VzLlNlYXJjaFRleHQQAhgEIAA","51.4773265","-0.10073399999999999","5","2","OPERATIONAL"
"ChIJgUS7m38DdkgReX67ZSg7M2Y","M & H Dry Cleaners","Fashion & Apparel","Fashion & Apparel","Laundry","16 Camberwell Church St, London","SE5 8QU","SE5","Camberwell","London","+44 20 7277 0406","http://mandhdrycleaners.com/","","","","https://maps.google.com/?cid=7364294860372409977&g_mp=Cidnb29nbGUubWFwcy5wbGFjZXMudjEuUGxhY2VzLlNlYXJjaFRleHQQAhgEIAA","51.4739149","-0.09143369999999999","4.7","250","OPERATIONAL"
"ChIJ8XU4GisFdkgRPxw5mkI_few","Momso The Sewing Company","Fashion & Apparel","Fashion & Apparel","tailor","The Sewing Company, The Arch, MOMSO, 308 Wyndham Rd, London","SE5 0UN","SE5","Camberwell","London","+44 7515 530746","http://www.momso.co.uk/","","","","https://maps.google.com/?cid=17040846120327650367&g_mp=Cidnb29nbGUubWFwcy5wbGFjZXMudjEuUGxhY2VzLlNlYXJjaFRleHQQAhgEIAA","51.478626299999995","-0.09560189999999999","5","201","OPERATIONAL"
"ChIJtWpAd4gDdkgRSmBY182i-Tc","Natalia Almazova Fashion Studio","Fashion & Apparel","Fashion & Apparel","Tailor","30 Deepdene Rd, London","SE5 8EG","SE5","Camberwell","London","+44 7739 656907","http://nataliaalmazova.co.uk/","","","","https://maps.google.com/?cid=4033433946251878474&g_mp=Cidnb29nbGUubWFwcy5wbGFjZXMudjEuUGxhY2VzLlNlYXJjaFRleHQQAhgEIAA","51.4622452","-0.0922128","5","5","OPERATIONAL"
"ChIJK_IaTeUDdkgR4ry669WciIo","Ose Boutique","Fashion & Apparel","Fashion & Apparel","Store","3 Camberwell Church St, London","SE5 8TR","SE5","Camberwell","London","","","","","","https://maps.google.com/?cid=9982401016663555298&g_mp=Cidnb29nbGUubWFwcy5wbGFjZXMudjEuUGxhY2VzLlNlYXJjaFRleHQQAhgEIAA","51.474247999999996","-0.0915081","","","OPERATIONAL"
"ChIJfcy-938DdkgRCxYfUcqAFF0","Shop from Crisis, Camberwell","Fashion & Apparel","Fashion & Apparel","Thrift store","Butterfly Walk, 23a Denmark Hill, London","SE5 8RW","SE5","Camberwell","London","+44 20 7703 3840","https://www.crisis.org.uk/get-involved/shop-from-crisis/camberwell/","","","","https://maps.google.com/?cid=6707127351494252043&g_mp=Cidnb29nbGUubWFwcy5wbGFjZXMudjEuUGxhY2VzLlNlYXJjaFRleHQQAhgEIAA","51.473028899999996","-0.0929436","3.6","40","OPERATIONAL"
"ChIJ_eKoN40FdkgR7VydYaYjooI","Sophia’s Fashion Boutique","Fashion & Apparel","Fashion & Apparel","Store","31 Camberwell Rd, London","SE5 0EY","SE5","Camberwell","London","+44 7943 304872","","","","","https://maps.google.com/?cid=9413125368667004141&g_mp=Cidnb29nbGUubWFwcy5wbGFjZXMudjEuUGxhY2VzLlNlYXJjaFRleHQQAhgEIAA","51.4838495","-0.0938768","","","OPERATIONAL"
"ChIJW0UXePMFdkgR9SJaBP4AsHk","String Ting","Fashion & Apparel","Fashion & Apparel","Store","Studio 13, Cornerstone Studios, Cambridge House, 1 Addington Square, London","SE5 7JZ","SE5","Camberwell","London","","https://www.stringting.com/","","","","https://maps.google.com/?cid=8768509565485064949&g_mp=Cidnb29nbGUubWFwcy5wbGFjZXMudjEuUGxhY2VzLlNlYXJjaFRleHQQAhgEIAA","51.4797235","-0.0945652","","","OPERATIONAL"
"ChIJF0u-ZwsFdkgR0vmov-17lu4","The Fit Edit","Fashion & Apparel","Fashion & Apparel","Clothing store","Pop up, London","SE5 9QA","SE5","Camberwell","London","+44 7958 007774","","","","","https://maps.google.com/?cid=17192064888586435026&g_mp=Cidnb29nbGUubWFwcy5wbGFjZXMudjEuUGxhY2VzLlNlYXJjaFRleHQQAhgEIAA","51.4685875","-0.0993081","","","OPERATIONAL"
"ChIJ5UemtyEDdkgRYKI2VAYBYJE","TTFN Vintage","Fashion & Apparel","Fashion & Apparel","Clothing store","106-108 Denmark Hill, London","SE5 8RX","SE5","Camberwell","London","+44 7735 615275","","","","","https://maps.google.com/?cid=10475373859958071904&g_mp=Cidnb29nbGUubWFwcy5wbGFjZXMudjEuUGxhY2VzLlNlYXJjaFRleHQQAhgEIAA","51.4709478","-0.0931798","4.7","19","OPERATIONAL"
"ChIJdaa1qoIEdkgRf1sVdgC2Idw","White Hall Clothiers","Fashion & Apparel","Fashion & Apparel","Clothing store","77 Camberwell Rd, London","SE5 0EZ","SE5","Camberwell","London","+44 20 7703 3604","http://www.whitehallclothiers.com/","","","","https://maps.google.com/?cid=15862159475672963967&g_mp=Cidnb29nbGUubWFwcy5wbGFjZXMudjEuUGxhY2VzLlNlYXJjaFRleHQQAhgEIAA","51.4828111","-0.09428399999999999","4.3","106","OPERATIONAL"
"ChIJDUuYtxMFdkgR67KnWF637YA","Alterations Clapham North By APPOINTMENT ONLY open at 12 noon.","Fashion & Apparel","Fashion & Apparel","Services","Greenaway Apartments, 37 Bedford Rd, London","SW4 7EL","SW4","Clapham","London","+44 7551 261103","","","","","https://maps.google.com/?cid=9290283222177395435&g_mp=Cidnb29nbGUubWFwcy5wbGFjZXMudjEuUGxhY2VzLlNlYXJjaFRleHQQAhgEIAA","51.4636729","-0.12915749999999998","4.4","143","OPERATIONAL"
"ChIJybyZS80FdkgRVTyueekeqfM","Caplaneris Key Cutting, Watch Repair Workshop, Engraving & Quality Shoe Repair","Fashion & Apparel","Fashion & Apparel","Locksmith","78C Clapham High St, London","SW4 7UL","SW4","Clapham","London","+44 7743 025989","","","","","https://maps.google.com/?cid=17557598610398264405&g_mp=Cidnb29nbGUubWFwcy5wbGFjZXMudjEuUGxhY2VzLlNlYXJjaFRleHQQAhgEIAA","51.463644099999996","-0.1335459","4.7","107","OPERATIONAL"
"ChIJbbJbhJBkckgRhR486QJIQgg","Colmers Hill Fashion Boutique","Fashion & Apparel","Fashion & Apparel","Women's clothing store","5, Manor Barn, Manor Yard, Symondsbury, Bridport","DT6 6HG","DT6","Clapham","Bridport","+44 1308 426517","https://www.colmershill.com/","","","","https://maps.google.com/?cid=595117278106492549&g_mp=Cidnb29nbGUubWFwcy5wbGFjZXMudjEuUGxhY2VzLlNlYXJjaFRleHQQAhgEIAA","50.7401809","-2.7870293","5","25","OPERATIONAL"
"ChIJQTO2WVAEdkgR3OsFUANIb_U","FETCH","Fashion & Apparel","Fashion & Apparel","Store","Arch 642, Voltaire Rd, London","SW4 6DH","SW4","Clapham","London","+44 20 4539 8992","http://www.fetchshop.co.uk/","","","","https://maps.google.com/?cid=17685433440771894236&g_mp=Cidnb29nbGUubWFwcy5wbGFjZXMudjEuUGxhY2VzLlNlYXJjaFRleHQQAhgEIAA","51.46478990000001","-0.1311319","4.8","53","OPERATIONAL"
"ChIJE872WbEFdkgRjMiw0YZs2PM","Guida Boutique London","Fashion & Apparel","Fashion & Apparel","Services","92 Parkfield Rd, London","SW4 8DR","SW4","Clapham","London","+44 7542 065582","https://www.instagram.com/nanart.designs?igsh=OGttcGNwa3dmaG9k","https://www.instagram.com/nanart.designs?igsh=OGttcGNwa3dmaG9k","","","https://maps.google.com/?cid=17570913272485431436&g_mp=Cidnb29nbGUubWFwcy5wbGFjZXMudjEuUGxhY2VzLlNlYXJjaFRleHQQAhgEIAA","51.4504819","-0.1342632","","","OPERATIONAL"
"ChIJ__9P3AAFdkgRyZT1BqLBNpU","Hush - Head Office","Fashion & Apparel","Fashion & Apparel","Corporate office","Hush Headoffice, Maritime House, 111 Old Town, London","SW4 0JW","SW4","Clapham","London","+44 20 7622 3725","http://www.hush-uk.com/","","","","https://maps.google.com/?cid=10751994062039258313&g_mp=Cidnb29nbGUubWFwcy5wbGFjZXMudjEuUGxhY2VzLlNlYXJjaFRleHQQAhgEIAA","51.4645545","-0.1409417","3","25","OPERATIONAL"
"ChIJa1q3XR4FdkgRu0e-xeipRqo","Lark Clapham","Fashion & Apparel","Fashion & Apparel","Gift shop","127 Clapham High St, London","SW4 7SS","SW4","Clapham","London","+44 20 7627 0482","http://www.larklondon.com/","","","","https://maps.google.com/?cid=12269681052032583611&g_mp=Cidnb29nbGUubWFwcy5wbGFjZXMudjEuUGxhY2VzLlNlYXJjaFRleHQQAhgEIAA","51.4624982","-0.1354227","4.9","208","OPERATIONAL"
"ChIJcZHxUVAEdkgR-72sMI6nj70","Leyland SDM Clapham High Street | Decorating & DIY","Fashion & Apparel","Fashion & Apparel","Home goods store","Apex Cycles, 24-28 Clapham High St, London","SW4 7UR","SW4","Clapham","London","+44 20 7819 9387","https://leylandsdm.co.uk/amlocator/clapham-high-street/?utm_source=google&utm_medium=organic&utm_campaign=LPM_google_Clapham","","","","https://maps.google.com/?cid=13659320423981825531&g_mp=Cidnb29nbGUubWFwcy5wbGFjZXMudjEuUGxhY2VzLlNlYXJjaFRleHQQAhgEIAA","51.464417999999995","-0.1315","4.6","197","OPERATIONAL"
"ChIJ-fU8Vk0EdkgRivuciVRHV0I","M.Moen & Sons","Fashion & Apparel","Fashion & Apparel","Butcher shop","24 The Pavement, London","SW4 0JA","SW4","Clapham","London","+44 20 7622 1626","http://moen.co.uk/","","","","https://maps.google.com/?cid=4780367957888662410&g_mp=Cidnb29nbGUubWFwcy5wbGFjZXMudjEuUGxhY2VzLlNlYXJjaFRleHQQAhgEIAA","51.462340999999995","-0.14013399999999998","4.2","212","OPERATIONAL"
"ChIJQUqGxXEFdkgRUe2pHMp68UM","New Working Class","Fashion & Apparel","Fashion & Apparel","clothing_store","189 Stonhouse St, London","SW4 6BB","SW4","Clapham","London","+44 7770 756304","https://www.newworkingclass.co.uk/","","","","https://maps.google.com/?cid=4895829278411320657&g_mp=Cidnb29nbGUubWFwcy5wbGFjZXMudjEuUGxhY2VzLlNlYXJjaFRleHQQAhgEIAA","51.46314410000001","-0.1364625","5","8","OPERATIONAL"
"ChIJu_Uxr2kFdkgRjfk5ePGyRfs","NWC","Fashion & Apparel","Fashion & Apparel","Clothing store","Stonhouse St, London","SW4 6BB","SW4","Clapham","London","+44 7770 756304","https://www.vinted.co.uk/member/3137718691","","","","https://maps.google.com/?cid=18106074627086875021&g_mp=Cidnb29nbGUubWFwcy5wbGFjZXMudjEuUGxhY2VzLlNlYXJjaFRleHQQAhgEIAA","51.462913799999995","-0.1363597","","","OPERATIONAL"
"ChIJO9FVVk0EdkgRqTdBHKNCcig","Oliver Bonas","Fashion & Apparel","Fashion & Apparel","Clothing store","23 The Pavement, London","SW4 0JA","SW4","Clapham","London","+44 20 7720 8272","https://www.oliverbonas.com/clapham?utm_source=google&utm_medium=organic&utm_campaign=LPM-London-23_The_Pavement","","","","https://maps.google.com/?cid=2914465177183270825&g_mp=Cidnb29nbGUubWFwcy5wbGFjZXMudjEuUGxhY2VzLlNlYXJjaFRleHQQAhgEIAA","51.46228","-0.140016","4.5","71","OPERATIONAL"
"ChIJKXApTVAEdkgR-RqE9zuzw_4","Save The Children","Fashion & Apparel","Fashion & Apparel","Thrift store","Bowyer House, 36 Clapham High St, London","SW4 7UR","SW4","Clapham","London","+44 20 7978 2542","https://www.savethechildren.org.uk/","","","","https://maps.google.com/?cid=18357713576229346041&g_mp=Cidnb29nbGUubWFwcy5wbGFjZXMudjEuUGxhY2VzLlNlYXJjaFRleHQQAhgEIAA","51.4642237","-0.1318819","3.9","34","OPERATIONAL"
"ChIJ39vDpkoFdkgR8MN1kHuxAzs","SoleManiac","Fashion & Apparel","Fashion & Apparel","Shoe store","Wandsworth Rd, London","SW4 6AD","SW4","Clapham","London","+44 7572 006121","","","","","https://maps.google.com/?cid=4252437617430610928&g_mp=Cidnb29nbGUubWFwcy5wbGFjZXMudjEuUGxhY2VzLlNlYXJjaFRleHQQAhgEIAA","51.474463099999994","-0.1325189","","","OPERATIONAL"
"ChIJ8ajfMZjfdUgRRnb0xzfA6Y4","Suzanne Boutique","Fashion & Apparel","Fashion & Apparel","Clothing store","At Home, 32/34 High St, Cobham","KT11 3EB","KT11","Clapham","Cobham","+44 1932 865135","https://www.suzanneboutiquecobham.com/","","","","https://maps.google.com/?cid=10297973368769771078&g_mp=Cidnb29nbGUubWFwcy5wbGFjZXMudjEuUGxhY2VzLlNlYXJjaFRleHQQAhgEIAA","51.3275516","-0.4103891","4.8","6","OPERATIONAL"
"ChIJ2Y96M60FdkgR5-chC6olR7s","Wandsworth Oasis","Fashion & Apparel","Fashion & Apparel","Thrift store","45 Old Town, London","SW4 0JL","SW4","Clapham","London","+44 20 3489 1019","https://www.wandsworthoasis.org.uk/","","","","https://maps.google.com/?cid=13494796220700420071&g_mp=Cidnb29nbGUubWFwcy5wbGFjZXMudjEuUGxhY2VzLlNlYXJjaFRleHQQAhgEIAA","51.464047799999996","-0.141001","4.9","20","OPERATIONAL"
"ChIJW9wj2WAHdkgRkc4tL0ZpjJo","adidas Outlet Store Croydon","Fashion & Apparel","Fashion & Apparel","Sportswear store","2A Trojan Way, Croydon","CR0 4XL","CR0","Crystal Palace / Norwood","Croydon","+44 20 8681 5009","https://go.adidas.com/ihha/11c0ab86","","","","https://maps.google.com/?cid=11136391728740552337&g_mp=Cidnb29nbGUubWFwcy5wbGFjZXMudjEuUGxhY2VzLlNlYXJjaFRleHQQAhgEIAA","51.37368","-0.1195726","4.2","193","OPERATIONAL"
"ChIJc8D1VNUBdkgRHt5-x3tK5xg","ALKEMI store Crystal Palace","Fashion & Apparel","Fashion & Apparel","Home goods store","36 Westow St, London","SE19 3AH","SE19","Crystal Palace / Norwood","London","+44 20 3489 9458","http://www.alkemistore.com/","","","","https://maps.google.com/?cid=1794484872018845214&g_mp=Cidnb29nbGUubWFwcy5wbGFjZXMudjEuUGxhY2VzLlNlYXJjaFRleHQQAhgEIAA","51.418861799999995","-0.08287","5","8","OPERATIONAL"
"ChIJ1WxsOkcBdkgRNndbOKpyhjE","Allbone & Trimit","Fashion & Apparel","Fashion & Apparel","Clothing store","4 Cooper's Yard, London","SE19 1TN","SE19","Crystal Palace / Norwood","London","+44 7764 196284","http://www.allboneandtrimit.co.uk/","","","","https://maps.google.com/?cid=3568665830153221942&g_mp=Cidnb29nbGUubWFwcy5wbGFjZXMudjEuUGxhY2VzLlNlYXJjaFRleHQQAhgEIAA","51.4204815","-0.0823241","5","1","OPERATIONAL"
"ChIJTZBpGEUBdkgRyeOiLMyjHHo","Bambino","Fashion & Apparel","Fashion & Apparel","Clothing store","32 Church Rd, London","SE19 2ET","SE19","Crystal Palace / Norwood","London","+44 7956 323164","","","","","https://maps.google.com/?cid=8799087869292635081&g_mp=Cidnb29nbGUubWFwcy5wbGFjZXMudjEuUGxhY2VzLlNlYXJjaFRleHQQAhgEIAA","51.4190143","-0.0795944","4.9","24","OPERATIONAL"
"ChIJs69YqjEHdkgRjZn7jG1iNZ4","Budwals","Fashion & Apparel","Fashion & Apparel","Clothing store","Unit 36-37, Centrale Shopping Centre, Debenhams, Keeley Rd, Croydon","CR0 1TF","CR0","Crystal Palace / Norwood","Croydon","+44 20 8688 6758","http://www.budwals.co.uk/","","","","https://maps.google.com/?cid=11400126254414535053&g_mp=Cidnb29nbGUubWFwcy5wbGFjZXMudjEuUGxhY2VzLlNlYXJjaFRleHQQAhgEIAA","51.374715699999996","-0.10226529999999999","4.5","52","OPERATIONAL"
"ChIJ3-EBkL4BdkgRfc8KaSYFpzk","Clarks","Fashion & Apparel","Fashion & Apparel","Shoe store","228 High St, Beckenham","BR3 1EN","BR3","Crystal Palace / Norwood","Beckenham","+44 20 8650 0436","","","","","https://maps.google.com/?cid=4154294843801784189&g_mp=Cidnb29nbGUubWFwcy5wbGFjZXMudjEuUGxhY2VzLlNlYXJjaFRleHQQAhgEIAA","51.406617399999995","-0.029120699999999996","3.8","62","OPERATIONAL"
"ChIJxT6NeTEHdkgRPK_o7ICE-d4","Clarks","Fashion & Apparel","Fashion & Apparel","Shoe store","119/121, 119-121 N End, Croydon","CR0 1TL","CR0","Crystal Palace / Norwood","Croydon","+44 20 8688 6666","","","","","https://maps.google.com/?cid=16067018834886307644&g_mp=Cidnb29nbGUubWFwcy5wbGFjZXMudjEuUGxhY2VzLlNlYXJjaFRleHQQAhgEIAA","51.3753702","-0.10035","4","522","OPERATIONAL"
"ChIJH51un0UBdkgR8wnAW9dkzIo","Coconut Trading Ltd","Fashion & Apparel","Fashion & Apparel","Gift shop","68 Church Rd, London","SE19 2EZ","SE19","Crystal Palace / Norwood","London","+44 20 8771 0700","","","","","https://maps.google.com/?cid=10001479748603087347&g_mp=Cidnb29nbGUubWFwcy5wbGFjZXMudjEuUGxhY2VzLlNlYXJjaFRleHQQAhgEIAA","51.417712099999996","-0.08075589999999999","5","26","OPERATIONAL"
"ChIJ7cGidwsHdkgRbmgWzaSzJW8","Crafty Creativity Chasers","Fashion & Apparel","Fashion & Apparel","Store","8 Treloar Gardens, London","SE19 3JR","SE19","Crystal Palace / Norwood","London","+44 7506 438051","","","","","https://maps.google.com/?cid=8009005032745101422&g_mp=Cidnb29nbGUubWFwcy5wbGFjZXMudjEuUGxhY2VzLlNlYXJjaFRleHQQAhgEIAA","51.419486899999995","-0.0938849","","","OPERATIONAL"
"ChIJqU6W8FoBdkgRSkT-04_lKBY","Crystal Palace Antiques","Fashion & Apparel","Fashion & Apparel","Home goods store","Imperial House, Jasper Rd, London","SE19 1SG","SE19","Crystal Palace / Norwood","London","+44 20 8480 7042","http://crystalpalaceantiques.com/","","","","https://maps.google.com/?cid=1596778473802581066&g_mp=Cidnb29nbGUubWFwcy5wbGFjZXMudjEuUGxhY2VzLlNlYXJjaFRleHQQAhgEIAA","51.4200095","-0.0795201","4.6","273","OPERATIONAL"
"ChIJ9S1Mo08BdkgRrl-iLiKmF3k","Crystal Palace Food Market","Fashion & Apparel","Fashion & Apparel","Market","Haynes Ln, London","SE19 3AN","SE19","Crystal Palace / Norwood","London","","http://www.crystalpalacefoodmarket.co.uk/","","","","https://maps.google.com/?cid=8725625468795117486&g_mp=Cidnb29nbGUubWFwcy5wbGFjZXMudjEuUGxhY2VzLlNlYXJjaFRleHQQAhgEIAA","51.41826030000001","-0.0835812","4.6","168","OPERATIONAL"
"ChIJ4anSDkUBdkgR4Ct0OF52BXE","D Solos","Fashion & Apparel","Fashion & Apparel","Clothing store","23 Church Rd, London","SE19 2TE","SE19","Crystal Palace / Norwood","London","+44 20 8653 7585","http://www.dsoloclothing.co.uk/","","","","https://maps.google.com/?cid=8144045648215550944&g_mp=Cidnb29nbGUubWFwcy5wbGFjZXMudjEuUGxhY2VzLlNlYXJjaFRleHQQAhgEIAA","51.419179","-0.0790776","4.9","41","OPERATIONAL"
"ChIJB01crzEHdkgR5UYHYXpbCF0","DEICHMANN","Fashion & Apparel","Fashion & Apparel","Shoe store","52, 50 N End, Croydon","CR0 1UG","CR0","Crystal Palace / Norwood","Croydon","+44 20 8138 4901","https://stores.deichmann.com/gb-en/gb/england/croydon/50-north-end","","","","https://maps.google.com/?cid=6703708626512987877&g_mp=Cidnb29nbGUubWFwcy5wbGFjZXMudjEuUGxhY2VzLlNlYXJjaFRleHQQAhgEIAA","51.3756777","-0.1006373","4.1","282","OPERATIONAL"
"ChIJ50yJ8FoBdkgRduLXt5CEDo4","Designs of Modernity","Fashion & Apparel","Fashion & Apparel","Furniture store","Imperial House, Crystal Palace Antiques & Modern, Jasper Rd, London","SE19 1SG","SE19","Crystal Palace / Norwood","London","+44 7966 285694","http://designsofmodernity.com/","","","","https://maps.google.com/?cid=10236264760154251894&g_mp=Cidnb29nbGUubWFwcy5wbGFjZXMudjEuUGxhY2VzLlNlYXJjaFRleHQQAhgEIAA","51.4200004","-0.0794481","4.8","8","OPERATIONAL"
"ChIJVQeVnkUBdkgR56yM-tjv0IM","Elkins","Fashion & Apparel","Fashion & Apparel","Gift shop","85 Church Rd, London","SE19 2TA","SE19","Crystal Palace / Norwood","London","+44 20 8771 4998","","","","","https://maps.google.com/?cid=9498355329319873767&g_mp=Cidnb29nbGUubWFwcy5wbGFjZXMudjEuUGxhY2VzLlNlYXJjaFRleHQQAhgEIAA","51.4175703","-0.0807164","5","17","OPERATIONAL"
"ChIJU9igYCEBdkgRLme-NjFgD0M","Embrace Me Jeans","Fashion & Apparel","Fashion & Apparel","Market","Flat 1, London","SE19 1EX","SE19","Crystal Palace / Norwood","London","+44 7851 369192","","","","","https://maps.google.com/?cid=4832186689679943470&g_mp=Cidnb29nbGUubWFwcy5wbGFjZXMudjEuUGxhY2VzLlNlYXJjaFRleHQQAhgEIAA","51.420213","-0.0867063","","","OPERATIONAL"
"ChIJg7tVJ0UBdkgRomWuai-QYvY","Four Boroughs","Fashion & Apparel","Fashion & Apparel","Coffee shop","10 Church Rd, London","SE19 2ET","SE19","Crystal Palace / Norwood","London","","http://www.fourboroughs.co.uk/","","","","https://maps.google.com/?cid=17753911214375593378&g_mp=Cidnb29nbGUubWFwcy5wbGFjZXMudjEuUGxhY2VzLlNlYXJjaFRleHQQAhgEIAA","51.4194623","-0.0789797","4.7","418","OPERATIONAL"
"ChIJk7lMvU8BdkgRz4McoSE38qM","Haynes Lane Market","Fashion & Apparel","Fashion & Apparel","Flea market","vintage market, 21 Haynes Ln, London","SE19 3AN","SE19","Crystal Palace / Norwood","London","","https://mobile.twitter.com/Hayneslanemkt","","","","https://maps.google.com/?cid=11813565390122681295&g_mp=Cidnb29nbGUubWFwcy5wbGFjZXMudjEuUGxhY2VzLlNlYXJjaFRleHQQAhgEIAA","51.4183889","-0.0832556","4.5","112","OPERATIONAL"
"ChIJ16nN7E8BdkgRWl4Ni14Xhs8","Hollybush Stores","Fashion & Apparel","Fashion & Apparel","Hardware store","24-28 Westow St, London","SE19 3AH","SE19","Crystal Palace / Norwood","London","+44 20 8653 1258","","","","","https://maps.google.com/?cid=14953665307557584474&g_mp=Cidnb29nbGUubWFwcy5wbGFjZXMudjEuUGxhY2VzLlNlYXJjaFRleHQQAhgEIAA","51.419093","-0.08292800000000002","4","67","OPERATIONAL"
"ChIJi_hA_Uun2EcRAmzFw7QD4Jk","Ivy and the Wolf – Plants, Coffee & Nice Things","Fashion & Apparel","Fashion & Apparel","Cafe","Ivy and the Wolf, 61 Westow Hill, London","SE19 1TS","SE19","Crystal Palace / Norwood","London","","http://www.ivyandthewolf.com/","","","","https://maps.google.com/?cid=11087866357499653122&g_mp=Cidnb29nbGUubWFwcy5wbGFjZXMudjEuUGxhY2VzLlNlYXJjaFRleHQQAhgEIAA","51.419823","-0.0801112","4.9","290","OPERATIONAL"
"ChIJD5GQ7k8BdkgRnBg9bhIp8gE","Josephine's London","Fashion & Apparel","Fashion & Apparel","Clothing store","Hollybush Terrace, Hollybush Terrace, 4 Westow St, London","SE19 3SD","SE19","Crystal Palace / Norwood","London","+44 20 8653 4425","http://www.josephines.london/","","","","https://maps.google.com/?cid=140219697537554588&g_mp=Cidnb29nbGUubWFwcy5wbGFjZXMudjEuUGxhY2VzLlNlYXJjaFRleHQQAhgEIAA","51.419506899999995","-0.0828554","4.6","14","OPERATIONAL"
"ChIJw20cgE8BdkgRRRGeNhQHEhg","Love Bridal Ltd","Fashion & Apparel","Fashion & Apparel","Clothing store","57 Westow St, London","SE19 3RW","SE19","Crystal Palace / Norwood","London","+44 20 8771 0738","http://www.lovebridal.co.uk/","","","","https://maps.google.com/?cid=1734456589888131397&g_mp=Cidnb29nbGUubWFwcy5wbGFjZXMudjEuUGxhY2VzLlNlYXJjaFRleHQQAhgEIAA","51.417833599999994","-0.0819367","4.2","158","OPERATIONAL"
"ChIJl_KZYgABdkgRsAp-CvfsQ0k","Luna Jeans","Fashion & Apparel","Fashion & Apparel","Clothing store","107 Church Rd, London","SE19 2PR","SE19","Crystal Palace / Norwood","London","","","","","","https://maps.google.com/?cid=5279323733985462960&g_mp=Cidnb29nbGUubWFwcy5wbGFjZXMudjEuUGxhY2VzLlNlYXJjaFRleHQQAhgEIAA","51.4167921","-0.0813088","","","OPERATIONAL"
"ChIJeTx5PWkBdkgREdfXCuYuUVo","Maltpress Trading","Fashion & Apparel","Fashion & Apparel","Home goods store","3, Hollybush Terrace, Westow St, London","SE19 3SD","SE19","Crystal Palace / Norwood","London","","","","","","https://maps.google.com/?cid=6508034502086350609&g_mp=Cidnb29nbGUubWFwcy5wbGFjZXMudjEuUGxhY2VzLlNlYXJjaFRleHQQAhgEIAA","51.4193892","-0.08281319999999999","5","18","OPERATIONAL"
"ChIJi-Uyo08BdkgR5qGExc50boQ","Mary’s Vintage","Fashion & Apparel","Fashion & Apparel","Women's clothing store","Haynes Ln, London","SE19 3AN","SE19","Crystal Palace / Norwood","London","","http://marysvintage.co.uk/","","","","https://maps.google.com/?cid=9542693091870548454&g_mp=Cidnb29nbGUubWFwcy5wbGFjZXMudjEuUGxhY2VzLlNlYXJjaFRleHQQAhgEIAA","51.418506799999996","-0.0836412","","","OPERATIONAL"
"ChIJMfNR908BdkgR8WC3eyGCJOU","Mrs Robinson","Fashion & Apparel","Fashion & Apparel","Furniture store","16 Westow Hill, London","SE19 1RX","SE19","Crystal Palace / Norwood","London","+44 20 8670 6818","","","","","https://maps.google.com/?cid=16511465214168228081&g_mp=Cidnb29nbGUubWFwcy5wbGFjZXMudjEuUGxhY2VzLlNlYXJjaFRleHQQAhgEIAA","51.419747699999995","-0.0822374","4.4","57","OPERATIONAL"
"ChIJlUSsGJ4BdkgRyLU7_HR65Kk","My Kids' Colourful Clothes","Fashion & Apparel","Fashion & Apparel","Clothing store","48B Alexandra Dr, London","SE19 1AN","SE19","Crystal Palace / Norwood","London","","","","","","https://maps.google.com/?cid=12242044329966417352&g_mp=Cidnb29nbGUubWFwcy5wbGFjZXMudjEuUGxhY2VzLlNlYXJjaFRleHQQAhgEIAA","51.4230666","-0.08731649999999999","","","OPERATIONAL"
"ChIJxW_6kU8BdkgRXXUgr_QGdy0","Ninski Salon","Fashion & Apparel","Fashion & Apparel","Store","42 Westow St, London","SE19 3AH","SE19","Crystal Palace / Norwood","London","+44 20 8768 0620","http://ninski.com/","","","","https://maps.google.com/?cid=3276094901915252061&g_mp=Cidnb29nbGUubWFwcy5wbGFjZXMudjEuUGxhY2VzLlNlYXJjaFRleHQQAhgEIAA","51.418758","-0.08273029999999999","4.7","284","OPERATIONAL"
"ChIJV8GKjUUBdkgRZn_Ddr4EAnk","Palace Cleaners","Fashion & Apparel","Fashion & Apparel","Laundry","101 Church Rd, London","SE19 2PR","SE19","Crystal Palace / Norwood","London","+44 7417 394678","http://www.palacedrycleaners.com/","","","","https://maps.google.com/?cid=8719537044625522534&g_mp=Cidnb29nbGUubWFwcy5wbGFjZXMudjEuUGxhY2VzLlNlYXJjaFRleHQQAhgEIAA","51.416940999999994","-0.08122499999999999","4.3","40","OPERATIONAL"
"ChIJ7UYvnEUBdkgR8B5h-k4zdvw","Pearl rose Jewellers","Fashion & Apparel","Fashion & Apparel","Jewelry store","76 Church Rd, London","SE19 2EZ","SE19","Crystal Palace / Norwood","London","+44 7904 563807","http://pearlrosejewellers.co.uk/","","","","https://maps.google.com/?cid=18191784159110831856&g_mp=Cidnb29nbGUubWFwcy5wbGFjZXMudjEuUGxhY2VzLlNlYXJjaFRleHQQAhgEIAA","51.41758900000001","-0.0809474","4.8","35","OPERATIONAL"
"ChIJl_IMLk4BdkgReGMIf-vGVIw","Print Garden","Fashion & Apparel","Fashion & Apparel","Clothing store","Print Garden, 21 Church Rd, London","SE19 2TE","SE19","Crystal Palace / Norwood","London","+44 7736 322152","","","","","https://maps.google.com/?cid=10111925778104476536&g_mp=Cidnb29nbGUubWFwcy5wbGFjZXMudjEuUGxhY2VzLlNlYXJjaFRleHQQAhgEIAA","51.4192302","-0.0790622","5","6","OPERATIONAL"
"ChIJ0dzRLy0BdkgR1CZO8yg1YwU","Savemore Shoes","Fashion & Apparel","Fashion & Apparel","Shoe store","417 Whitehorse Rd, Thornton Heath","CR7 8SD","CR7","Crystal Palace / Norwood","Thornton Heath","+44 20 8683 0367","","","","","https://maps.google.com/?cid=388212442880943828&g_mp=Cidnb29nbGUubWFwcy5wbGFjZXMudjEuUGxhY2VzLlNlYXJjaFRleHQQAhgEIAA","51.397414","-0.09297799999999999","4.5","2","OPERATIONAL"
"ChIJI2SwSLwGdkgRO29r84Wiufw","School Wear United Ltd.","Fashion & Apparel","Fashion & Apparel","Clothing store","3 Crown Dl, London","SE19 3PB","SE19","Crystal Palace / Norwood","London","+44 20 8655 7373","http://www.schoolwearunited.co.uk/","","","","https://maps.google.com/?cid=18210765264447565627&g_mp=Cidnb29nbGUubWFwcy5wbGFjZXMudjEuUGxhY2VzLlNlYXJjaFRleHQQAhgEIAA","51.422825599999996","-0.10483089999999999","4.3","469","OPERATIONAL"
"ChIJwXn6OkIBdkgRTWTiXwTpvTg","Shoe Repairs and Key Cutting","Fashion & Apparel","Fashion & Apparel","Services","59 Anerley Rd, London","SE19 2AS","SE19","Crystal Palace / Norwood","London","","","","","","https://maps.google.com/?cid=4088680241720091725&g_mp=Cidnb29nbGUubWFwcy5wbGFjZXMudjEuUGxhY2VzLlNlYXJjaFRleHQQAhgEIAA","51.416069199999995","-0.0722925","4.4","22","OPERATIONAL"
"ChIJi8H_f08BdkgRR_nPPiTsIAg","Simon Carter","Fashion & Apparel","Fashion & Apparel","Clothing store","71 Westow St, London","SE19 3RW","SE19","Crystal Palace / Norwood","London","+44 20 8768 1457","https://www.simoncarter.net/","","","","https://maps.google.com/?cid=585727591974959431&g_mp=Cidnb29nbGUubWFwcy5wbGFjZXMudjEuUGxhY2VzLlNlYXJjaFRleHQQAhgEIAA","51.417236599999995","-0.08156930000000001","4.4","13","OPERATIONAL"
"ChIJFQC9DNChB4QRNmHok-8_GCk","Sparkly Tails","Fashion & Apparel","Fashion & Apparel","Pet store","2 Westow St, London","SE19 3AH","SE19","Crystal Palace / Norwood","London","+44 20 7998 0290","https://sparklytails.com/","","","","https://maps.google.com/?cid=2961187053207314742&g_mp=Cidnb29nbGUubWFwcy5wbGFjZXMudjEuUGxhY2VzLlNlYXJjaFRleHQQAhgEIAA","51.4195894","-0.08324959999999999","5","27","OPERATIONAL"
"ChIJSQy-7U8BdkgRxR2xyz0r_ac","The Indigo Tree","Fashion & Apparel","Fashion & Apparel","Gift shop","4, Hollybush Terrace, Westow St, London","SE19 3SD","SE19","Crystal Palace / Norwood","London","+44 7470 917283","http://www.theindigotree.com/","","","","https://maps.google.com/?cid=12104878917852143045&g_mp=Cidnb29nbGUubWFwcy5wbGFjZXMudjEuUGxhY2VzLlNlYXJjaFRleHQQAhgEIAA","51.419345500000006","-0.0827275","4.5","29","OPERATIONAL"
"ChIJq6q7708BdkgR6LHWiWyfUMo","Tine Bladbjerg","Fashion & Apparel","Fashion & Apparel","Jewelry store","A L'Etage, 4 Westow Hill, London","SE19 1RX","SE19","Crystal Palace / Norwood","London","+44 20 8761 1868","http://tinebladbjerg.com/","","","","https://maps.google.com/?cid=14578327282316128744&g_mp=Cidnb29nbGUubWFwcy5wbGFjZXMudjEuUGxhY2VzLlNlYXJjaFRleHQQAhgEIAA","51.4196615","-0.082758","5","2","OPERATIONAL"
"ChIJo4T_-08BdkgR4jYniN-a4sE","Top Quality Dry Cleaners","Fashion & Apparel","Fashion & Apparel","Laundry","9 Westow Hill, London","SE19 1TQ","SE19","Crystal Palace / Norwood","London","+44 20 8670 0170","http://www.topqualitydrycleaners.com/","","","","https://maps.google.com/?cid=13970899278909355746&g_mp=Cidnb29nbGUubWFwcy5wbGFjZXMudjEuUGxhY2VzLlNlYXJjaFRleHQQAhgEIAA","51.4198758","-0.08265080000000001","4.2","56","OPERATIONAL"
"ChIJiXxPLPkDdkgR5YZ_lzujfzc","Belmont Dry Cleaners & Tailoring","Fashion & Apparel","Fashion & Apparel","Laundry","4 Croxted Rd, London","SE21 8SW","SE21","Dulwich","London","+44 20 8761 7551","http://www.belmont2go.co.uk/","","","","https://maps.google.com/?cid=3999094470468404965&g_mp=Cidnb29nbGUubWFwcy5wbGFjZXMudjEuUGxhY2VzLlNlYXJjaFRleHQQAhgEIAA","51.436381999999995","-0.090195","4.5","43","OPERATIONAL"
"ChIJ7w6wrVYYdkgRbFXB98PXWvE","Coco Ivy","Fashion & Apparel","Fashion & Apparel","Clothing store","Heddon Court, 21 Cockfosters Rd, Barnet","EN4 0DB","EN4","Dulwich","Barnet","+44 20 8440 2233","https://www.cocoivy.co.uk/","","","","https://maps.google.com/?cid=17391450147719828844&g_mp=Cidnb29nbGUubWFwcy5wbGFjZXMudjEuUGxhY2VzLlNlYXJjaFRleHQQAhgEIAA","51.6469096","-0.1473428","3.8","23","OPERATIONAL"
"ChIJpRMZ_qcHdkgRwuxqwRL0qBE","Cub & Pudding","Fashion & Apparel","Fashion & Apparel","Clothing store","E301, Parkhall, Parkhall Business Centre, 40 Martell Rd, London","SE21 8HN","SE21","Dulwich","London","+44 7796 332904","http://www.cubandpudding.com/","","","","https://maps.google.com/?cid=1272535256123763906&g_mp=Cidnb29nbGUubWFwcy5wbGFjZXMudjEuUGxhY2VzLlNlYXJjaFRleHQQAhgEIAA","51.433134499999994","-0.0950303","5","43","OPERATIONAL"
"ChIJbSe-4PoDdkgReFaqbED1N9o","Dulwich Park","Fashion & Apparel","Fashion & Apparel","Park","College Rd, London","SE21 7BQ","SE21","Dulwich","London","+44 20 8693 8635","https://dulwichparkfriends.org.uk/the-park/map-of-the-park/","","","","https://maps.google.com/?cid=15724306281037190776&g_mp=Cidnb29nbGUubWFwcy5wbGFjZXMudjEuUGxhY2VzLlNlYXJjaFRleHQQAhgEIAA","51.447164699999995","-0.0831025","4.7","4885","OPERATIONAL"
"ChIJh_ZqWf0DdkgRtuuom4UKCJQ","Flarejeans","Fashion & Apparel","Fashion & Apparel","Market","flat 4, brokricks house, Broderick House, London","SE21 8PA","SE21","Dulwich","London","","","","","","https://maps.google.com/?cid=10666787286385486774&g_mp=Cidnb29nbGUubWFwcy5wbGFjZXMudjEuUGxhY2VzLlNlYXJjaFRleHQQAhgEIAA","51.4324027","-0.0814256","","","OPERATIONAL"
"ChIJZ4VMwlwDdkgRctpFgPd0oog","Hello Mundo","Fashion & Apparel","Fashion & Apparel","Clothing store","60A S Croxted Rd, London","SE21 8BD","SE21","Dulwich","London","+44 7549 898513","","","","","https://maps.google.com/?cid=9845560341743131250&g_mp=Cidnb29nbGUubWFwcy5wbGFjZXMudjEuUGxhY2VzLlNlYXJjaFRleHQQAhgEIAA","51.4333603","-0.0895339","","","OPERATIONAL"
"ChIJmf-FOvMDdkgRzUpgZ5GwDh8","jane newbery","Fashion & Apparel","Fashion & Apparel","Home goods store","84 Dulwich Village, London","SE21 7AJ","SE21","Dulwich","London","+44 20 8693 2634","http://janenewbery.co.uk/","","","","https://maps.google.com/?cid=2237920203400825549&g_mp=Cidnb29nbGUubWFwcy5wbGFjZXMudjEuUGxhY2VzLlNlYXJjaFRleHQQAhgEIAA","51.4491559","-0.0855076","4.3","7","OPERATIONAL"
"ChIJhyZwA08EdkgRn92dB0dskac","Lucy & Sam","Fashion & Apparel","Fashion & Apparel","Clothing store","Unit F04, Parkhall Business Centre, 40 Martell Rd, London","SE21 8EN","SE21","Dulwich","London","","https://www.lucyandsam.com/","","","","https://maps.google.com/?cid=12074551128283274655&g_mp=Cidnb29nbGUubWFwcy5wbGFjZXMudjEuUGxhY2VzLlNlYXJjaFRleHQQAhgEIAA","51.433134499999994","-0.0950303","3.7","3","OPERATIONAL"
"ChIJf3251fgDdkgRTLpfGgaSM6Y","Rigby & Mac","Fashion & Apparel","Fashion & Apparel","Women's clothing store","11 Croxted Rd, London","SE21 8SZ","SE21","Dulwich","London","+44 20 8761 3457","https://www.rigbyandmac.com/","","","","https://maps.google.com/?cid=11976076389018221132&g_mp=Cidnb29nbGUubWFwcy5wbGFjZXMudjEuUGxhY2VzLlNlYXJjaFRleHQQAhgEIAA","51.4363142","-0.09081159999999999","5","3","OPERATIONAL"
"ChIJnflgq_MDdkgRSdPldCmh37k","Rigby & Mac","Fashion & Apparel","Fashion & Apparel","Women's clothing store","Unit D013, Parkhall Business Centre, 62 Tritton Rd, London","SE21 8DE","SE21","Dulwich","London","+44 20 8761 1011","https://www.rigbyandmac.com/","","","","https://maps.google.com/?cid=13393601016250094409&g_mp=Cidnb29nbGUubWFwcy5wbGFjZXMudjEuUGxhY2VzLlNlYXJjaFRleHQQAhgEIAA","51.4324855","-0.0942622","5","1","OPERATIONAL"
"ChIJsxhW5XwBdkgRIfuYXyXUWks","Sandra's Studio Bespoke Wedding Dressmaker","Fashion & Apparel","Fashion & Apparel","Clothing store","The Vernon Mezz, Kingswood House, Seeley Dr, London","SE21 8QN","SE21","Dulwich","London","+44 7496 462221","http://www.sandrasstudiobespokebridal.co.uk/","","","","https://maps.google.com/?cid=5429885557731293985&g_mp=Cidnb29nbGUubWFwcy5wbGFjZXMudjEuUGxhY2VzLlNlYXJjaFRleHQQAhgEIAA","51.4306067","-0.0815973","5","10","OPERATIONAL"
"ChIJYdFyB-kFdkgR3eiwSTI9ZTg","Scobies","Fashion & Apparel","Fashion & Apparel","Laundry","35 Dulwich Village, London","SE21 7BN","SE21","Dulwich","London","+44 20 8693 2755","http://www.scobies.co.uk/","","","","https://maps.google.com/?cid=4063721524965730525&g_mp=Cidnb29nbGUubWFwcy5wbGFjZXMudjEuUGxhY2VzLlNlYXJjaFRleHQQAhgEIAA","51.451199599999995","-0.08571809999999999","3.9","28","OPERATIONAL"
"ChIJw_Jr1PgDdkgRV7U9k29JhwY","The Dulwich Trader","Fashion & Apparel","Fashion & Apparel","Department store","9-11 Croxted Rd, London","SE21 8SZ","SE21","Dulwich","London","+44 20 8761 3457","http://www.rigbyandmac.com/thedulwichtrader","","","","https://maps.google.com/?cid=470425429643998551&g_mp=Cidnb29nbGUubWFwcy5wbGFjZXMudjEuUGxhY2VzLlNlYXJjaFRleHQQAhgEIAA","51.4363393","-0.0907905","4.3","57","OPERATIONAL"
"ChIJfRJrFVYFdkgRJp3XCwm2dl4","The Label Lab","Fashion & Apparel","Fashion & Apparel","Gift shop","64 Walkerscroft Mead, London","SE21 8LJ","SE21","Dulwich","London","+44 7765 612204","https://www.facebook.com/THE.LABEL.LAB.sephy/","","https://www.facebook.com/THE.LABEL.LAB.sephy/","","https://maps.google.com/?cid=6806828036786724134&g_mp=Cidnb29nbGUubWFwcy5wbGFjZXMudjEuUGxhY2VzLlNlYXJjaFRleHQQAhgEIAA","51.4410775","-0.094571","","","OPERATIONAL"
"ChIJwyx2K_kDdkgRFQXJn_hElT8","Thomas Schoolwear","Fashion & Apparel","Fashion & Apparel","Clothing store","8 Croxted Rd, London","SE21 8SW","SE21","Dulwich","London","+44 20 8766 7400","http://www.thomasschoolwear.co.uk/","","","","https://maps.google.com/?cid=4581644030542677269&g_mp=Cidnb29nbGUubWFwcy5wbGFjZXMudjEuUGxhY2VzLlNlYXJjaFRleHQQAhgEIAA","51.436491399999994","-0.09022340000000001","4.8","40","OPERATIONAL"
"ChIJ1RFeq_MDdkgRWnrbVBEvvZk","Tomlinsons","Fashion & Apparel","Fashion & Apparel","Gift shop","89 Dulwich Village, London","SE21 7BJ","SE21","Dulwich","London","+44 20 8299 1260","http://www.rigbyandmac.com/tomlinsons","","","","https://maps.google.com/?cid=11078062409885907546&g_mp=Cidnb29nbGUubWFwcy5wbGFjZXMudjEuUGxhY2VzLlNlYXJjaFRleHQQAhgEIAA","51.449035099999996","-0.08499949999999999","4.2","17","OPERATIONAL"
"ChIJ9zYDQgcEdkgR9QNoaHQYqxY","Wigwam","Fashion & Apparel","Fashion & Apparel","Toy store","109 Rosendale Rd, London","SE21 8EZ","SE21","Dulwich","London","+44 20 8676 4815","http://www.wigwamfamily.co.uk/","","","","https://maps.google.com/?cid=1633426178098856949&g_mp=Cidnb29nbGUubWFwcy5wbGFjZXMudjEuUGxhY2VzLlNlYXJjaFRleHQQAhgEIAA","51.437416199999994","-0.0949578","4.8","35","OPERATIONAL"
"ChIJxS4dvmIDdkgR2_Sa5Ikgaqo","You Fits You","Fashion & Apparel","Fashion & Apparel","Store","9A Rosendale Rd, London","SE21 8DS","SE21","Dulwich","London","","","","","","https://maps.google.com/?cid=12279663110597047515&g_mp=Cidnb29nbGUubWFwcy5wbGFjZXMudjEuUGxhY2VzLlNlYXJjaFRleHQQAhgEIAA","51.4329761","-0.0927872","","","OPERATIONAL"
"ChIJpUB6kjcFdkgRyWpxNVtsg04","BLRTB","Fashion & Apparel","Fashion & Apparel","Clothing store","1 Casino Ave, Red Post Hl, London","SE24 9PR","SE24","Herne Hill","London","+44 7957 161382","https://blrempiremusicelabel.myshopify.com/","","","","https://maps.google.com/?cid=5657484695901924041&g_mp=Cidnb29nbGUubWFwcy5wbGFjZXMudjEuUGxhY2VzLlNlYXJjaFRleHQQAhgEIAA","51.4583006","-0.0946447","","","OPERATIONAL"
"ChIJ1dYpnpkFdkgR4ORM99di7FA","Brixton Shoe Works","Fashion & Apparel","Fashion & Apparel","Services","129A Railton Rd, London","SE24 0LT","SE24","Herne Hill","London","+44 7498 170701","","","","","https://maps.google.com/?cid=5831144297244452064&g_mp=Cidnb29nbGUubWFwcy5wbGFjZXMudjEuUGxhY2VzLlNlYXJjaFRleHQQAhgEIAA","51.4574564","-0.1071824","","","OPERATIONAL"
"ChIJMbFoacQFdkgReKzUs9DYqSE","Brothers Green Vintage","Fashion & Apparel","Fashion & Apparel","Clothing store","4 Half Moon Ln, London","SE24 9HU","SE24","Herne Hill","London","","https://brothersgreenuk.com/","","","","https://maps.google.com/?cid=2425708265197579384&g_mp=Cidnb29nbGUubWFwcy5wbGFjZXMudjEuUGxhY2VzLlNlYXJjaFRleHQQAhgEIAA","51.452655899999996","-0.1011131","5","11","OPERATIONAL"
"ChIJEwI0NyIFdkgRqXe3QbLVkDI","Death By Teak","Fashion & Apparel","Fashion & Apparel","Home goods store","Giant Arches Rd, London","SE24 9HP","SE24","Herne Hill","London","+44 7808 175415","https://deathbyteak.co.uk/","","","","https://maps.google.com/?cid=3643647060126169001&g_mp=Cidnb29nbGUubWFwcy5wbGFjZXMudjEuUGxhY2VzLlNlYXJjaFRleHQQAhgEIAA","51.449692899999995","-0.09606289999999999","5","8","OPERATIONAL"
"ChIJndCqJnMEdkgRayPu2ZYJc0w","Dulwich Cobblers","Fashion & Apparel","Fashion & Apparel","Services","305 Railton Rd, London","SE24 0JN","SE24","Herne Hill","London","+44 20 7738 7951","http://www.dulwichcobblers.co.uk/","","","","https://maps.google.com/?cid=5508757312710255467&g_mp=Cidnb29nbGUubWFwcy5wbGFjZXMudjEuUGxhY2VzLlNlYXJjaFRleHQQAhgEIAA","51.4529316","-0.1020727","4.9","69","OPERATIONAL"
"ChIJa-_hQnMEdkgRPxgMtC1-VDI","DUO Dance","Fashion & Apparel","Fashion & Apparel","Sporting goods store","11 Half Moon Ln, London","SE24 9JU","SE24","Herne Hill","London","+44 20 7274 4517","http://www.duodance.co.uk/","","","","https://maps.google.com/?cid=3626662334699411519&g_mp=Cidnb29nbGUubWFwcy5wbGFjZXMudjEuUGxhY2VzLlNlYXJjaFRleHQQAhgEIAA","51.4531026","-0.10038169999999999","4.9","110","OPERATIONAL"
"ChIJR5tglT0FdkgRhTmt_14uluo","Forget Me Not And Green","Fashion & Apparel","Fashion & Apparel","Gift shop","19 Norwood Rd, London","SE24 9AA","SE24","Herne Hill","London","+44 20 8090 3744","http://www.forgetmenotandgreen.com/","","","","https://maps.google.com/?cid=16903749236933081477&g_mp=Cidnb29nbGUubWFwcy5wbGFjZXMudjEuUGxhY2VzLlNlYXJjaFRleHQQAhgEIAA","51.452094599999995","-0.1012276","5","18","OPERATIONAL"
"ChIJScCBJnMEdkgRx6DQL37Cxx4","Herne Hill Market","Fashion & Apparel","Fashion & Apparel","Farmers' market","Railton Rd, London","SE24 0JN","SE24","Herne Hill","London","+44 20 8293 6436","https://www.weareccfm.com/our-markets/herne-hill/","","","","https://maps.google.com/?cid=2217955188727128263&g_mp=Cidnb29nbGUubWFwcy5wbGFjZXMudjEuUGxhY2VzLlNlYXJjaFRleHQQAhgEIAA","51.452575100000004","-0.1017366","4.5","942","OPERATIONAL"
"ChIJRe_JFnMEdkgR1w5V8HNXyOM","Herne Hill Sports - Running, Tennis and Racket Stringing Specialists","Fashion & Apparel","Fashion & Apparel","Sporting goods store","134A Herne Hill, London","SE24 9QH","SE24","Herne Hill","London","+44 20 7326 5050","https://hernehillsports.co.uk/","","","","https://maps.google.com/?cid=16413464997416734423&g_mp=Cidnb29nbGUubWFwcy5wbGFjZXMudjEuUGxhY2VzLlNlYXJjaFRleHQQAhgEIAA","51.453206699999996","-0.10127549999999999","4.5","96","OPERATIONAL"
"ChIJDSghIHMEdkgRNATz-CF8MVg","Jo's House","Fashion & Apparel","Fashion & Apparel","Home goods store","299 Railton Rd, London","SE24 0JN","SE24","Herne Hill","London","+44 20 7733 8080","https://joshouse.co.uk/","","","","https://maps.google.com/?cid=6354997034548921396&g_mp=Cidnb29nbGUubWFwcy5wbGFjZXMudjEuUGxhY2VzLlNlYXJjaFRleHQQAhgEIAA","51.453114199999995","-0.10233539999999999","4.8","19","OPERATIONAL"
"ChIJhVH6cd4FdkgRyia2Nx3pbsI","Lark Herne Hill","Fashion & Apparel","Fashion & Apparel","Gift shop","317 Railton Rd, London","SE24 0JN","SE24","Herne Hill","London","+44 20 7737 6599","https://www.larklondon.com/","","","","https://maps.google.com/?cid=14010391802494199498&g_mp=Cidnb29nbGUubWFwcy5wbGFjZXMudjEuUGxhY2VzLlNlYXJjaFRleHQQAhgEIAA","51.452752","-0.1017705","4.8","103","OPERATIONAL"
"ChIJNwx2DmgEdkgRLNAnaQcbmzg","Lowie","Fashion & Apparel","Fashion & Apparel","Women's clothing store","18 Half Moon Ln, London","SE24 9HU","SE24","Herne Hill","London","+44 20 7737 3310","http://ilovelowie.com/","","","","https://maps.google.com/?cid=4078883606157053996&g_mp=Cidnb29nbGUubWFwcy5wbGFjZXMudjEuUGxhY2VzLlNlYXJjaFRleHQQAhgEIAA","51.452884999999995","-0.1002537","4.7","61","OPERATIONAL"
"ChIJoydiJHMEdkgRD1f7xwiGlFo","Morbleu","Fashion & Apparel","Fashion & Apparel","Furniture store","135 Dulwich Rd, London","SE24 0NG","SE24","Herne Hill","London","+44 7958 673703","https://www.bleufurniture.com/","","","","https://maps.google.com/?cid=6526989132239689487&g_mp=Cidnb29nbGUubWFwcy5wbGFjZXMudjEuUGxhY2VzLlNlYXJjaFRleHQQAhgEIAA","51.452672899999996","-0.1027664","4.6","24","OPERATIONAL"
"ChIJ_bahPXMEdkgRObE1D207-rg","White Feather Boutique","Fashion & Apparel","Fashion & Apparel","Clothing store","294 Milkwood Rd, London","SE24 0EZ","SE24","Herne Hill","London","+44 20 7733 7220","http://www.whitefeatherboutique.co.uk/","","","","https://maps.google.com/?cid=13329031386749055289&g_mp=Cidnb29nbGUubWFwcy5wbGFjZXMudjEuUGxhY2VzLlNlYXJjaFRleHQQAhgEIAA","51.4528232","-0.10139039999999999","4","21","OPERATIONAL"
"ChIJx6-ZMPwFdkgRpQH2wZrR-DU","Wolfie Moon Child","Fashion & Apparel","Fashion & Apparel","Clothing store","253, London","SE24 0JE","SE24","Herne Hill","London","+44 7983 465235","","","","","https://maps.google.com/?cid=3889088740843717029&g_mp=Cidnb29nbGUubWFwcy5wbGFjZXMudjEuUGxhY2VzLlNlYXJjaFRleHQQAhgEIAA","51.4578516","-0.1026648","5","1","OPERATIONAL"
"ChIJ2dtjhBMFdkgRz9qoj3t6u-U","Boutiqueplus4u.com","Fashion & Apparel","Fashion & Apparel","Clothing store","Kennington Oval, London","SE11 5BX","SE11","Kennington / Oval","London","+44 7931 502286","https://boutiqueplus4u.com/","","","","https://maps.google.com/?cid=16553959526440164047&g_mp=Cidnb29nbGUubWFwcy5wbGFjZXMudjEuUGxhY2VzLlNlYXJjaFRleHQQAhgEIAA","51.483010400000005","-0.1157357","","","OPERATIONAL"
"ChIJ__-jyZkEdkgR7ixixrQFeAI","Fash' Folies Glamour Limited","Fashion & Apparel","Fashion & Apparel","Store","11, Fontenoy House, Kennington Ln, London","SE11 4RL","SE11","Kennington / Oval","London","","http://fashfoliesglamour.com/","","","","https://maps.google.com/?cid=177898459261709550&g_mp=Cidnb29nbGUubWFwcy5wbGFjZXMudjEuUGxhY2VzLlNlYXJjaFRleHQQAhgEIAA","51.4908807","-0.10428749999999999","","","OPERATIONAL"
"ChIJo9l3jesFdkgRKChwYiGtvqM","Inmysize.store","Fashion & Apparel","Fashion & Apparel","Women's clothing store","Flat 19, Kennington Oval, London","SE11 5BU","SE11","Kennington / Oval","London","+44 20 7735 4114","https://www.inmysize.store/","","","","https://maps.google.com/?cid=11799058432654321704&g_mp=Cidnb29nbGUubWFwcy5wbGFjZXMudjEuUGxhY2VzLlNlYXJjaFRleHQQAhgEIAA","51.4841791","-0.11325690000000001","","","OPERATIONAL"
"ChIJYR2ouY0EdkgRia9eeMNAblM","Oval Shoe Repairs & Key Cutting","Fashion & Apparel","Fashion & Apparel","Locksmith","310 Kennington Park Rd, London","SE11 4PP","SE11","Kennington / Oval","London","","","","","","https://maps.google.com/?cid=6011813760868462473&g_mp=Cidnb29nbGUubWFwcy5wbGFjZXMudjEuUGxhY2VzLlNlYXJjaFRleHQQAhgEIAA","51.4819085","-0.11261270000000001","4.9","325","OPERATIONAL"
"ChIJza4NUUwFdkgRYqGCCYOkIwc","Prime Picks Trade Limited","Fashion & Apparel","Fashion & Apparel","Clothing store","353 Kennington Ln, London","SE11 5QY","SE11","Kennington / Oval","London","+44 7425 764634","","","","","https://maps.google.com/?cid=514435665157595490&g_mp=Cidnb29nbGUubWFwcy5wbGFjZXMudjEuUGxhY2VzLlNlYXJjaFRleHQQAhgEIAA","51.486308799999996","-0.1195353","","","OPERATIONAL"
"ChIJ0VWrWevUqQgRF4-TSnkg9Oc","Story Clothing","Fashion & Apparel","Fashion & Apparel","Women's clothing store","53 Station Way, Cheam, Sutton","SM3 8SD","SM3","Kennington / Oval","Sutton","","https://www.storyclothing.co.uk/","","","","https://maps.google.com/?cid=16714019822393069335&g_mp=Cidnb29nbGUubWFwcy5wbGFjZXMudjEuUGxhY2VzLlNlYXJjaFRleHQQAhgEIAA","51.356749","-0.2159837","5","21","OPERATIONAL"
"ChIJAd-Jcb0FdkgR_QlSTVza-Po","Sylvie's Timeless fashion","Fashion & Apparel","Fashion & Apparel","Market","Flat 16, Kennington Rd, London","SE11 6NJ","SE11","Kennington / Oval","London","+44 7753 360284","","","","","https://maps.google.com/?cid=18084444393675295229&g_mp=Cidnb29nbGUubWFwcy5wbGFjZXMudjEuUGxhY2VzLlNlYXJjaFRleHQQAhgEIAA","51.4977587","-0.1123152","","","OPERATIONAL"
"ChIJ04cPAigEdkgRAlsfl-_7YOY","All Aboard Shops","Fashion & Apparel","Fashion & Apparel","Thrift store","83 Streatham High Rd, London","SW16 1PH","SW16","Streatham","London","+44 20 8769 9410","http://www.allaboardshops.com/","","","","https://maps.google.com/?cid=16600545232938818306&g_mp=Cidnb29nbGUubWFwcy5wbGFjZXMudjEuUGxhY2VzLlNlYXJjaFRleHQQAhgEIAA","51.4309077","-0.1292075","4.3","38","OPERATIONAL"
"ChIJ34APlYIGdkgRZgq2vu5QgsI","Anfani Fashions","Fashion & Apparel","Fashion & Apparel","Clothing store","129 Streatham High Rd, London","SW16 1HS","SW16","Streatham","London","+44 7483 409059","","","","","https://maps.google.com/?cid=14015853976662444646&g_mp=Cidnb29nbGUubWFwcy5wbGFjZXMudjEuUGxhY2VzLlNlYXJjaFRleHQQAhgEIAA","51.4296538","-0.1302691","5","3","OPERATIONAL"
"ChIJOTW1vZgFdkgRI4NgF8THLac","BeJustFab1 Limited","Fashion & Apparel","Fashion & Apparel","Home goods store","Unit 7, Streatham Mall, 156 Streatham High Rd, London","SW16 1BJ","SW16","Streatham","London","+44 7803 713633","","","","","https://maps.google.com/?cid=12046504223305663267&g_mp=Cidnb29nbGUubWFwcy5wbGFjZXMudjEuUGxhY2VzLlNlYXJjaFRleHQQAhgEIAA","51.4329593","-0.1289359","3.7","3","OPERATIONAL"
"ChIJQ7LY0rsFdkgRRfgx5Uh25BM","Belles Mains Couture","Fashion & Apparel","Fashion & Apparel","tailor","Streatham Ct., Streatham High Rd, London","SW16 1DL","SW16","Streatham","London","+44 7475 590912","https://www.bellesmainscouture.co.uk/","","","","https://maps.google.com/?cid=1433400636865640517&g_mp=Cidnb29nbGUubWFwcy5wbGFjZXMudjEuUGxhY2VzLlNlYXJjaFRleHQQAhgEIAA","51.436172299999996","-0.1284534","5","1","OPERATIONAL"
"ChIJ5XgiAigEdkgRJAml5-Rg4AI","Clique","Fashion & Apparel","Fashion & Apparel","Clothing store","81 Streatham High Rd, London","SW16 1PH","SW16","Streatham","London","","https://cliquekara.com/","","","","https://maps.google.com/?cid=207272119114205476&g_mp=Cidnb29nbGUubWFwcy5wbGFjZXMudjEuUGxhY2VzLlNlYXJjaFRleHQQAhgEIAA","51.4309617","-0.1292112","4.8","73","OPERATIONAL"
"ChIJzY3zvYIGdkgR7LrNJNqweso","Danny's Shoe Repairs and Key Cutting Service (Situated within the launderette)","Fashion & Apparel","Fashion & Apparel","Services","117 Streatham High Rd, London","SW16 1HJ","SW16","Streatham","London","+44 7796 246869","","","","","https://maps.google.com/?cid=14590168393786964716&g_mp=Cidnb29nbGUubWFwcy5wbGFjZXMudjEuUGxhY2VzLlNlYXJjaFRleHQQAhgEIAA","51.429904699999994","-0.1300783","4.8","43","OPERATIONAL"
"ChIJ15ljd6IHdkgRSTCw8l4Jnbk","Deka's Boutique","Fashion & Apparel","Fashion & Apparel","Clothing store","310 Streatham High Rd, London","SW16 6HG","SW16","Streatham","London","","","","","","https://maps.google.com/?cid=13374856771763449929&g_mp=Cidnb29nbGUubWFwcy5wbGFjZXMudjEuUGxhY2VzLlNlYXJjaFRleHQQAhgEIAA","51.427572999999995","-0.13133039999999999","5","1","OPERATIONAL"
"ChIJg_S5dZMGdkgRAV2wNUK95_c","Design By Crime","Fashion & Apparel","Fashion & Apparel","Clothing store","House (Suite11, Sunnyhill, 3 - 7 Sunnyhill Rd, London","SW16 2UG","SW16","Streatham","London","+44 7944 779900","http://designbycrime.com/","","","","https://maps.google.com/?cid=17863454539054603521&g_mp=Cidnb29nbGUubWFwcy5wbGFjZXMudjEuUGxhY2VzLlNlYXJjaFRleHQQAhgEIAA","51.430732199999994","-0.1288036","5","19","OPERATIONAL"
"ChIJ95PWROMHdkgRC3NT95hok3c","F&F Clothing","Fashion & Apparel","Fashion & Apparel","Clothing store","384 Streatham High Rd, London","SW16 6HP","SW16","Streatham","London","+44 345 610 2912","https://www.tesco.com/store-locator/london/384-streatham-high-road/f-f-clothing?sc_cmp=ref*yg*stc*4342&utm_source=yext_google&utm_campaign=local_f-f_England&utm_medium=organic","","","","https://maps.google.com/?cid=8616345518283649803&g_mp=Cidnb29nbGUubWFwcy5wbGFjZXMudjEuUGxhY2VzLlNlYXJjaFRleHQQAhgEIAA","51.4247474","-0.130903","","","OPERATIONAL"
"ChIJW3Pm-oIGdkgRjhnhoGN4Y-o","Forum Safety","Fashion & Apparel","Fashion & Apparel","Clothing store","276 Streatham High Rd, London","SW16 6HE","SW16","Streatham","London","+44 7944 497071","http://www.forumsafety.com/","","","","https://maps.google.com/?cid=16889475396865694094&g_mp=Cidnb29nbGUubWFwcy5wbGFjZXMudjEuUGxhY2VzLlNlYXJjaFRleHQQAhgEIAA","51.428816499999996","-0.1312527","3.7","41","OPERATIONAL"
"ChIJMzSBEZkGdkgRJlM2io1IAEc","Gilly Gray","Fashion & Apparel","Fashion & Apparel","Clothing store","2 Minehead Rd, London","SW16 2AW","SW16","Streatham","London","+44 7985 685897","http://www.gillygray.com/","","","","https://maps.google.com/?cid=5116168949439288102&g_mp=Cidnb29nbGUubWFwcy5wbGFjZXMudjEuUGxhY2VzLlNlYXJjaFRleHQQAhgEIAA","51.4235933","-0.1216205","5","13","OPERATIONAL"
"ChIJpdb2z4gGdkgRIXDA8LXxDi4","Gorny Shoe Repairs & Locksmiths","Fashion & Apparel","Fashion & Apparel","Services","2 Station approach, London","SW16 5NR","SW16","Streatham","London","+44 20 8677 2919","","","","","https://maps.google.com/?cid=3318855739149152289&g_mp=Cidnb29nbGUubWFwcy5wbGFjZXMudjEuUGxhY2VzLlNlYXJjaFRleHQQAhgEIAA","51.4184834","-0.1352494","3.7","20","OPERATIONAL"
"ChIJdz7i0aoHdkgRPHH9qvJnZkk","Haute couture boutique","Fashion & Apparel","Fashion & Apparel","Beauty salon","1587 London Rd, London","SW16 4AA","SW16","Streatham","London","+44 20 8239 1553","","","","","https://maps.google.com/?cid=5289029104341709116&g_mp=Cidnb29nbGUubWFwcy5wbGFjZXMudjEuUGxhY2VzLlNlYXJjaFRleHQQAhgEIAA","51.4130196","-0.12443539999999999","4.7","120","OPERATIONAL"
"ChIJN0C9QYUGdkgRH7uEhPyqmvM","Inches 2 Feet","Fashion & Apparel","Fashion & Apparel","Clothing store","526, Greyhound Ln, London","SW16 5NL","SW16","Streatham","London","+44 7921 589914","","","","","https://maps.google.com/?cid=17553530499161701151&g_mp=Cidnb29nbGUubWFwcy5wbGFjZXMudjEuUGxhY2VzLlNlYXJjaFRleHQQAhgEIAA","51.4214583","-0.1301311","1","1","OPERATIONAL"
"ChIJ50BwHukFdkgRl9QUXrQPWiw","iShine Dry Cleaners","Fashion & Apparel","Fashion & Apparel","Laundry","11, Leigham Hall Parade, Streatham High Rd, London","SW16 1DR","SW16","Streatham","London","+44 20 8769 2606","https://ishinedrycleaners.com/","","","","https://maps.google.com/?cid=3195884152919741591&g_mp=Cidnb29nbGUubWFwcy5wbGFjZXMudjEuUGxhY2VzLlNlYXJjaFRleHQQAhgEIAA","51.435573","-0.1277806","4.8","374","OPERATIONAL"
"ChIJhf2QqYIGdkgRlO0h2eJLDyI","Jeans Corner London","Fashion & Apparel","Fashion & Apparel","Clothing store","89 Streatham High Rd, London","SW16 1PH","SW16","Streatham","London","+44 20 8677 0555","http://www.jeanscorner.co.uk/","","","","https://maps.google.com/?cid=2454263759617781140&g_mp=Cidnb29nbGUubWFwcy5wbGFjZXMudjEuUGxhY2VzLlNlYXJjaFRleHQQAhgEIAA","51.4307716","-0.1292968","4.5","33","OPERATIONAL"
"ChIJ-81uZAYHdkgRGqg5ynsGgHY","Jobie","Fashion & Apparel","Fashion & Apparel","Clothing store","72 Sunnyhill Rd, London","SW16 2UL","SW16","Streatham","London","+44 7976 918481","https://jobie-1.ueniweb.com/","","","","https://maps.google.com/?cid=8538832022237980698&g_mp=Cidnb29nbGUubWFwcy5wbGFjZXMudjEuUGxhY2VzLlNlYXJjaFRleHQQAhgEIAA","51.4298394","-0.1260478","","","OPERATIONAL"
"ChIJfbDKCoMGdkgR-H_YvN0UftI","Kantuta","Fashion & Apparel","Fashion & Apparel","Furniture store","Gleneagle Court, 1D Gleneagle Rd, London","SW16 6AX","SW16","Streatham","London","+44 7882 968872","","","","","https://maps.google.com/?cid=15167583537619042296&g_mp=Cidnb29nbGUubWFwcy5wbGFjZXMudjEuUGxhY2VzLlNlYXJjaFRleHQQAhgEIAA","51.4269664","-0.13168549999999998","5","5","OPERATIONAL"
"ChIJmX2mLiYEdkgR5KcI-mTuJhs","Kara","Fashion & Apparel","Fashion & Apparel","Women's clothing store","128 Streatham High Rd, London","SW16 1BW","SW16","Streatham","London","+44 20 8769 6667","","","","","https://maps.google.com/?cid=1956513205598070756&g_mp=Cidnb29nbGUubWFwcy5wbGFjZXMudjEuUGxhY2VzLlNlYXJjaFRleHQQAhgEIAA","51.433873","-0.12853599999999998","4","22","OPERATIONAL"
"ChIJZdjsIXwHdkgR7Rj2CoaYNgQ","Lady Boutique Ltd","Fashion & Apparel","Fashion & Apparel","Women's clothing store","1457A London Rd, London","SW16 4AQ","SW16","Streatham","London","+44 7414 756111","","","","","https://maps.google.com/?cid=303597726371027181&g_mp=Cidnb29nbGUubWFwcy5wbGFjZXMudjEuUGxhY2VzLlNlYXJjaFRleHQQAhgEIAA","51.4099937","-0.12267009999999999","","","OPERATIONAL"
"ChIJTQ4XbWQFdkgRSlNyRkfly5o","Lark Streatham","Fashion & Apparel","Fashion & Apparel","Gift shop","25, The High, London","SW16 1EX","SW16","Streatham","London","+44 20 8769 5636","http://www.larklondon.com/","","","","https://maps.google.com/?cid=11154260996400501578&g_mp=Cidnb29nbGUubWFwcy5wbGFjZXMudjEuUGxhY2VzLlNlYXJjaFRleHQQAhgEIAA","51.43372","-0.12799910000000003","4.9","106","OPERATIONAL"
"ChIJ_buYo0gHdkgRL0qSNrJrw4g","Lucknawi","Fashion & Apparel","Fashion & Apparel","Clothing store","31 Streatham Vale, London","SW16 5SF","SW16","Streatham","London","+44 7838 339681","https://lucknawi.uk/","","","","https://maps.google.com/?cid=9854838822780684847&g_mp=Cidnb29nbGUubWFwcy5wbGFjZXMudjEuUGxhY2VzLlNlYXJjaFRleHQQAhgEIAA","51.41709110000001","-0.13698069999999998","4.3","8","OPERATIONAL"
"ChIJhf5vl44HdkgRsvVBihzle4g","Norbury Shoe Repairs","Fashion & Apparel","Fashion & Apparel","Services","1b St Helen's Rd, London","SW16 4LG","SW16","Streatham","London","+44 20 8679 4083","","","","","https://maps.google.com/?cid=9834706122035033522&g_mp=Cidnb29nbGUubWFwcy5wbGFjZXMudjEuUGxhY2VzLlNlYXJjaFRleHQQAhgEIAA","51.409576400000006","-0.12201530000000001","5","1","OPERATIONAL"
"ChIJD7iYPjYbdkgRTiZc1IQ3wBs","Number Six","Fashion & Apparel","Fashion & Apparel","Clothing store","Number Six, 1A Kempshott Rd, London","SW16 5LG","SW16","Streatham","London","+44 20 7193 9140","https://www.numbersixlondon.com/","","","","https://maps.google.com/?cid=1999659278190519886&g_mp=Cidnb29nbGUubWFwcy5wbGFjZXMudjEuUGxhY2VzLlNlYXJjaFRleHQQAhgEIAA","51.418380799999994","-0.1277045","4.3","159","OPERATIONAL"
"ChIJPxTBuSUEdkgRGNBpqQKpFtg","ODAK","Fashion & Apparel","Fashion & Apparel","Manufacturer","Streatleigh Parade, Streatham High Rd, London","SW16 1EQ","SW16","Streatham","London","+44 20 8677 1177","http://www.odak.co.uk/","","","","https://maps.google.com/?cid=15570818590577381400&g_mp=Cidnb29nbGUubWFwcy5wbGFjZXMudjEuUGxhY2VzLlNlYXJjaFRleHQQAhgEIAA","51.438055299999995","-0.1271148","4.5","76","OPERATIONAL"
"ChIJu0FqHCgEdkgRPYS9Fd8BzII","Peacocks","Fashion & Apparel","Fashion & Apparel","Clothing store","Units 2 & 3, The Barn Cross Hayes, 210/224 Streatham High Rd, London","SW16 1BB","SW16","Streatham","London","+44 20 8677 8684","http://www.peacocks.co.uk/","","","","https://maps.google.com/?cid=9424910177833681981&g_mp=Cidnb29nbGUubWFwcy5wbGFjZXMudjEuUGxhY2VzLlNlYXJjaFRleHQQAhgEIAA","51.431205999999996","-0.12960439999999998","4.1","59","OPERATIONAL"
"ChIJFQAoeSgEdkgRslFYjzjG22w","Pep & Co","Fashion & Apparel","Fashion & Apparel","Clothing store","John Kirk House, 148 Streatham High Rd, London","SW16 1DF","SW16","Streatham","London","+44 121 526 8344","http://www.pepandco.com/","","","","https://maps.google.com/?cid=7844081122221248946&g_mp=Cidnb29nbGUubWFwcy5wbGFjZXMudjEuUGxhY2VzLlNlYXJjaFRleHQQAhgEIAA","51.433143400000006","-0.1290091","4.2","9","OPERATIONAL"
"ChIJwS2miJsFdkgRbzmAhDljP6c","PREMIER COLLECTIONS","Fashion & Apparel","Fashion & Apparel","Home goods store","NEXT TO WESTBURY CHEMIST, OPPOSITE NANDOS RESTAURANT, 98 Streatham High Rd, London","SW16 1BS","SW16","Streatham","London","+44 20 8769 7140","https://www.premiercollections-london.co.uk/","","","","https://maps.google.com/?cid=12051460226554018159&g_mp=Cidnb29nbGUubWFwcy5wbGFjZXMudjEuUGxhY2VzLlNlYXJjaFRleHQQAhgEIAA","51.4349232","-0.1285004","4.4","5","OPERATIONAL"
"ChIJJTt1vOEHdkgRDCGUY1o6d4I","Ransity Footwear","Fashion & Apparel","Fashion & Apparel","Shoe store","Pier House, Sandy Ln, Mitcham","CR4 2HD","CR4","Streatham","Mitcham","+44 7534 009166","https://www.depop.com/ransityfootwear/","","","","https://maps.google.com/?cid=9401046907051319564&g_mp=Cidnb29nbGUubWFwcy5wbGFjZXMudjEuUGxhY2VzLlNlYXJjaFRleHQQAhgEIAA","51.4111824","-0.1559729","5","5","OPERATIONAL"
"ChIJAdwmza0HdkgRBHLwllcBMI8","Shama Styles UK","Fashion & Apparel","Fashion & Apparel","Clothing store","Stanford Rd, London","SW16 4QA","SW16","Streatham","London","+44 7947 790261","https://www.facebook.com/Shama-Styles-UK-108766227663315/","","https://www.facebook.com/Shama-Styles-UK-108766227663315/","","https://maps.google.com/?cid=10317748222011929092&g_mp=Cidnb29nbGUubWFwcy5wbGFjZXMudjEuUGxhY2VzLlNlYXJjaFRleHQQAhgEIAA","51.408862500000005","-0.1300493","5","7","OPERATIONAL"
"ChIJfwioR90FdkgRhWCM_7iXiD0","Shop from Crisis, Streatham","Fashion & Apparel","Fashion & Apparel","Thrift store","162 Streatham High Rd, London","SW16 1BJ","SW16","Streatham","London","+44 20 4546 8334","https://www.crisis.org.uk/get-involved/find-our-charity-shops/streatham/","","","","https://maps.google.com/?cid=4433960653963419781&g_mp=Cidnb29nbGUubWFwcy5wbGFjZXMudjEuUGxhY2VzLlNlYXJjaFRleHQQAhgEIAA","51.4328047","-0.1290874","5","9","OPERATIONAL"
"ChIJSS914SUEdkgRhPdl28tebco","St Christopher's","Fashion & Apparel","Fashion & Apparel","Thrift store","23 Streatham High Rd, London","SW16 1DS","SW16","Streatham","London","+44 20 8769 9084","https://www.stchristophers.org.uk/","","","","https://maps.google.com/?cid=14586418997775169412&g_mp=Cidnb29nbGUubWFwcy5wbGFjZXMudjEuUGxhY2VzLlNlYXJjaFRleHQQAhgEIAA","51.436312099999995","-0.127581","4.2","9","OPERATIONAL"
"ChIJwVSWyuYHdkgRqN359txju1s","Streatham Skate Shop","Fashion & Apparel","Fashion & Apparel","Sporting goods store","390 Streatham High Rd, London","SW16 6HX","SW16","Streatham","London","+44 20 3441 1311","https://www.skatebooth.co.uk/","","","","https://maps.google.com/?cid=6609986678783860136&g_mp=Cidnb29nbGUubWFwcy5wbGFjZXMudjEuUGxhY2VzLlNlYXJjaFRleHQQAhgEIAA","51.4237489","-0.13125520000000002","4.9","233","OPERATIONAL"
"ChIJkaAxcBYHdkgRG31JZHbOzmk","Supersonic Clothing LDN","Fashion & Apparel","Fashion & Apparel","Clothing store","5 Gleneldon Rd, London","SW16 2AX","SW16","Streatham","London","+44 7481 700736","","","","","https://maps.google.com/?cid=7624258227068828955&g_mp=Cidnb29nbGUubWFwcy5wbGFjZXMudjEuUGxhY2VzLlNlYXJjaFRleHQQAhgEIAA","51.4293601","-0.13033409999999998","5","1","OPERATIONAL"
"ChIJadFtgoQGdkgRryFd8a4reUg","Timpson","Fashion & Apparel","Fashion & Apparel","Services","Tesco, Streatham High Rd, London","SW16 6HW","SW16","Streatham","London","+44 20 8769 7976","https://www.timpson.co.uk/stores/streatham-tesco-1/","","","","https://maps.google.com/?cid=5222253273286517167&g_mp=Cidnb29nbGUubWFwcy5wbGFjZXMudjEuUGxhY2VzLlNlYXJjaFRleHQQAhgEIAA","51.4246882","-0.1314098","4.2","130","OPERATIONAL"
"ChIJfZjhMiMHdkgR1hSe1ez768I","Top Moda","Fashion & Apparel","Fashion & Apparel","Women's clothing store","178 Abercairn Rd, London","SW16 5AQ","SW16","Streatham","London","","https://top-moda.ueniweb.com/?utm_campaign=gmb","","","","https://maps.google.com/?cid=14045596857499784406&g_mp=Cidnb29nbGUubWFwcy5wbGFjZXMudjEuUGxhY2VzLlNlYXJjaFRleHQQAhgEIAA","51.4156407","-0.143265","","","OPERATIONAL"
"ChIJwz9lMesGdkgRiwQrzb8-tog","YouGeeTheCobbler","Fashion & Apparel","Fashion & Apparel","Services","1A St Helen's Rd, London","SW16 4LG","SW16","Streatham","London","+44 20 3354 4625","","","","","https://maps.google.com/?cid=9851130228421362827&g_mp=Cidnb29nbGUubWFwcy5wbGFjZXMudjEuUGxhY2VzLlNlYXJjaFRleHQQAhgEIAA","51.409622399999996","-0.12189830000000001","4.9","53","OPERATIONAL"
"ChIJaV_QB_oEdkgR6s3Xs2oDIy8","Alexander Fashion","Fashion & Apparel","Fashion & Apparel","Clothing store","122 Wandsworth Rd, London","SW8 2LB","SW8","Vauxhall / Stockwell","London","","","","","","https://maps.google.com/?cid=3396562300786167274&g_mp=Cidnb29nbGUubWFwcy5wbGFjZXMudjEuUGxhY2VzLlNlYXJjaFRleHQQAhgEIAA","51.4787776","-0.12918069999999998","","","OPERATIONAL"
"ChIJld8RfI4FdkgR76pRTtpKNWc","ALO","Fashion & Apparel","Fashion & Apparel","Clothing store","The Power Station, Circus Rd W, London","SW8 5BN","SW8","Vauxhall / Stockwell","London","+44 20 4525 3121","https://www.aloyoga.com/?utm_source=extnet&utm_medium=yext","","","","https://maps.google.com/?cid=7436932661149543151&g_mp=Cidnb29nbGUubWFwcy5wbGFjZXMudjEuUGxhY2VzLlNlYXJjaFRleHQQAhgEIAA","51.481813499999994","-0.14446319999999999","4.8","44","OPERATIONAL"
"ChIJJWJBu74FdkgR9HsRpvsThZ0","Candy Culture London","Fashion & Apparel","Fashion & Apparel","Women's clothing store","459 Wandsworth Rd, London","SW8 4NX","SW8","Vauxhall / Stockwell","London","","","","","","https://maps.google.com/?cid=11350500407401085940&g_mp=Cidnb29nbGUubWFwcy5wbGFjZXMudjEuUGxhY2VzLlNlYXJjaFRleHQQAhgEIAA","51.4717277","-0.1355799","","","OPERATIONAL"
"ChIJmdDiKHUPdkgR9QrMOgW2vjc","Circa Vintage","Fashion & Apparel","Fashion & Apparel","Clothing store","87a Lansdowne Way, London","SW8 2PB","SW8","Vauxhall / Stockwell","London","+44 20 7736 5038","http://www.circavintage.com/","","","","https://maps.google.com/?cid=4016848051238603509&g_mp=Cidnb29nbGUubWFwcy5wbGFjZXMudjEuUGxhY2VzLlNlYXJjaFRleHQQAhgEIAA","51.474834699999995","-0.1286932","4.2","13","OPERATIONAL"
"ChIJRVqw1QYFdkgRRkbRpzLmdys","Design & Alter","Fashion & Apparel","Fashion & Apparel","Services","The Tramshed, 14 Ingate Pl, London","SW8 3NS","SW8","Vauxhall / Stockwell","London","+44 20 7498 4360","http://www.designandalter.com/","","","","https://maps.google.com/?cid=3132225171097732678&g_mp=Cidnb29nbGUubWFwcy5wbGFjZXMudjEuUGxhY2VzLlNlYXJjaFRleHQQAhgEIAA","51.47466670000001","-0.14544189999999999","4.4","157","OPERATIONAL"
"ChIJ_Vd-wa4FdkgRZSgRs9unlrY","Eclectica (Clapham)","Fashion & Apparel","Fashion & Apparel","Store","803 Wandsworth Rd, London","SW8 3JH","SW8","Vauxhall / Stockwell","London","+44 7940 555674","","","","","https://maps.google.com/?cid=13156887923453405285&g_mp=Cidnb29nbGUubWFwcy5wbGFjZXMudjEuUGxhY2VzLlNlYXJjaFRleHQQAhgEIAA","51.4665909","-0.1484671","4.9","39","OPERATIONAL"
"ChIJ3fRGqqUFdkgRAUtCZ7BGPw0","Levi's® London Battersea","Fashion & Apparel","Fashion & Apparel","Clothing store","Ground Floor, The Power Station, Circus Rd W, London","SW8 5BN","SW8","Vauxhall / Stockwell","London","+44 20 3376 0410","https://locations.levi.com/en-gb/gb-lnd/london/denim_london_gb-lnd_5456.html","","","","https://maps.google.com/?cid=954559369486420737&g_mp=Cidnb29nbGUubWFwcy5wbGFjZXMudjEuUGxhY2VzLlNlYXJjaFRleHQQAhgEIAA","51.4816589","-0.143732","4","40","OPERATIONAL"
"ChIJO5saDyIFdkgRxjtbYbSwTf4","Nine Elms Market","Fashion & Apparel","Fashion & Apparel","Market","Nine Elms Ln, London","SW8 5AL","SW8","Vauxhall / Stockwell","London","+44 1483 277640","","","","","https://maps.google.com/?cid=18324496747614387142&g_mp=Cidnb29nbGUubWFwcy5wbGFjZXMudjEuUGxhY2VzLlNlYXJjaFRleHQQAhgEIAA","51.478263999999996","-0.1343237","4.3","1414","OPERATIONAL"
"ChIJLfbYCcsFdkgRcunQC6wiS_Y","Reiss","Fashion & Apparel","Fashion & Apparel","Clothing store","unit g005b, Circus Rd W, London","SW8 5BN","SW8","Vauxhall / Stockwell","London","+44 20 3058 7165","https://www.reiss.com/storelocator/reissbatterseapowerstation/4264","","","","https://maps.google.com/?cid=17747316878911531378&g_mp=Cidnb29nbGUubWFwcy5wbGFjZXMudjEuUGxhY2VzLlNlYXJjaFRleHQQAhgEIAA","51.4819313","-0.145477","3.6","34","OPERATIONAL"
"ChIJb1oR_KgFdkgRNca1tOZgx-g","Shipton & Heneage Ltd","Fashion & Apparel","Fashion & Apparel","Shoe store","117 Queenstown Rd, London","SW8 3RH","SW8","Vauxhall / Stockwell","London","+44 20 7738 8484","http://www.shipton.com/","","","","https://maps.google.com/?cid=16773481881155257909&g_mp=Cidnb29nbGUubWFwcy5wbGFjZXMudjEuUGxhY2VzLlNlYXJjaFRleHQQAhgEIAA","51.469870099999994","-0.1498313","4.6","25","OPERATIONAL"
"ChIJNZu84nkFdkgRl0c87OxjRhM","Timpson","Fashion & Apparel","Fashion & Apparel","Services","62 Wandsworth Rd, London","SW8 2LF","SW8","Vauxhall / Stockwell","London","+44 20 4531 5781","https://www.timpson.co.uk/stores/nine-elms-sainsburys","","","","https://maps.google.com/?cid=1388907404317181847&g_mp=Cidnb29nbGUubWFwcy5wbGFjZXMudjEuUGxhY2VzLlNlYXJjaFRleHQQAhgEIAA","51.4809383","-0.1281647","4.2","47","OPERATIONAL"
"ChIJVY6CCRkFdkgR84o-H3grmKI","Zadig&Voltaire","Fashion & Apparel","Fashion & Apparel","Women's clothing store","Unit UG 013, R, Battersea power Station, Zadig&Voltaire, Cringle St, London","SW8 5BN","SW8","Vauxhall / Stockwell","London","+44 20 7627 2139","https://zadig-et-voltaire.com/?utm_medium=GMB&utm_source=Yext","","","","https://maps.google.com/?cid=11716162225524607731&g_mp=Cidnb29nbGUubWFwcy5wbGFjZXMudjEuUGxhY2VzLlNlYXJjaFRleHQQAhgEIAA","51.481721199999996","-0.1453419","4","11","OPERATIONAL"
"ChIJP1dGhowDdkgRT3PwdHY3BAQ","A.P.C. Surplus","Fashion & Apparel","Fashion & Apparel","Clothing store","13 Park St, London","SE1 9AB","SE1","Waterloo / South Bank","London","+44 20 7367 6227","https://www.apcstore.co.uk/?_mkpid=1881&_mkpd=UK&_mkpc=stores_UK&utm_source=gmb&utm_medium=retail&utm_campaign=stores_UK","","","","https://maps.google.com/?cid=289417257966138191&g_mp=Cidnb29nbGUubWFwcy5wbGFjZXMudjEuUGxhY2VzLlNlYXJjaFRleHQQAhgEIAA","51.505169900000006","-0.0919725","4.5","26","OPERATIONAL"
"ChIJf_WbwLkEdkgRrbI9_by01Og","Accessorize","Fashion & Apparel","Fashion & Apparel","Store","Unit 4 Cab Rd, Waterloo Station, London","SE1 8SW","SE1","Waterloo / South Bank","London","+44 20 7928 6049","https://www.accessorize.com/uk/stores/l/london/cab-road/4626870","","","","https://maps.google.com/?cid=16777233235657470637&g_mp=Cidnb29nbGUubWFwcy5wbGFjZXMudjEuUGxhY2VzLlNlYXJjaFRleHQQAhgEIAA","51.503173399999994","-0.1129992","4.4","59","OPERATIONAL"
"ChIJb_3eZVADdkgREbL_Ugjce_o","Accessorize","Fashion & Apparel","Fashion & Apparel","Store","London Bridge Station, Unit SU31, Concourse, London","SE1 3QX","SE1","Waterloo / South Bank","London","+44 20 7407 6507","https://www.accessorize.com/uk/stores/l/london/london-bridge-station/4626936","","","","https://maps.google.com/?cid=18049261859927732753&g_mp=Cidnb29nbGUubWFwcy5wbGFjZXMudjEuUGxhY2VzLlNlYXJjaFRleHQQAhgEIAA","51.504625","-0.08590819999999999","4.1","32","OPERATIONAL"
"ChIJnxkRCz6p2EcRwzXnlXAeQmg","AllSaints","Fashion & Apparel","Fashion & Apparel","Clothing store","Unit 22, Bridge Station, Western Arcade, London","SE1 9SP","SE1","Waterloo / South Bank","London","+44 20 8221 4850","https://www.allsaints.com/stores/UK708","","","","https://maps.google.com/?cid=7512600597307536835&g_mp=Cidnb29nbGUubWFwcy5wbGFjZXMudjEuUGxhY2VzLlNlYXJjaFRleHQQAhgEIAA","51.5041823","-0.0860671","4.2","12","OPERATIONAL"
"ChIJry9BylAFdkgRAa4Qc9FYX7A","Bankside Arches Boutique","Fashion & Apparel","Fashion & Apparel","Gift shop","Shop 1, South Terminal We are located inside the station, Blackfriars station, London","SE1 9JH","SE1","Waterloo / South Bank","London","+44 7463 236733","http://instagram.com/banksidearchesboutique","http://instagram.com/banksidearchesboutique","","","https://maps.google.com/?cid=12708974330064711169&g_mp=Cidnb29nbGUubWFwcy5wbGFjZXMudjEuUGxhY2VzLlNlYXJjaFRleHQQAhgEIAA","51.508523399999994","-0.10300859999999999","4.9","166","OPERATIONAL"
"ChIJh-JoFkMDdkgRC0BIhMjNw0g","Bermondsey Antique Market","Fashion & Apparel","Fashion & Apparel","Market","Bermondsey Sq, London","SE1 3UN","SE1","Waterloo / South Bank","London","+44 333 358 3688","https://bermondseyantiquemarket.co.uk/","","","","https://maps.google.com/?cid=5243260652285870091&g_mp=Cidnb29nbGUubWFwcy5wbGFjZXMudjEuUGxhY2VzLlNlYXJjaFRleHQQAhgEIAA","51.4975167","-0.08098999999999999","3.9","371","OPERATIONAL"
"ChIJUaFaan4DdkgRxOXPCiKIvtg","Borough Market Store","Fashion & Apparel","Fashion & Apparel","Market","Borough Market Store, 8 Southwark St, London","SE1 1TL","SE1","Waterloo / South Bank","London","","https://boroughmarket.org.uk/traders/the-borough-market-store/","","","","https://maps.google.com/?cid=15618070237559121348&g_mp=Cidnb29nbGUubWFwcy5wbGFjZXMudjEuUGxhY2VzLlNlYXJjaFRleHQQAhgEIAA","51.505246299999996","-0.08996309999999999","4.4","7","OPERATIONAL"
"ChIJC9i_CC4FdkgR8kOsIKqIot0","Carreducker","Fashion & Apparel","Fashion & Apparel","Shoe store","Unit 1.20, Oxo Tower Wharf Barge House Street, Carreducker, London","SE1 9PH","SE1","Waterloo / South Bank","London","+44 20 3051 2285","https://www.carreducker.com/","","","","https://maps.google.com/?cid=15970477492883178482&g_mp=Cidnb29nbGUubWFwcy5wbGFjZXMudjEuUGxhY2VzLlNlYXJjaFRleHQQAhgEIAA","51.5083463","-0.10827619999999999","5","1","OPERATIONAL"
"ChIJ0wFkodQEdkgRJTtmKtSboeE","Choose Love","Fashion & Apparel","Fashion & Apparel","Association / Organization","Thames House, Unit 206 Dirty Ln, London","SE1 9PA","SE1","Waterloo / South Bank","London","","http://choose.love/","","","","https://maps.google.com/?cid=16258447465330916133&g_mp=Cidnb29nbGUubWFwcy5wbGFjZXMudjEuUGxhY2VzLlNlYXJjaFRleHQQAhgEIAA","51.505651799999995","-0.09216619999999999","4.6","56","OPERATIONAL"
"ChIJmZyeK10DdkgRWZB5onXXHyg","City Cobbler","Fashion & Apparel","Fashion & Apparel","Services","86 Tower Bridge Rd, London","SE1 4TP","SE1","Waterloo / South Bank","London","+44 20 7740 1293","https://citycobbler.net/","","","","https://maps.google.com/?cid=2891266386032169049&g_mp=Cidnb29nbGUubWFwcy5wbGFjZXMudjEuUGxhY2VzLlNlYXJjaFRleHQQAhgEIAA","51.496328999999996","-0.0823009","4","130","OPERATIONAL"
"ChIJ-6qTmacEdkgRKv_OLXJ4PaU","Cobblers Nest","Fashion & Apparel","Fashion & Apparel","Services","76 Redcross Way, London","SE1 1HA","SE1","Waterloo / South Bank","London","+44 20 7357 9394","http://www.cobblersnest.com/","","","","https://maps.google.com/?cid=11906805421627604778&g_mp=Cidnb29nbGUubWFwcy5wbGFjZXMudjEuUGxhY2VzLlNlYXJjaFRleHQQAhgEIAA","51.5023303","-0.0949715","4.2","306","OPERATIONAL"
"ChIJX-E107cDdkgR6KstVglPSMU","Divine boutique london","Fashion & Apparel","Fashion & Apparel","Clothing store","263 Old Kent Rd, London","SE1 5LU","SE1","Waterloo / South Bank","London","+44 7950 206413","","","","","https://maps.google.com/?cid=14215699125314104296&g_mp=Cidnb29nbGUubWFwcy5wbGFjZXMudjEuUGxhY2VzLlNlYXJjaFRleHQQAhgEIAA","51.489471699999996","-0.07871299999999999","5","2","OPERATIONAL"
"ChIJSep40kQDdkgRPze1yPrhO9U","Fashion and Textile Museum","Fashion & Apparel","Fashion & Apparel","Art museum","83 Bermondsey St, London","SE1 3XF","SE1","Waterloo / South Bank","London","+44 20 7407 8664","https://fashiontextilemuseum.org/","","","","https://maps.google.com/?cid=15365123020929972031&g_mp=Cidnb29nbGUubWFwcy5wbGFjZXMudjEuUGxhY2VzLlNlYXJjaFRleHQQAhgEIAA","51.5011911","-0.0817456","4","395","OPERATIONAL"
"ChIJl3ftYkADdkgRF7E4O_h-ak8","FatFace","Fashion & Apparel","Fashion & Apparel","Clothing store","Bridge Station, Unit 18 Tooley St, Western Arcade, London","SE1 9SP","SE1","Waterloo / South Bank","London","+44 20 7407 9621","https://www.fatface.com/storelocator/londonbridge-fatface/5496","","","","https://maps.google.com/?cid=5722525881138196759&g_mp=Cidnb29nbGUubWFwcy5wbGFjZXMudjEuUGxhY2VzLlNlYXJjaFRleHQQAhgEIAA","51.504243599999995","-0.0848145","4.3","8","OPERATIONAL"
"ChIJ579i87kEdkgRTTaIk88YZys","FatFace","Fashion & Apparel","Fashion & Apparel","Clothing store","Waterloo Station, Unit 11-12 York Rd, The Balcony, London","SE1 7LY","SE1","Waterloo / South Bank","London","+44 20 7620 3044","https://www.fatface.com/storelocator/waterloostation-fatface/5968","","","","https://maps.google.com/?cid=3127495746044573261&g_mp=Cidnb29nbGUubWFwcy5wbGFjZXMudjEuUGxhY2VzLlNlYXJjaFRleHQQAhgEIAA","51.503169199999995","-0.11175149999999999","4.2","27","OPERATIONAL"
"ChIJA_AzonoDdkgRK6lu_e_v4TY","Funky Shoes","Fashion & Apparel","Fashion & Apparel","Shoe store","Flat 4, Lafone House, THE LEATHER MARKET, New Park Rd, London","SE1 4UT","SE1","Waterloo / South Bank","London","+44 7939 346593","https://funkyshoes-ltd.ueniweb.com/?utm_campaign=gmb","","","","https://maps.google.com/?cid=3954705761836116267&g_mp=Cidnb29nbGUubWFwcy5wbGFjZXMudjEuUGxhY2VzLlNlYXJjaFRleHQQAhgEIAA","51.5003384","-0.0842892","5","2","OPERATIONAL"
"ChIJxbqfCT4FdkgRec6-GjV_77k","Hartex","Fashion & Apparel","Fashion & Apparel","Clothing store","Unit 9, Gabriels Wharf, 56 Upper Ground, London","SE1 9PP","SE1","Waterloo / South Bank","London","","http://www.hartexfeelsgood.com/","","","","https://maps.google.com/?cid=13398067282509221497&g_mp=Cidnb29nbGUubWFwcy5wbGFjZXMudjEuUGxhY2VzLlNlYXJjaFRleHQQAhgEIAA","51.5078891","-0.1103622","4.5","91","OPERATIONAL"
"ChIJF_gtIrEEdkgRANVGE6gH3Ew","Heads Rule Hearts","Fashion & Apparel","Fashion & Apparel","Women's clothing store","Unit 8, Gabriels Wharf, 56 Upper Ground, London","SE1 9PP","SE1","Waterloo / South Bank","London","+44 20 7928 1122","","","","","https://maps.google.com/?cid=5538310060218176768&g_mp=Cidnb29nbGUubWFwcy5wbGFjZXMudjEuUGxhY2VzLlNlYXJjaFRleHQQAhgEIAA","51.5074356","-0.1101874","5","2","OPERATIONAL"
"ChIJR6Np1LsEdkgRF7ipCZ6gHZM","Honour Clothing","Fashion & Apparel","Fashion & Apparel","Clothing store","86 Lower Marsh, London","SE1 7AB","SE1","Waterloo / South Bank","London","+44 1923 813463","https://www.honourclothing.com/pages/contact","","","","https://maps.google.com/?cid=10600805698527410199&g_mp=Cidnb29nbGUubWFwcy5wbGFjZXMudjEuUGxhY2VzLlNlYXJjaFRleHQQAhgEIAA","51.501595599999995","-0.11122689999999999","4.7","28","OPERATIONAL"
"ChIJdZ0yXjtsaqERRqw6ir7xHXc","HYPEZEUS","Fashion & Apparel","Fashion & Apparel","Clothing store","UG, Train Station, 11 The Sidings, London","SE1 7BH","SE1","Waterloo / South Bank","London","+44 7908 500705","http://www.hypezeus.com/","","","","https://maps.google.com/?cid=8583282265503214662&g_mp=Cidnb29nbGUubWFwcy5wbGFjZXMudjEuUGxhY2VzLlNlYXJjaFRleHQQAhgEIAA","51.503363799999995","-0.1126918","4.4","13","OPERATIONAL"
"ChIJqYseF7cDdkgR4P1Z4aMTzoM","Jackman","Fashion & Apparel","Fashion & Apparel","Clothing store","3 Park St, London","SE1 9AB","SE1","Waterloo / South Bank","London","+44 20 3006 1656","https://www.jackman.jp/en/shop/","","","","https://maps.google.com/?cid=9497550258752323040&g_mp=Cidnb29nbGUubWFwcy5wbGFjZXMudjEuUGxhY2VzLlNlYXJjaFRleHQQAhgEIAA","51.5052984","-0.0915122","4.1","15","OPERATIONAL"
"ChIJbfUEBVIDdkgRUMnE2gS5_co","James Shoe Care & City of London Dry cleaner London Bridge","Fashion & Apparel","Fashion & Apparel","Services","53, Western Arcade, Bridge Station, London","SE1 9GP","SE1","Waterloo / South Bank","London","+44 20 7357 8800","http://www.jamesshoecare.co.uk/","","","","https://maps.google.com/?cid=14627050595270576464&g_mp=Cidnb29nbGUubWFwcy5wbGFjZXMudjEuUGxhY2VzLlNlYXJjaFRleHQQAhgEIAA","51.5046112","-0.08588789999999999","4.1","99","OPERATIONAL"
"ChIJCZVq4mwFdkgRYAaeSQN7CF4","Jasmine By Nisa","Fashion & Apparel","Fashion & Apparel","Clothing store","55 St George's Rd, London","SE1 6ER","SE1","Waterloo / South Bank","London","+44 7575 886803","https://jasminebynisa.com/","","","","https://maps.google.com/?cid=6775800893429122656&g_mp=Cidnb29nbGUubWFwcy5wbGFjZXMudjEuUGxhY2VzLlNlYXJjaFRleHQQAhgEIAA","51.4956603","-0.10393940000000002","5","2","OPERATIONAL"
"ChIJ7YX4LzYHdkgRngOCex4Ta78","Jesu Segun London","Fashion & Apparel","Fashion & Apparel","Shoe store","The Circle, THE CIRCLE, Queen Elizabeth St, London","SE1 2JE","SE1","Waterloo / South Bank","London","+44 20 3845 7018","https://www.jesu-segun.com/","","","","https://maps.google.com/?cid=13793139305394340766&g_mp=Cidnb29nbGUubWFwcy5wbGFjZXMudjEuUGxhY2VzLlNlYXJjaFRleHQQAhgEIAA","51.5013107","-0.0744794","5","29","OPERATIONAL"
"ChIJKRcbGLkEdkgRTudvoEEints","Le Premier Shoe Care 2","Fashion & Apparel","Fashion & Apparel","Services","110 Lower Marsh, London","SE1 7AE","SE1","Waterloo / South Bank","London","+44 20 7928 7923","","","","","https://maps.google.com/?cid=15825123805886408526&g_mp=Cidnb29nbGUubWFwcy5wbGFjZXMudjEuUGxhY2VzLlNlYXJjaFRleHQQAhgEIAA","51.5009959","-0.1126698","3.6","103","OPERATIONAL"
"ChIJaZcb2WgDdkgRcKsozl8IZUE","London Sport & Smart Clothing","Fashion & Apparel","Fashion & Apparel","Wholesaler","226b Old Kent Rd, London","SE1 5UB","SE1","Waterloo / South Bank","London","+44 7403 788207","","","","","https://maps.google.com/?cid=4712181792686779248&g_mp=Cidnb29nbGUubWFwcy5wbGFjZXMudjEuUGxhY2VzLlNlYXJjaFRleHQQAhgEIAA","51.489632","-0.07990690000000002","4.6","25","OPERATIONAL"
"ChIJmVLtl8wFdkgRORbOOW_DT_s","Monsoon","Fashion & Apparel","Fashion & Apparel","Clothing store","12a Waterloo Rd, London","SE1 7LY","SE1","Waterloo / South Bank","London","+44 20 7803 0623","https://www.monsoon.co.uk/stores/l/london/12a-waterloo-road/4627040","","","","https://maps.google.com/?cid=18108907509158647353&g_mp=Cidnb29nbGUubWFwcy5wbGFjZXMudjEuUGxhY2VzLlNlYXJjaFRleHQQAhgEIAA","51.503401","-0.11227999999999999","4.2","21","OPERATIONAL"
"ChIJZQtYnFADdkgRczMlXXqCyA0","Oliver Bonas","Fashion & Apparel","Fashion & Apparel","Clothing store","London Bridge Station Unit 41, London","SE1 9SP","SE1","Waterloo / South Bank","London","+44 20 7403 5146","https://www.oliverbonas.com/london-bridge-station?utm_source=google&utm_medium=organic&utm_campaign=LPM-London-Unit_41_London_Bridge_Station","","","","https://maps.google.com/?cid=993187179895534451&g_mp=Cidnb29nbGUubWFwcy5wbGFjZXMudjEuUGxhY2VzLlNlYXJjaFRleHQQAhgEIAA","51.503955399999995","-0.08457809999999999","4.2","38","OPERATIONAL"
"ChIJu0kPk7kEdkgRjliiPkDE1uU","Oliver Bonas","Fashion & Apparel","Fashion & Apparel","Clothing store","Units 7 - 9, The Balcony, Waterloo Station, London","SE1 7LY","SE1","Waterloo / South Bank","London","+44 20 7362 3870","https://www.oliverbonas.com/waterloo?utm_source=google&utm_medium=organic&utm_campaign=LPM-London-Waterloo_Station_Unit_9_The_Balcony","","","","https://maps.google.com/?cid=16561640459909355662&g_mp=Cidnb29nbGUubWFwcy5wbGFjZXMudjEuUGxhY2VzLlNlYXJjaFRleHQQAhgEIAA","51.502877999999995","-0.111456","4.4","36","OPERATIONAL"
"ChIJAWS-8RIDdkgRVvzrSjlDjW8","PASHAM LONDON","Fashion & Apparel","Fashion & Apparel","Store","BOROUGH YARDS, Victor Wharf, 8 STONECUTTERS LANE, London","SE1 9RZ","SE1","Waterloo / South Bank","London","+44 7741 645735","https://pasham.london/","","","","https://maps.google.com/?cid=8038154823275379798&g_mp=Cidnb29nbGUubWFwcy5wbGFjZXMudjEuUGxhY2VzLlNlYXJjaFRleHQQAhgEIAA","51.5067938","-0.0916912","4.9","9","OPERATIONAL"
"ChIJSRPQcUQDdkgRC7oyJOHnaPc","Petriiski Fashion","Fashion & Apparel","Fashion & Apparel","Services","Tanner Place, TANNER PACE, 54-58 Tanner St, London","SE1 3PH","SE1","Waterloo / South Bank","London","+44 20 7357 9661","https://petriiskifashion.com/","","","","https://maps.google.com/?cid=17827754079107070475&g_mp=Cidnb29nbGUubWFwcy5wbGFjZXMudjEuUGxhY2VzLlNlYXJjaFRleHQQAhgEIAA","51.4998924","-0.0782224","4.7","31","OPERATIONAL"
"ChIJQ6Ihs_gddkgROTyj32KCrfA","Reiss (London Bridge Station)","Fashion & Apparel","Fashion & Apparel","Clothing store","Unit 19, Western Arcade Bridge Station, London","SE1 9SP","SE1","Waterloo / South Bank","London","+44 20 7357 9687","https://www.reiss.com/storelocator/reisslondonbridge/4255?utm_source=gmb&utm_medium=organic_search&utm_campaign=local_seo","","","","https://maps.google.com/?cid=17342661101244070969&g_mp=Cidnb29nbGUubWFwcy5wbGFjZXMudjEuUGxhY2VzLlNlYXJjaFRleHQQAhgEIAA","51.5046258","-0.08613950000000001","4","25","OPERATIONAL"
"ChIJjbXOksMDdkgRzMKxz9Rzopo","Runlimited - Borough Yards","Fashion & Apparel","Fashion & Apparel","Sporting goods store","Unit 210, Borough Yards, Dirty Ln, London","SE1 9PA","SE1","Waterloo / South Bank","London","","https://runlimited.co/","","","","https://maps.google.com/?cid=11142595785922822860&g_mp=Cidnb29nbGUubWFwcy5wbGFjZXMudjEuUGxhY2VzLlNlYXJjaFRleHQQAhgEIAA","51.5063715","-0.09228900000000001","4.8","31","OPERATIONAL"
"ChIJpaNIT0UDdkgR65tn3LJ_zAI","Seaward & Stearn","Fashion & Apparel","Fashion & Apparel","Clothing store","Old Bank Court, 112 Bermondsey St, London","SE1 3TX","SE1","Waterloo / South Bank","London","+44 20 7403 9770","http://www.seawardandstearn.com/","","","","https://maps.google.com/?cid=201676489503513579&g_mp=Cidnb29nbGUubWFwcy5wbGFjZXMudjEuUGxhY2VzLlNlYXJjaFRleHQQAhgEIAA","51.500306699999996","-0.0818798","5","12","OPERATIONAL"
"ChIJFQWabrkEdkgRYmf3Dhcp5Yk","Skin Two Waterloo (Previously Honour Shop)","Fashion & Apparel","Fashion & Apparel","Store","86 Lower Marsh, London","SE1 7AB","SE1","Waterloo / South Bank","London","+44 20 7401 8219","https://www.skintwo.com/?utm_source=local&utm_medium=organic&utm_campaign=Waterloo&utm_content=gmb","","","","https://maps.google.com/?cid=9936393331874948962&g_mp=Cidnb29nbGUubWFwcy5wbGFjZXMudjEuUGxhY2VzLlNlYXJjaFRleHQQAhgEIAA","51.501595599999995","-0.11122689999999999","4.6","70","OPERATIONAL"
"ChIJt3eJh9b7dUgRUm5XEe59i7k","The Fashion Basement","Fashion & Apparel","Fashion & Apparel","Women's clothing store","215 Croydon Rd, Caterham","CR3 6PH","CR3","Waterloo / South Bank","Caterham","+44 7950 813434","http://www.thefashionbasement.co.uk/","","","","https://maps.google.com/?cid=13369918380226080338&g_mp=Cidnb29nbGUubWFwcy5wbGFjZXMudjEuUGxhY2VzLlNlYXJjaFRleHQQAhgEIAA","51.290233","-0.0762554","4.9","42","OPERATIONAL"
"ChIJe4cW3cAEdkgR8CoN7qAjFnY","The Stock Shop","Fashion & Apparel","Fashion & Apparel","Clothing store","St Thomas's Hospital, 6, Main Entrance, Lambeth Palace Rd, London","SE1 7EH","SE1","Waterloo / South Bank","London","+44 20 7993 3351","http://www.thestockshop.co.uk/","","","","https://maps.google.com/?cid=8509027720058710768&g_mp=Cidnb29nbGUubWFwcy5wbGFjZXMudjEuUGxhY2VzLlNlYXJjaFRleHQQAhgEIAA","51.4996285","-0.11918159999999998","4.3","10","OPERATIONAL"
"ChIJm7SSoEQDdkgRyna_OCegBf0","TROVE 167","Fashion & Apparel","Fashion & Apparel","Gift shop","Ink Works Court, 167 Bermondsey St, London","SE1 3UF","SE1","Waterloo / South Bank","London","+44 7444 042275","http://www.trove167.co.uk/","","","","https://maps.google.com/?cid=18232154756795561674&g_mp=Cidnb29nbGUubWFwcy5wbGFjZXMudjEuUGxhY2VzLlNlYXJjaFRleHQQAhgEIAA","51.4992228","-0.0811361","4.2","48","OPERATIONAL"
"ChIJde9f7PYFdkgR_uknwIHAkVk","Vamp Sneaker Cleaning Drop-Off Hub (Sustainable, Trainer, Sneakers)","Fashion & Apparel","Fashion & Apparel","Services","Lambeth Dry Cleaners & Laundry, 16 Kennington Rd, Lambeth, North","SE1 7BL","SE1","Waterloo / South Bank","North","+44 7418 626438","http://vampsneakercleaning.com/","","","","https://maps.google.com/?cid=6454151404505786878&g_mp=Cidnb29nbGUubWFwcy5wbGFjZXMudjEuUGxhY2VzLlNlYXJjaFRleHQQAhgEIAA","51.497810799999996","-0.1123154","4.8","76","OPERATIONAL"
"ChIJGwvuGLEEdkgRyvgaxYNPntU","Vendula London - Gabriel's Wharf","Fashion & Apparel","Fashion & Apparel","Store","56 Upper Ground, London","SE1 9PP","SE1","Waterloo / South Bank","London","+44 20 3026 0002","http://www.vendulalondon.com/","","","","https://maps.google.com/?cid=15392828003765123274&g_mp=Cidnb29nbGUubWFwcy5wbGFjZXMudjEuUGxhY2VzLlNlYXJjaFRleHQQAhgEIAA","51.507992699999996","-0.11000439999999999","4.4","106","OPERATIONAL"
"ChIJlQNomOADdkgR8yCdKOCbRFg","Whistles","Fashion & Apparel","Fashion & Apparel","Women's clothing store","Unit 20, Bridge Station, London","SE1 9SP","SE1","Waterloo / South Bank","London","+44 20 7357 8834","https://www.whistles.com/","","","","https://maps.google.com/?cid=6360379960810348787&g_mp=Cidnb29nbGUubWFwcy5wbGFjZXMudjEuUGxhY2VzLlNlYXJjaFRleHQQAhgEIAA","51.5049226","-0.086015","4.7","27","OPERATIONAL"
"ChIJoxwo3QHQK4oRgwRfm2pzFeY","Abba Taqel","Fashion & Apparel","Fashion & Apparel","Clothing store","218 Norwood Rd, London","SE27 9AN","SE27","West Norwood","London","","https://www.abbataqel.com/","","","","https://maps.google.com/?cid=16579284504944772227&g_mp=Cidnb29nbGUubWFwcy5wbGFjZXMudjEuUGxhY2VzLlNlYXJjaFRleHQQAhgEIAA","51.438179399999996","-0.106059","5","7","OPERATIONAL"
"ChIJH-_SX6gGdkgRUhichoqNSmA","Admiral Branding","Fashion & Apparel","Fashion & Apparel","Clothing store","107 Knights Hill, London","SE27 0SP","SE27","West Norwood","London","+44 20 8419 8306","","","","","https://maps.google.com/?cid=6938513802021050450&g_mp=Cidnb29nbGUubWFwcy5wbGFjZXMudjEuUGxhY2VzLlNlYXJjaFRleHQQAhgEIAA","51.4284447","-0.10385649999999999","","","OPERATIONAL"
"ChIJT2FE5wIEdkgRF2Zs6DFWmok","Afghan Store","Fashion & Apparel","Fashion & Apparel","Convenience store","London","SE27 0HY","SE27","West Norwood","London","","","","","","https://maps.google.com/?cid=9915332301962372631&g_mp=Cidnb29nbGUubWFwcy5wbGFjZXMudjEuUGxhY2VzLlNlYXJjaFRleHQQAhgEIAA","51.433151599999995","-0.1038533","4.6","10","OPERATIONAL"
"ChIJAcdGXgMEdkgRpxrxh6UvHro","Bon Velo West Norwood","Fashion & Apparel","Fashion & Apparel","Bicycle store","495 Norwood Rd, London","SE27 9DJ","SE27","West Norwood","London","+44 20 8766 9001","https://bonvelo.co.uk/","","","","https://maps.google.com/?cid=13411209128352750247&g_mp=Cidnb29nbGUubWFwcy5wbGFjZXMudjEuUGxhY2VzLlNlYXJjaFRleHQQAhgEIAA","51.4356187","-0.10389369999999999","4.6","135","OPERATIONAL"
"ChIJCWcixAIEdkgRNWHZv6bU9x0","Cenci vintage clothing & accessories","Fashion & Apparel","Fashion & Apparel","Clothing store","4 Nettlefold Pl, London","SE27 0JW","SE27","West Norwood","London","+44 20 8766 8564","http://www.cenci.co.uk/","","","","https://maps.google.com/?cid=2159428358995796277&g_mp=Cidnb29nbGUubWFwcy5wbGFjZXMudjEuUGxhY2VzLlNlYXJjaFRleHQQAhgEIAA","51.4326593","-0.1044367","4.3","75","OPERATIONAL"
"ChIJ4SpgSxsEdkgRqjtvafLwRGo","Clean Image Dry Cleaners - West Norwood","Fashion & Apparel","Fashion & Apparel","Laundry","262 Norwood Rd, London","SE27 9AJ","SE27","West Norwood","London","+44 7958 043581","","","","","https://maps.google.com/?cid=7657510190378335146&g_mp=Cidnb29nbGUubWFwcy5wbGFjZXMudjEuUGxhY2VzLlNlYXJjaFRleHQQAhgEIAA","51.4371601","-0.10555890000000001","4.6","39","OPERATIONAL"
"ChIJPy--__YHdkgRxsF-FjSFrWE","CS CLEARANCE STORE LTD","Fashion & Apparel","Fashion & Apparel","Jewelry store","19-21 Chapel Rd, London","SE27 0TP","SE27","West Norwood","London","","","","","","https://maps.google.com/?cid=7038428251412152774&g_mp=Cidnb29nbGUubWFwcy5wbGFjZXMudjEuUGxhY2VzLlNlYXJjaFRleHQQAhgEIAA","51.427984699999996","-0.1028437","5","1","OPERATIONAL"
"ChIJh8iPJ1QBdkgRbfGLYycWR7M","Dulwich Shoe Repairs","Fashion & Apparel","Fashion & Apparel","Services","Modern Shoe Repairs, 233 Gipsy Rd, London","SE27 9QY","SE27","West Norwood","London","+44 20 8670 2969","","","","","https://maps.google.com/?cid=12918318414565208429&g_mp=Cidnb29nbGUubWFwcy5wbGFjZXMudjEuUGxhY2VzLlNlYXJjaFRleHQQAhgEIAA","51.4276242","-0.087346","4.7","96","OPERATIONAL"
"ChIJJ8RXpwIEdkgR8UaJ2QXZwsg","Emmaus SLC - Knights Hill","Fashion & Apparel","Fashion & Apparel","Thrift store","7-9 Knights Hill, London","SE27 0HS","SE27","West Norwood","London","+44 300 123 2001","https://emmaus.org.uk/slc/shop/7-9-knights-hill/","","","","https://maps.google.com/?cid=14466363572215170801&g_mp=Cidnb29nbGUubWFwcy5wbGFjZXMudjEuUGxhY2VzLlNlYXJjaFRleHQQAhgEIAA","51.431342799999996","-0.10397379999999999","3.7","37","OPERATIONAL"
"ChIJc7b-lBUHdkgR7XzzJziNKrk","Emmaus SLC - Lofty","Fashion & Apparel","Fashion & Apparel","Thrift store","88 Knights Hill, London","SE27 0JD","SE27","West Norwood","London","+44 300 123 2001","https://emmaus.org.uk/slc/shop/88-knights-hill/","","","","https://maps.google.com/?cid=13342632118366469357&g_mp=Cidnb29nbGUubWFwcy5wbGFjZXMudjEuUGxhY2VzLlNlYXJjaFRleHQQAhgEIAA","51.4303792","-0.10449929999999999","4.1","15","OPERATIONAL"
"ChIJ446u1qkGdkgRtN0n8xoBj7E","Evening Dresses","Fashion & Apparel","Fashion & Apparel","Clothing store","34 Norwood High St, London","SE27 9NR","SE27","West Norwood","London","","","","","","https://maps.google.com/?cid=12794446281643122100&g_mp=Cidnb29nbGUubWFwcy5wbGFjZXMudjEuUGxhY2VzLlNlYXJjaFRleHQQAhgEIAA","51.4306129","-0.102064","","","OPERATIONAL"
"ChIJucfNkwIEdkgRB0vHaB57iYY","Fairisle Fix It","Fashion & Apparel","Fashion & Apparel","Services","34 Norwood High St, London","SE27 9NR","SE27","West Norwood","London","+44 7930 395808","https://stationtostation.london/business/fairisless-fix-it/","","","","https://maps.google.com/?cid=9694415043428829959&g_mp=Cidnb29nbGUubWFwcy5wbGFjZXMudjEuUGxhY2VzLlNlYXJjaFRleHQQAhgEIAA","51.430607099999996","-0.10211049999999999","4.3","35","OPERATIONAL"
"ChIJQSCYPwMEdkgR6ztaYhVchl0","Gold Stores Ltd","Fashion & Apparel","Fashion & Apparel","Services","503 Norwood Rd, London","SE27 9DL","SE27","West Norwood","London","+44 20 8761 5696","","","","","https://maps.google.com/?cid=6739175139320675307&g_mp=Cidnb29nbGUubWFwcy5wbGFjZXMudjEuUGxhY2VzLlNlYXJjaFRleHQQAhgEIAA","51.435259699999996","-0.1038529","4.8","13","OPERATIONAL"
"ChIJ69mPtRoEdkgRW8CAWa-Qqzs","Lee's Shoe & Key Studio","Fashion & Apparel","Fashion & Apparel","Services","1A Station Rise, London","SE27 9BW","SE27","West Norwood","London","+44 7404 511733","https://instagram.com/leeshoekeystudio","https://instagram.com/leeshoekeystudio","","","https://maps.google.com/?cid=4299689352050557019&g_mp=Cidnb29nbGUubWFwcy5wbGFjZXMudjEuUGxhY2VzLlNlYXJjaFRleHQQAhgEIAA","51.440111599999994","-0.1058819","4.5","48","OPERATIONAL"
"ChIJR35xlQIEdkgRRpV_yg7yJV8","norstorelondon","Fashion & Apparel","Fashion & Apparel","Store","1 Hannen Rd, London","SE27 0DT","SE27","West Norwood","London","","http://norstorelondon.com/","","","","https://maps.google.com/?cid=6856152153082271046&g_mp=Cidnb29nbGUubWFwcy5wbGFjZXMudjEuUGxhY2VzLlNlYXJjaFRleHQQAhgEIAA","51.4320491","-0.10376479999999999","4.6","30","OPERATIONAL"
"ChIJ7WYTFQMEdkgR70KChe8Z5EM","Norwood Discounts","Fashion & Apparel","Fashion & Apparel","Discount store","523 Norwood Rd, London","SE27 9DL","SE27","West Norwood","London","+44 20 8766 8560","https://debbiekhan.wixsite.com/norwooddiscounts","","","","https://maps.google.com/?cid=4892063611758985967&g_mp=Cidnb29nbGUubWFwcy5wbGFjZXMudjEuUGxhY2VzLlNlYXJjaFRleHQQAhgEIAA","51.4347606","-0.1037706","4.9","11","OPERATIONAL"
"ChIJN6V3oQIEdkgRi8BaXuwvEBY","Otter Trading","Fashion & Apparel","Fashion & Apparel","Cafe","17 Knights Hill, London","SE27 0HS","SE27","West Norwood","London","+44 20 8670 6923","http://www.ottertrading.co.uk/","","","","https://maps.google.com/?cid=1589823360703578251&g_mp=Cidnb29nbGUubWFwcy5wbGFjZXMudjEuUGxhY2VzLlNlYXJjaFRleHQQAhgEIAA","51.43119120000001","-0.104115","4.3","203","OPERATIONAL"
"ChIJmVA1KRsEdkgRL7LuHuVDMuY","Ouch London","Fashion & Apparel","Fashion & Apparel","Clothing store","391 Norwood Rd, London","SE27 9BQ","SE27","West Norwood","London","","","","","","https://maps.google.com/?cid=16587395028904489519&g_mp=Cidnb29nbGUubWFwcy5wbGFjZXMudjEuUGxhY2VzLlNlYXJjaFRleHQQAhgEIAA","51.4392876","-0.10598099999999999","","","OPERATIONAL"
"ChIJu-5TvkwHdkgRiS3kxwU32Mc","Rachel's Vintage vibes","Fashion & Apparel","Fashion & Apparel","Store","Lakeview Rd, London","SE27 0DU","SE27","West Norwood","London","","","","","","https://maps.google.com/?cid=14400320306485144969&g_mp=Cidnb29nbGUubWFwcy5wbGFjZXMudjEuUGxhY2VzLlNlYXJjaFRleHQQAhgEIAA","51.4245905","-0.1107678","","","OPERATIONAL"
"ChIJd19Ks5wHdkgRqgHwPW2j1hM","Raywestmusicstore","Fashion & Apparel","Fashion & Apparel","Clothing store","128, London","SE27 9PT","SE27","West Norwood","London","+44 7961 159160","https://raywestwebsite.blog/","","","","https://maps.google.com/?cid=1429509621322613162&g_mp=Cidnb29nbGUubWFwcy5wbGFjZXMudjEuUGxhY2VzLlNlYXJjaFRleHQQAhgEIAA","51.427229399999995","-0.1001333","","","OPERATIONAL"
"ChIJfRbiVn0FdkgRSLBy-sbgw-A","T shirtz","Fashion & Apparel","Fashion & Apparel","Clothing store","52 Broxholm Rd, London","SE27 0LZ","SE27","West Norwood","London","","","","","","https://maps.google.com/?cid=16196035830164402248&g_mp=Cidnb29nbGUubWFwcy5wbGFjZXMudjEuUGxhY2VzLlNlYXJjaFRleHQQAhgEIAA","51.4336565","-0.11360029999999999","","","OPERATIONAL"
"ChIJGWeFHuEFdkgRa28rJbIwkEI","The Deluxe Store","Fashion & Apparel","Fashion & Apparel","Store","1B Station Rise, London","SE27 9BW","SE27","West Norwood","London","+44 7368 891863","https://thedeluxestore.co/","","","","https://maps.google.com/?cid=4796387144835493739&g_mp=Cidnb29nbGUubWFwcy5wbGFjZXMudjEuUGxhY2VzLlNlYXJjaFRleHQQAhgEIAA","51.440118600000005","-0.1059758","","","OPERATIONAL"
"ChIJbSWaPQMEdkgReYep0g6xKqI","Wearabouts Norwood School Uniform","Fashion & Apparel","Fashion & Apparel","Clothing store","358 Norwood Rd, London","SE27 9AA","SE27","West Norwood","London","+44 20 8244 7887","https://wearaboutsonline.com/","","","","https://maps.google.com/?cid=11685346860388157305&g_mp=Cidnb29nbGUubWFwcy5wbGFjZXMudjEuUGxhY2VzLlNlYXJjaFRleHQQAhgEIAA","51.4343923","-0.103946","4.6","201","OPERATIONAL"
"ChIJiQX91D8FdkgRVX-AtLJu-7Y","West Norwood Feast","Fashion & Apparel","Fashion & Apparel","Market","12 Knights Hill, London","SE27 0HX","SE27","West Norwood","London","","https://westnorwoodfeast.com/","","","","https://maps.google.com/?cid=13185254047868813141&g_mp=Cidnb29nbGUubWFwcy5wbGFjZXMudjEuUGxhY2VzLlNlYXJjaFRleHQQAhgEIAA","51.4327936","-0.1035497","4.3","12","OPERATIONAL"
"ChIJoR3s4TcHdkgRSEkh8yr_iPQ","ZEEKSCCONCEPT (African Tailors, Bridesmaids dresses, Bridal Tailors, London Tailors, Alterations And Repairs)","Fashion & Apparel","Fashion & Apparel","Clothing store","85 Norwood High St, London","SE27 9JS","SE27","West Norwood","London","+44 7885 235608","","","","","https://maps.google.com/?cid=17620614102019819848&g_mp=Cidnb29nbGUubWFwcy5wbGFjZXMudjEuUGxhY2VzLlNlYXJjaFRleHQQAhgEIAA","51.4300839","-0.101417","4","9","OPERATIONAL"