priority,track,email_variant,score,borough,name,type,category,address,postcode,district,phone,website,rating,reviews,placeId,googleMapsUri,why,email
A,books,commercial,54,Lambeth,Sound Vinyl,Store,Books & Music,"42 Church Rd, London",SE19 2EZ,SE19,+44 7984 272851,https://www.instagram.com/sound.vinyl/,4.9,69,ChIJvb1jly4BdkgR1c3ckPZCtwQ,https://maps.google.com/?cid=339813923649539541&g_mp=Cidnb29nbGUubWFwcy5wbGFjZXMudjEuUGxhY2VzLlNlYXJjaFRleHQQAhgEIAA,record / vinyl shop,
A,charity,charity,50,Lambeth,Emmaus Second Hand Furniture Shop,Furniture store,Home & Living,"Bobby Vincent House, 4 Beadman St, London",SE27 0DN,SE27,+44 300 123 2001,https://emmaus.org.uk/slc/shop/second-hand-furniture-superstore/,4.6,46,ChIJZUkU49IFdkgRQZcTJgJp_MI,https://maps.google.com/?cid=14050220395438774081&g_mp=Cidnb29nbGUubWFwcy5wbGFjZXMudjEuUGxhY2VzLlNlYXJjaFRleHQQAhgEIAA,curated charity shop,
A,wine,commercial,50,Lambeth,Ghost Whale,Liquor store,Art & Culture,"70 Atlantic Rd, London",SW9 8PX,SW9,+44 20 7207 1641,http://www.ghostwhalelondon.com/,4.8,454,ChIJ09CeNW8EdkgR5JUbLsXdylg,https://maps.google.com/?cid=6398170059585066468&g_mp=Cidnb29nbGUubWFwcy5wbGFjZXMudjEuUGxhY2VzLlNlYXJjaFRleHQQAhgEIAA,independent wine / bottle shop,
A,wine,commercial,50,Lambeth,The Wine Tasting Shop,Wine bar,Books & Music,"18 Hildreth St, London",SW12 9RQ,SW12,+44 20 8616 8658,http://www.thewinetastingshop.co.uk/,4.7,154,ChIJL_8Jc88FdkgRSWULdbeDnRY,https://maps.google.com/?cid=1629603464143922505&g_mp=Cidnb29nbGUubWFwcy5wbGFjZXMudjEuUGxhY2VzLlNlYXJjaFRleHQQAhgEIAA,independent wine / bottle shop,
A,books,commercial,48,Lambeth,ABLE REBIRTH RECORDS,Manufacturer,Books & Music,"0 1, Green Man Court, 229 Coldharbour Ln, London",SW9 8RR,SW9,+44 7950 756461,https://soloist.ai/ablerebirthrecords,5,4,ChIJ51yHpd8FdkgRL59IKZvwtoY,https://maps.google.com/?cid=9707210596046905135&g_mp=Cidnb29nbGUubWFwcy5wbGFjZXMudjEuUGxhY2VzLlNlYXJjaFRleHQQAhgEIAA,record / vinyl shop,
A,books,commercial,48,Lambeth,Backstory,Book store,Home & Living,"71 Balham High Rd, London",SW12 9AP,SW12,+44 20 3302 0460,http://backstory.london/,5,192,ChIJHcmjKfkFdkgRjfrlPmbq6Uk,https://maps.google.com/?cid=5326045759205145229&g_mp=Cidnb29nbGUubWFwcy5wbGFjZXMudjEuUGxhY2VzLlNlYXJjaFRleHQQAhgEIAA,bookshop,
A,books,commercial,48,Lambeth,BookMongers,Book store,Books & Music,"439 Coldharbour Ln, London",SW9 8LN,SW9,+44 20 7738 4225,https://bookmongers.com/,4.8,451,ChIJ1fPOjmgEdkgRRYpRE3705TM,https://maps.google.com/?cid=3739663887928232517&g_mp=Cidnb29nbGUubWFwcy5wbGFjZXMudjEuUGxhY2VzLlNlYXJjaFRleHQQAhgEIAA,bookshop,
A,fashion,commercial,48,Lambeth,Cenci vintage clothing & accessories,Clothing store,Fashion & Apparel,"4 Nettlefold Pl, London",SE27 0JW,SE27,+44 20 8766 8564,http://www.cenci.co.uk/,4.3,75,ChIJCWcixAIEdkgRNWHZv6bU9x0,https://maps.google.com/?cid=2159428358995796277&g_mp=Cidnb29nbGUubWFwcy5wbGFjZXMudjEuUGxhY2VzLlNlYXJjaFRleHQQAhgEIAA,vintage / boutique,
A,flowers,commercial,48,Lambeth,Denises Flowers,Florist,Home & Living,"168 Great Suffolk St, London",SE1 1PE,SE1,+44 20 7403 0067,http://www.denisesflower.co.uk/,4.6,247,ChIJI1Fz6qYEdkgRUiVg1C8Z-ro,https://maps.google.com/?cid=13473108928449488210&g_mp=Cidnb29nbGUubWFwcy5wbGFjZXMudjEuUGxhY2VzLlNlYXJjaFRleHQQAhgEIAA,florist,
A,flowers,commercial,48,Lambeth,Floral Hall,Florist,Home & Living,"370-372 Norwood Rd, London",SE27 9AA,SE27,+44 20 8670 3200,http://www.floralhall.co.uk/,4.8,173,ChIJ_3ilGAMEdkgRvD_M-P89q4I,https://maps.google.com/?cid=9415687615548243900&g_mp=Cidnb29nbGUubWFwcy5wbGFjZXMudjEuUGxhY2VzLlNlYXJjaFRleHQQAhgEIAA,florist,
A,flowers,commercial,48,Lambeth,Floritta Flowers,Florist,Home & Living,"Unit 3, The Willows, Parking lot, 80 Willow Walk, London",SE1 5SY,SE1,+44 7458 683130,https://floritta.uk/?utm_source=google&utm_medium=organic&utm_campaign=gbp,4.6,530,ChIJTxjToWsFdkgR01H4eR-nxzk,https://maps.google.com/?cid=4163480134159454675&g_mp=Cidnb29nbGUubWFwcy5wbGFjZXMudjEuUGxhY2VzLlNlYXJjaFRleHQQAhgEIAA,florist,
A,books,commercial,48,Lambeth,Lala Books,Book store,Food & Drink,"4a Grove Ln, London",SE5 8SY,SE5,+44 7367 407904,http://lalabooks.london/,4.8,153,ChIJR61HB_cDdkgRlGVEMGyyQHk,https://maps.google.com/?cid=8737179454834763156&g_mp=Cidnb29nbGUubWFwcy5wbGFjZXMudjEuUGxhY2VzLlNlYXJjaFRleHQQAhgEIAA,bookshop,
A,books,commercial,48,Lambeth,Morocco Bound Bookshop Bermondsey,Book store,Books & Music,"1A Morocco St, London",SE1 3HB,SE1,+44 7415 371654,http://moroccobound.co.uk/,4.6,258,ChIJm2SgzO8DdkgRJ4MEC4ao-ag,https://maps.google.com/?cid=12175948361236775719&g_mp=Cidnb29nbGUubWFwcy5wbGFjZXMudjEuUGxhY2VzLlNlYXJjaFRleHQQAhgEIAA,bookshop,
A,flowers,commercial,48,Lambeth,The London Flower Shop,Florist,Home & Living,"158 Long Ln, London",SE1 4BS,SE1,+44 20 7407 1666,http://www.thelondonflowershop.com/?utm_source=google&utm_medium=organic&utm_campaign=gmb-listing,4.9,439,ChIJTS-39FsDdkgRZu9yQ_-mjRY,https://maps.google.com/?cid=1625138655829094246&g_mp=Cidnb29nbGUubWFwcy5wbGFjZXMudjEuUGxhY2VzLlNlYXJjaFRleHQQAhgEIAA,florist,
A,books,commercial,48,Lambeth,The Riverside Bookshop,Book store,Books & Music,"15, Hay's Galleria, Tooley St, London",SE1 2QN,SE1,+44 20 7378 1824,https://riversidebookshop.co.uk/,4.6,215,ChIJr4CyalADdkgRyHSd1HGpTls,https://maps.google.com/?cid=6579382411998360776&g_mp=Cidnb29nbGUubWFwcy5wbGFjZXMudjEuUGxhY2VzLlNlYXJjaFRleHQQAhgEIAA,bookshop,
A,wine,commercial,46,Lambeth,Bottle + Rye,Wine bar,Food & Drink,"Ground Floor, 404-406 Market Row, London",SW9 8LD,SW9,,http://www.bottleandrye.com/,4.6,149,ChIJ30NQAHAFdkgRyEiuSYFeISI,https://maps.google.com/?cid=2459350780900952264&g_mp=Cidnb29nbGUubWFwcy5wbGFjZXMudjEuUGxhY2VzLlNlYXJjaFRleHQQAhgEIAA,independent wine / bottle shop,
A,wine,commercial,46,Lambeth,Bottle Apostle | Abbeville Village,Liquor store,Home & Living,"59 Abbeville Rd, London",SW4 9JW,SW4,+44 20 3376 1447,http://www.bottleapostle.com/,4.7,87,ChIJh6fuJksEdkgRp2Jhin__oFo,https://maps.google.com/?cid=6530500382934786727&g_mp=Cidnb29nbGUubWFwcy5wbGFjZXMudjEuUGxhY2VzLlNlYXJjaFRleHQQAhgEIAA,independent wine / bottle shop,
A,fashion,commercial,46,Lambeth,Brothers Green Vintage,Clothing store,Fashion & Apparel,"4 Half Moon Ln, London",SE24 9HU,SE24,,https://brothersgreenuk.com/,5,11,ChIJMbFoacQFdkgReKzUs9DYqSE,https://maps.google.com/?cid=2425708265197579384&g_mp=Cidnb29nbGUubWFwcy5wbGFjZXMudjEuUGxhY2VzLlNlYXJjaFRleHQQAhgEIAA,vintage / boutique,
A,wine,commercial,46,Lambeth,Clapton Craft,Liquor store,Home & Living,"28 Hildreth St, London",SW12 9RQ,SW12,+44 20 3489 5355,http://claptoncraft.co.uk/,4.9,79,ChIJ8Vg_MuQFdkgRU8EleGV8wvQ,https://maps.google.com/?cid=17636795865985565011&g_mp=Cidnb29nbGUubWFwcy5wbGFjZXMudjEuUGxhY2VzLlNlYXJjaFRleHQQAhgEIAA,independent wine / bottle shop,
A,fashion,commercial,46,Lambeth,Goldthread Domas Vintage London,Clothing store,Fashion & Apparel,"11 Fernlea Rd, London",SW12 9RT,SW12,,https://www.goldthreaddomas.com/,5,4,ChIJZ4oPfN8HdkgRh980zX1R0Ew,https://maps.google.com/?cid=5535013542793895815&g_mp=Cidnb29nbGUubWFwcy5wbGFjZXMudjEuUGxhY2VzLlNlYXJjaFRleHQQAhgEIAA,vintage / boutique,
A,wine,commercial,46,Lambeth,The Good Drinker,Liquor store,Home & Living,"29 Knights Hill, London",SE27 0HS,SE27,+44 20 8761 4706,http://www.thegooddrinker.co.uk/,4.9,57,ChIJcbDJH6gGdkgRd_pO82yFPLY,https://maps.google.com/?cid=13131517316490525303&g_mp=Cidnb29nbGUubWFwcy5wbGFjZXMudjEuUGxhY2VzLlNlYXJjaFRleHQQAhgEIAA,independent wine / bottle shop,
A,wine,commercial,46,Lambeth,Urban Cellar,Liquor store,Art & Culture,"48 Church Rd, London",SE19 2ET,SE19,+44 20 3417 8900,https://urbancellar.co.uk/,4.9,72,ChIJlTtoqUARdkgRFZWvG3BZUtc,https://maps.google.com/?cid=15515562004280481045&g_mp=Cidnb29nbGUubWFwcy5wbGFjZXMudjEuUGxhY2VzLlNlYXJjaFRleHQQAhgEIAA,independent wine / bottle shop,
A,wine,commercial,46,Lambeth,Wild + Lees,Liquor store,Art & Culture,"2 Half Moon Ln, London",SE24 9HU,SE24,+44 7985 218570,http://www.wildandlees.com/,4.8,87,ChIJD-64OXMEdkgRC456qxynh8Q,https://maps.google.com/?cid=14161471294867672587&g_mp=Cidnb29nbGUubWFwcy5wbGFjZXMudjEuUGxhY2VzLlNlYXJjaFRleHQQAhgEIAA,independent wine / bottle shop,
A,flowers,commercial,44,Lambeth,Allurie Flowers,Florist,Home & Living,"34 Harper Rd, London",SE1 6AD,SE1,+44 7765 116383,https://allurieflowers.co.uk/,4.9,68,ChIJO6Q89AwDdkgRGk-SJ4oDDn4,https://maps.google.com/?cid=9083201390357139226&g_mp=Cidnb29nbGUubWFwcy5wbGFjZXMudjEuUGxhY2VzLlNlYXJjaFRleHQQAhgEIAA,florist,
A,flowers,commercial,44,Lambeth,Bartleys Flowers Limited,Florist,Home & Living,"82 Dulwich Village, London",SE21 7AJ,SE21,+44 20 8693 3048,https://www.bartleysflowers.co.uk/,4.8,68,ChIJcY2_qfMDdkgRZ6tk4S-6gJg,https://maps.google.com/?cid=10988987805591710567&g_mp=Cidnb29nbGUubWFwcy5wbGFjZXMudjEuUGxhY2VzLlNlYXJjaFRleHQQAhgEIAA,florist,
A,flowers,commercial,44,Lambeth,Birksen,Florist,Home & Living,"40 Old Town, London",SW4 0LB,SW4,+44 20 7622 6466,http://birksen.com/,4.9,76,ChIJScg6P60FdkgRJ3OstiLwZrU,https://maps.google.com/?cid=13071399000373752615&g_mp=Cidnb29nbGUubWFwcy5wbGFjZXMudjEuUGxhY2VzLlNlYXJjaFRleHQQAhgEIAA,florist,
A,books,commercial,44,Lambeth,Bookseller Crow On The Hill,Book store,Home & Living,"50 Westow St, London",SE19 3AF,SE19,+44 20 8771 8831,http://www.booksellercrow.co.uk/,4.7,136,ChIJs_lkhU8BdkgRf-DOG4mUR_w,https://maps.google.com/?cid=18178661737502269567&g_mp=Cidnb29nbGUubWFwcy5wbGFjZXMudjEuUGxhY2VzLlNlYXJjaFRleHQQAhgEIAA,bookshop,
A,flowers,commercial,44,Lambeth,Brothers Green The Florist,Florist,Home & Living,"4-6 Half Moon Ln, London",SE24 9HU,SE24,+44 7865 172138,http://www.brothersgreenuk.com/,5,46,ChIJazsTkEoFdkgRoSYdM6W04Dk,https://maps.google.com/?cid=4170531876565231265&g_mp=Cidnb29nbGUubWFwcy5wbGFjZXMudjEuUGxhY2VzLlNlYXJjaFRleHQQAhgEIAA,florist,
A,books,commercial,44,Lambeth,Clapham Books,Book store,Home & Living,"26 The Pavement, London",SW4 0JA,SW4,+44 20 7627 2797,http://www.claphambooks.com/,4.8,85,ChIJkT9wA1IEdkgRElrn9RpkPng,https://maps.google.com/?cid=8664472800064920082&g_mp=Cidnb29nbGUubWFwcy5wbGFjZXMudjEuUGxhY2VzLlNlYXJjaFRleHQQAhgEIAA,bookshop,
A,flowers,commercial,44,Lambeth,Clapham Flowers,Florist,Home & Living,"Unit E, Clapham South Station, Gateway House, Nightingale Ln, London",SW4 9AE,SW4,+44 20 8673 2958,https://www.claphamflowers.co.uk/?utm_source=google&utm_medium=organic&utm_campaign=gbp-homepage,4.4,208,ChIJ_YM227cFdkgR1V-4zWQI5Fw,https://maps.google.com/?cid=6693484175220563925&g_mp=Cidnb29nbGUubWFwcy5wbGFjZXMudjEuUGxhY2VzLlNlYXJjaFRleHQQAhgEIAA,florist,
A,books,commercial,44,Lambeth,Dulwich Books Ltd,Book store,Home & Living,"6 Croxted Rd, London",SE21 8SW,SE21,+44 20 8670 1920,http://www.dulwichbooks.co.uk/,4.8,88,ChIJl1mJLPkDdkgR8yKaVRACBPU,https://maps.google.com/?cid=17655238708378084083&g_mp=Cidnb29nbGUubWFwcy5wbGFjZXMudjEuUGxhY2VzLlNlYXJjaFRleHQQAhgEIAA,bookshop,
A,flowers,commercial,44,Lambeth,Kansiy Floral,Florist,Home & Living,"Yard, workshop 3, lj works Loughborough 1-7 Gastineau, London",SW9 7FA,SW9,+44 7949 953060,https://www.kansiyfloral.co.uk/,4.9,141,ChIJHWMVpmmklwsRAMdibMi_cq8,https://maps.google.com/?cid=12642377971515180800&g_mp=Cidnb29nbGUubWFwcy5wbGFjZXMudjEuUGxhY2VzLlNlYXJjaFRleHQQAhgEIAA,florist,
A,books,commercial,44,Lambeth,Marcus Campbell Art Books,Book store,Books & Music,"Bankside Lofts, 43 Holland St, London",SE1 9JR,SE1,+44 20 7261 0111,http://www.marcuscampbell.co.uk/,4.6,65,ChIJs9CE-64EdkgR8r0n2v3zg4A,https://maps.google.com/?cid=9260513530416184818&g_mp=Cidnb29nbGUubWFwcy5wbGFjZXMudjEuUGxhY2VzLlNlYXJjaFRleHQQAhgEIAA,bookshop,
A,flowers,commercial,44,Lambeth,Mary Jane Vaughan Designs,Florist,Home & Living,"6G, 5 Havelock Terrace, London",SW8 4AS,SW8,+44 20 7385 8400,http://www.maryjanevaughan.co.uk/,4.8,40,ChIJ06ZOeQEFdkgR6bCVL0nJSYI,https://maps.google.com/?cid=9388256214398644457&g_mp=Cidnb29nbGUubWFwcy5wbGFjZXMudjEuUGxhY2VzLlNlYXJjaFRleHQQAhgEIAA,florist,
A,books,commercial,44,Lambeth,Round Table Books,Book store,Books & Music,"Brixton Village, 10-11 Granville Arcade, Coldharbour Ln, London",SW9 8PR,SW9,+44 20 7274 0030,http://roundtablebooks.co.uk/,4.7,106,ChIJjYfNROgFdkgRU8pS_rm186U,https://maps.google.com/?cid=11958101246039214675&g_mp=Cidnb29nbGUubWFwcy5wbGFjZXMudjEuUGxhY2VzLlNlYXJjaFRleHQQAhgEIAA,bookshop,
A,books,commercial,44,Lambeth,Shalimar Books Ltd,Book store,Home & Living,"Gilmour House, 38 Kennington Ln, London",SE11 4LS,SE11,+44 20 7735 2101,http://www.indianbooksuk.com/,4.7,78,ChIJ86ak05kEdkgRoUkQzpvO0-k,https://maps.google.com/?cid=16849037799495584161&g_mp=Cidnb29nbGUubWFwcy5wbGFjZXMudjEuUGxhY2VzLlNlYXJjaFRleHQQAhgEIAA,bookshop,
A,books,commercial,44,Lambeth,Village Books,Book store,Home & Living,"1D Calton Ave, London",SE21 7DE,SE21,+44 20 8693 2808,http://www.village-books.co.uk/,4.8,110,ChIJ9zxO0fIDdkgRX87Uy9iqEXs,https://maps.google.com/?cid=8868056989378596447&g_mp=Cidnb29nbGUubWFwcy5wbGFjZXMudjEuUGxhY2VzLlNlYXJjaFRleHQQAhgEIAA,bookshop,
A,wine,commercial,43,Lambeth,The Sourcing Table,Wine bar,Art & Culture,"67 Westow Hill, London",SE19 1TS,SE19,+44 20 3551 1005,https://thesourcingtable.com/,4.9,26,ChIJK6gFMEUBdkgRhEH4-iLXSoE,https://maps.google.com/?cid=9316495324408725892&g_mp=Cidnb29nbGUubWFwcy5wbGFjZXMudjEuUGxhY2VzLlNlYXJjaFRleHQQAhgEIAA,independent wine / bottle shop,
A,fashion,commercial,42,Lambeth,Cub & Pudding,Clothing store,Fashion & Apparel,"E301, Parkhall, Parkhall Business Centre, 40 Martell Rd, London",SE21 8HN,SE21,+44 7796 332904,http://www.cubandpudding.com/,5,43,ChIJpRMZ_qcHdkgRwuxqwRL0qBE,https://maps.google.com/?cid=1272535256123763906&g_mp=Cidnb29nbGUubWFwcy5wbGFjZXMudjEuUGxhY2VzLlNlYXJjaFRleHQQAhgEIAA,independent clothing,
A,fashion,commercial,42,Lambeth,D Solos,Clothing store,Fashion & Apparel,"23 Church Rd, London",SE19 2TE,SE19,+44 20 8653 7585,http://www.dsoloclothing.co.uk/,4.9,41,ChIJ4anSDkUBdkgR4Ct0OF52BXE,https://maps.google.com/?cid=8144045648215550944&g_mp=Cidnb29nbGUubWFwcy5wbGFjZXMudjEuUGxhY2VzLlNlYXJjaFRleHQQAhgEIAA,independent clothing,
A,fashion,commercial,42,Lambeth,Full Moon Designs,Jewelry store,Home & Living,"8, Brixton Village, First Avenue, London",SW9 8PR,SW9,+44 7947 485376,http://fullmoondesigns.co.uk/,4.8,53,ChIJZcf8qGgEdkgRriN3xuKHP08,https://maps.google.com/?cid=5710432260591133614&g_mp=Cidnb29nbGUubWFwcy5wbGFjZXMudjEuUGxhY2VzLlNlYXJjaFRleHQQAhgEIAA,independent jewellery,
A,fashion,commercial,42,Lambeth,Lalune London,Jewelry store,Fashion & Apparel,"Lalune, 24 Market Row, London",SW9 8LB,SW9,+44 7511 641910,http://lalunelondon.com/,4.9,53,ChIJy6FSmoup2EcRUYrFLM0dels,https://maps.google.com/?cid=6591613771666786897&g_mp=Cidnb29nbGUubWFwcy5wbGFjZXMudjEuUGxhY2VzLlNlYXJjaFRleHQQAhgEIAA,independent jewellery,
A,fashion,commercial,42,Lambeth,Sam Ubhi,Jewelry store,Fashion & Apparel,"7 Bedford Hill, London",SW12 9ET,SW12,+44 20 8673 4558,http://www.samubhi.com/,4.8,47,ChIJfwKZa88FdkgRvyrYbEbdpXE,https://maps.google.com/?cid=8189194791986670271&g_mp=Cidnb29nbGUubWFwcy5wbGFjZXMudjEuUGxhY2VzLlNlYXJjaFRleHQQAhgEIAA,independent jewellery,
A,fashion,commercial,42,Lambeth,The Tom Shop,Jewelry store,Fashion & Apparel,"117 Streatham High Rd, London",SW16 1HJ,SW16,+44 20 8769 5779,https://www.instagram.com/thetomshop,4.7,56,ChIJvauKvoIGdkgRUTOrHJeU5So,https://maps.google.com/?cid=3091040096001667921&g_mp=Cidnb29nbGUubWFwcy5wbGFjZXMudjEuUGxhY2VzLlNlYXJjaFRleHQQAhgEIAA,independent jewellery,
A,flowers,commercial,41,Lambeth,Allison Petals Stockwell Florist & Events,Florist,Home & Living,"This is a Online Event Flower Store in Clapham North, Jeffreys Rd, London",SW4 6QS,SW4,+44 20 3686 8127,https://allisonpetalsstockwellfloristevents.com/,4.8,29,ChIJAWKlFgcFdkgR2lj4CiZJCS4,https://maps.google.com/?cid=3317263028276713690&g_mp=Cidnb29nbGUubWFwcy5wbGFjZXMudjEuUGxhY2VzLlNlYXJjaFRleHQQAhgEIAA,florist,
A,books,commercial,41,Lambeth,Beautiful Books,Book store,Home & Living,"24 Brixton Station Rd, London",SW9 8PD,SW9,+44 20 7738 3302,http://lef-beautifulbooks.co.uk/,4.8,28,ChIJq6qqqmcEdkgR2tfsTEIov5I,https://maps.google.com/?cid=10574214715312756698&g_mp=Cidnb29nbGUubWFwcy5wbGFjZXMudjEuUGxhY2VzLlNlYXJjaFRleHQQAhgEIAA,bookshop,
A,flowers,commercial,41,Lambeth,Blooms London Bridge,Florist,Home & Living,"109 Borough High St, London",SE1 1NL,SE1,+44 7466 736268,https://www.bloomslondonbridge.co.uk/,4.7,16,ChIJTfJ5iiUDdkgRtfAkUpLVJPw,https://maps.google.com/?cid=18168881621139517621&g_mp=Cidnb29nbGUubWFwcy5wbGFjZXMudjEuUGxhY2VzLlNlYXJjaFRleHQQAhgEIAA,florist,
A,books,commercial,41,Lambeth,ChocoLit,Book store,Books & Music,"14 Old Town, London",SW4 0JY,SW4,,http://www.chocolit.co.uk/,4.9,17,ChIJT-aLK68FdkgR2lYolnYe6Dk,https://maps.google.com/?cid=4172618549432964826&g_mp=Cidnb29nbGUubWFwcy5wbGFjZXMudjEuUGxhY2VzLlNlYXJjaFRleHQQAhgEIAA,bookshop,
A,flowers,commercial,41,Lambeth,KC flowers and events,Florist,Home & Living,"57 Pendle Rd, London",SW16 6RT,SW16,+44 7990 714505,https://www.kcflowerandevents.com/,5,25,ChIJ6ZkzWn4HdkgRa8kv0zBHZik,https://maps.google.com/?cid=2983150078206658923&g_mp=Cidnb29nbGUubWFwcy5wbGFjZXMudjEuUGxhY2VzLlNlYXJjaFRleHQQAhgEIAA,florist,
A,books,commercial,41,Lambeth,Presse Books,Book store,Books & Music,"140 Great Dover St, London",SE1 4GW,SE1,,https://pressebooks.forma.org.uk/,5,21,ChIJG9JQw7kDdkgRU4wqhjSmna4,https://maps.google.com/?cid=12582395678462479443&g_mp=Cidnb29nbGUubWFwcy5wbGFjZXMudjEuUGxhY2VzLlNlYXJjaFRleHQQAhgEIAA,bookshop,
A,books,commercial,41,Lambeth,The Paper Cat Children's Bookshop,Book store,Books & Music,"25 Half Moon Ln, London",SE24 9JU,SE24,+44 20 4568 1309,https://www.papercatbookshop.co.uk/,5,29,ChIJudsopR4FdkgRxoV1IRkEb4I,https://maps.google.com/?cid=9398735453327558086&g_mp=Cidnb29nbGUubWFwcy5wbGFjZXMudjEuUGxhY2VzLlNlYXJjaFRleHQQAhgEIAA,bookshop,
A,flowers,commercial,41,Lambeth,Vauxhall flowers,Florist,Home & Living,"S Lambeth Rd, London",SW8 1SS,SW8,+44 20 3620 9012,https://wimbledonflowers.com/,4.7,24,ChIJD39k0esFdkgRsXLAHqv8whU,https://maps.google.com/?cid=1568093432163889841&g_mp=Cidnb29nbGUubWFwcy5wbGFjZXMudjEuUGxhY2VzLlNlYXJjaFRleHQQAhgEIAA,florist,
A,books,commercial,40,Lambeth,Herne Hill Books,Book store,Books & Music,"289 Railton Rd, London",SE24 0LY,SE24,+44 20 7998 1673,https://www.claphambooks.com/herne-hill,4.5,42,ChIJCSCpJnMEdkgRLDbrqeB3B5I,https://maps.google.com/?cid=10522510861181597228&g_mp=Cidnb29nbGUubWFwcy5wbGFjZXMudjEuUGxhY2VzLlNlYXJjaFRleHQQAhgEIAA,bookshop,
A,flowers,commercial,40,Lambeth,Igloo Flowers,Florist,Home & Living,"64 Druid St, London",SE1 2HQ,SE1,+44 7497 190613,http://www.iglooflowers.com/,4.5,78,ChIJl4rMNrcDdkgR1ArE91xy6Ps,https://maps.google.com/?cid=18151884041736162004&g_mp=Cidnb29nbGUubWFwcy5wbGFjZXMudjEuUGxhY2VzLlNlYXJjaFRleHQQAhgEIAA,florist,
A,flowers,commercial,40,Lambeth,Luxe Petals London,Florist,Home & Living,"Stonehills Mansions, 12 Streatham High Rd, London",SW16 1DB,SW16,+44 20 3759 1977,http://www.luxepetalslondon.com/,4.3,82,ChIJO9TEkt8FdkgRJZaFwWSYAKo,https://maps.google.com/?cid=12249958544958658085&g_mp=Cidnb29nbGUubWFwcy5wbGFjZXMudjEuUGxhY2VzLlNlYXJjaFRleHQQAhgEIAA,florist,
A,books,commercial,40,Lambeth,The Calder Bookshop & Theatre,Book store,Books & Music,"51 The Cut, London",SE1 8LF,SE1,+44 20 7620 2900,http://calderbookshop.com/,4.3,84,ChIJuSXHwLoEdkgRNzI7AIo3Wsw,https://maps.google.com/?cid=14725142997490151991&g_mp=Cidnb29nbGUubWFwcy5wbGFjZXMudjEuUGxhY2VzLlNlYXJjaFRleHQQAhgEIAA,bookshop,
A,flowers,commercial,40,Lambeth,Windmill Flowers,Florist,Home & Living,"4 Windmill Row, London",SE11 5DW,SE11,+44 20 7820 7796,http://www.windmillflowers.co.uk/,4.4,58,ChIJhUTO3ZMEdkgRGIB_kjGaRKI,https://maps.google.com/?cid=11692640070262554648&g_mp=Cidnb29nbGUubWFwcy5wbGFjZXMudjEuUGxhY2VzLlNlYXJjaFRleHQQAhgEIAA,florist,
A,fashion,commercial,39,Lambeth,Design By Crime,Clothing store,Fashion & Apparel,"House (Suite11, Sunnyhill, 3 - 7 Sunnyhill Rd, London",SW16 2UG,SW16,+44 7944 779900,http://designbycrime.com/,5,19,ChIJg_S5dZMGdkgRAV2wNUK95_c,https://maps.google.com/?cid=17863454539054603521&g_mp=Cidnb29nbGUubWFwcy5wbGFjZXMudjEuUGxhY2VzLlNlYXJjaFRleHQQAhgEIAA,independent clothing,
A,fashion,commercial,39,Lambeth,Pearl rose Jewellers,Jewelry store,Fashion & Apparel,"76 Church Rd, London",SE19 2EZ,SE19,+44 7904 563807,http://pearlrosejewellers.co.uk/,4.8,35,ChIJ7UYvnEUBdkgR8B5h-k4zdvw,https://maps.google.com/?cid=18191784159110831856&g_mp=Cidnb29nbGUubWFwcy5wbGFjZXMudjEuUGxhY2VzLlNlYXJjaFRleHQQAhgEIAA,independent jewellery,
A,books,commercial,38,Lambeth,Bag Books,Association / Organization,Books & Music,"1 Stewart's Court, 218-220 Stewart's Rd, London",SW8 4UB,SW8,+44 20 7627 0444,http://www.bagbooks.org/,4.9,8,ChIJ2dfAjVUEdkgRnJa6eF15T5I,https://maps.google.com/?cid=10542778695062034076&g_mp=Cidnb29nbGUubWFwcy5wbGFjZXMudjEuUGxhY2VzLlNlYXJjaFRleHQQAhgEIAA,bookshop,
A,books,commercial,38,Lambeth,DoBeDo,Book store,Books & Music,"9, 10 Grace's Mews, London",SE5 8JY,SE5,+44 20 4628 6590,http://www.dobedo.com/,5,3,ChIJ81jWdfsDdkgRsPudQMgQusM,https://maps.google.com/?cid=14103603635327728560&g_mp=Cidnb29nbGUubWFwcy5wbGFjZXMudjEuUGxhY2VzLlNlYXJjaFRleHQQAhgEIAA,bookshop,
A,flowers,commercial,38,Lambeth,Fiona Fleur,Florist,Home & Living,"Battersea Studios, London",SW8 3HE,SW8,+44 7727 999232,http://www.fionafleur.com/,4.7,12,ChIJJVMyLVoFdkgRzLV_MwBBsoI,https://maps.google.com/?cid=9417661239904941516&g_mp=Cidnb29nbGUubWFwcy5wbGFjZXMudjEuUGxhY2VzLlNlYXJjaFRleHQQAhgEIAA,florist,
A,flowers,commercial,38,Lambeth,Goldstones Flowers,Florist,Home & Living,"Unit 4L, Vanguard Court, 36-38 Peckham Rd, London",SE5 8QT,SE5,,http://www.goldstonesflowers.co.uk/,5,9,ChIJb5rmYrUDdkgRaa8PHzzs8vU,https://maps.google.com/?cid=17722487226619637609&g_mp=Cidnb29nbGUubWFwcy5wbGFjZXMudjEuUGxhY2VzLlNlYXJjaFRleHQQAhgEIAA,florist,
A,flowers,commercial,38,Lambeth,Hybrid Flowers,Florist,Home & Living,"Arch 24 Handel Business Centre 73, Bondway, London",SW8 1SQ,SW8,+44 20 7404 9889,https://hybridflowers.co.uk/,4.9,7,ChIJa8t9JO4EdkgRb-pDyccZsAA,https://maps.google.com/?cid=49567941766933103&g_mp=Cidnb29nbGUubWFwcy5wbGFjZXMudjEuUGxhY2VzLlNlYXJjaFRleHQQAhgEIAA,florist,
A,flowers,commercial,38,Lambeth,In Water Flowers,Florist,Home & Living,"Stewarts Lane Goods Depot, 70A Silverthorne Rd, London",SW8 3HE,SW8,+44 20 7724 9985,http://www.inwaterflowers.co.uk/,4.8,12,ChIJ3X-GligQdkgRHf4rv0_fxNc,https://maps.google.com/?cid=15547797347192536605&g_mp=Cidnb29nbGUubWFwcy5wbGFjZXMudjEuUGxhY2VzLlNlYXJjaFRleHQQAhgEIAA,florist,
A,flowers,commercial,38,Lambeth,James Alexander Flowers,Florist,Home & Living,"7 Havelock Terrace, London",SW8 4AS,SW8,+44 7825 092785,https://www.jamesalexanderflowers.com/,5,2,ChIJAdkDK6MFdkgRg9slaZ-6XNY,https://maps.google.com/?cid=15446426015800613763&g_mp=Cidnb29nbGUubWFwcy5wbGFjZXMudjEuUGxhY2VzLlNlYXJjaFRleHQQAhgEIAA,florist,
A,flowers,commercial,38,Lambeth,Jemima in the Woods,Florist,Home & Living,"Arc House, Maltby St, London",SE1 3PA,SE1,+44 7852 937336,https://www.jemimainthewoods.com/contact.html,5,5,ChIJnx62S0EDdkgRwjThLrkd7zo,https://maps.google.com/?cid=4246645654826333378&g_mp=Cidnb29nbGUubWFwcy5wbGFjZXMudjEuUGxhY2VzLlNlYXJjaFRleHQQAhgEIAA,florist,
A,fashion,commercial,38,Lambeth,Mary’s Vintage,Women's clothing store,Fashion & Apparel,"Haynes Ln, London",SE19 3AN,SE19,,http://marysvintage.co.uk/,,,ChIJi-Uyo08BdkgR5qGExc50boQ,https://maps.google.com/?cid=9542693091870548454&g_mp=Cidnb29nbGUubWFwcy5wbGFjZXMudjEuUGxhY2VzLlNlYXJjaFRleHQQAhgEIAA,vintage / boutique,
A,books,commercial,38,Lambeth,Nuckley Rare Books,Book store,Books & Music,"76 Sylvan Rd, London",SE19 2RZ,SE19,,https://nuckleyrarebooks.com/,5,8,ChIJu_rvq5ix2EcRB0rMpGA8eno,https://maps.google.com/?cid=8825432805565286919&g_mp=Cidnb29nbGUubWFwcy5wbGFjZXMudjEuUGxhY2VzLlNlYXJjaFRleHQQAhgEIAA,bookshop,
A,flowers,commercial,38,Lambeth,Pollen Nation,Florist,Home & Living,"Unit 20b Safestore Business Centre, Ingate Pl, London",SW8 3NS,SW8,+44 7968 595018,http://www.pollen-nation.co.uk/,5,3,ChIJrzvjQrkcdkgRT57aWnhytLM,https://maps.google.com/?cid=12949100689842937423&g_mp=Cidnb29nbGUubWFwcy5wbGFjZXMudjEuUGxhY2VzLlNlYXJjaFRleHQQAhgEIAA,florist,
A,flowers,commercial,38,Lambeth,Rob Van Helden Floral Design Ltd,Florist,Home & Living,"8, Tun Yard, Peardon St, London",SW8 3HT,SW8,+44 20 7720 6774,http://www.rvhfloraldesign.com/,5,14,ChIJK61nkqsFdkgRBsH1F3FYhp4,https://maps.google.com/?cid=11422914747628372230&g_mp=Cidnb29nbGUubWFwcy5wbGFjZXMudjEuUGxhY2VzLlNlYXJjaFRleHQQAhgEIAA,florist,
A,flowers,commercial,38,Lambeth,Simon Lycett,Florist,Home & Living,"Railway Arch, 270-272 Bethwin Rd, London",SE5 0YW,SE5,+44 20 7277 3322,http://www.simonlycett.co.uk/,5,11,ChIJTWtc9YIEdkgRKVdDagW2y4o,https://maps.google.com/?cid=10001287531880208169&g_mp=Cidnb29nbGUubWFwcy5wbGFjZXMudjEuUGxhY2VzLlNlYXJjaFRleHQQAhgEIAA,florist,
A,flowers,commercial,38,Lambeth,The Last Bunch,Florist,Home & Living,"Unit 8f, London",SW8 4AS,SW8,+44 20 8644 5445,http://thelastbunch.com/,4.7,13,ChIJp7SkIwwFdkgRZtBruiVxpUQ,https://maps.google.com/?cid=4946484172591714406&g_mp=Cidnb29nbGUubWFwcy5wbGFjZXMudjEuUGxhY2VzLlNlYXJjaFRleHQQAhgEIAA,florist,
A,flowers,commercial,38,Lambeth,The Moment London,Florist,Home & Living,"Unit 1.19, Oxo Tower Wharf Barge House Street, London",SE1 9PH,SE1,,https://www.themoment.london/,5,2,ChIJ31cA_HEFdkgRvZOpl961oVc,https://maps.google.com/?cid=6314528120181986237&g_mp=Cidnb29nbGUubWFwcy5wbGFjZXMudjEuUGxhY2VzLlNlYXJjaFRleHQQAhgEIAA,florist,
A,flowers,commercial,38,Lambeth,The Nunhead Gardener - Bloom Works,Florist,Home & Living,"Unit 13, Butterfly Walk, Denmark Hill, London",SE5 8RW,SE5,+44 20 4539 5661,https://www.thenunheadgardener.com/,5,2,ChIJT2POJjYDdkgRynmwVqp-Wdw,https://maps.google.com/?cid=15877861231335340490&g_mp=Cidnb29nbGUubWFwcy5wbGFjZXMudjEuUGxhY2VzLlNlYXJjaFRleHQQAhgEIAA,florist,
B,specialty_food,commercial,43,Lambeth,Aries Bakehouse,Bakery,Food & Drink,"99 Acre Ln, London",SW2 5TU,SW2,,https://aries-bakehouse.square.site/,4.7,270,ChIJ3cxCG48FdkgRqjKI07BlVus,https://maps.google.com/?cid=16957853257047749290&g_mp=Cidnb29nbGUubWFwcy5wbGFjZXMudjEuUGxhY2VzLlNlYXJjaFRleHQQAhgEIAA,specialty food (Bakery),
B,specialty_food,commercial,43,Lambeth,Bless Bakes,Bakery,Food & Drink,"Previously in Tooting Market, Streatham High Rd, London",SW16 1DL,SW16,+44 7341 220494,https://blessbakes.co.uk/,5,255,ChIJ6VM04q4HdkgRls434eahD5w,https://maps.google.com/?cid=11245384807560498838&g_mp=Cidnb29nbGUubWFwcy5wbGFjZXMudjEuUGxhY2VzLlNlYXJjaFRleHQQAhgEIAA,specialty food (Bakery),
B,specialty_food,commercial,43,Lambeth,Blowing Dandelion,Dessert shop,Food & Drink,"3 Belvedere Rd, London",SE19 2HJ,SE19,+44 7930 156520,http://www.blowingdandelion.co.uk/,4.8,275,ChIJ24yvkEUBdkgRVp6k6pH_b6I,https://maps.google.com/?cid=11704854958731206230&g_mp=Cidnb29nbGUubWFwcy5wbGFjZXMudjEuUGxhY2VzLlNlYXJjaFRleHQQAhgEIAA,specialty food (Dessert shop),
B,specialty_food,commercial,43,Lambeth,Bunhead Bakery,Bakery,Food & Drink,"145 Dulwich Rd, London",SE24 0NG,SE24,,http://www.bunheadbakery.com/,4.6,316,ChIJqd3zMcHOaW8RA_nwua1WH0s,https://maps.google.com/?cid=5413140581271533827&g_mp=Cidnb29nbGUubWFwcy5wbGFjZXMudjEuUGxhY2VzLlNlYXJjaFRleHQQAhgEIAA,specialty food (Bakery),
B,specialty_food,commercial,43,Lambeth,Cake Zone,Bakery,Food & Drink,"1581 London Rd, London",SW16 4AA,SW16,+44 20 8764 4960,http://www.cakezoneonline.co.uk/,4.7,172,ChIJJZIQopMGdkgRUYnp0ijM2B8,https://maps.google.com/?cid=2294808485854546257&g_mp=Cidnb29nbGUubWFwcy5wbGFjZXMudjEuUGxhY2VzLlNlYXJjaFRleHQQAhgEIAA,specialty food (Bakery),
B,specialty_food,commercial,43,Lambeth,Chatsworth Bakehouse,Bakery,Food & Drink,"120a Anerley Rd, London",SE19 2AN,SE19,,http://chatsworthbakehouse.com/,4.8,385,ChIJMeN-I3oHdkgRhLUN2KN2AqA,https://maps.google.com/?cid=11529908442098414980&g_mp=Cidnb29nbGUubWFwcy5wbGFjZXMudjEuUGxhY2VzLlNlYXJjaFRleHQQAhgEIAA,specialty food (Bakery),
B,specialty_food,commercial,43,Lambeth,Comptoir Bakery Maltby,Bakery,Food & Drink,"Maltby St, London",SE1 3PB,SE1,,http://www.comptoirbakery.co.uk/,4.7,422,ChIJc3TUOqgcdkgRtZDtF3Cn4MM,https://maps.google.com/?cid=14114465332058755253&g_mp=Cidnb29nbGUubWFwcy5wbGFjZXMudjEuUGxhY2VzLlNlYXJjaFRleHQQAhgEIAA,specialty food (Bakery),
B,specialty_food,commercial,43,Lambeth,Delicias,Deli,Food & Drink,"280 Wandsworth Rd, London",SW8 2JR,SW8,+44 20 7622 9811,http://www.delicias-uk.com/,4.6,458,ChIJBaHslPgEdkgR06FRT0FiDT4,https://maps.google.com/?cid=4471338037691916755&g_mp=Cidnb29nbGUubWFwcy5wbGFjZXMudjEuUGxhY2VzLlNlYXJjaFRleHQQAhgEIAA,specialty food (Deli),
B,specialty_food,commercial,43,Lambeth,Florentine Bakery,Bakery,Food & Drink,"463 Norwood Rd, London",SE27 9DJ,SE27,+44 20 8676 4906,http://www.florentine-bakery.co.uk/,4.7,334,ChIJkZJZRWIFdkgRMGp8qaqY5s0,https://maps.google.com/?cid=14836713881174043184&g_mp=Cidnb29nbGUubWFwcy5wbGFjZXMudjEuUGxhY2VzLlNlYXJjaFRleHQQAhgEIAA,specialty food (Bakery),
B,specialty_food,commercial,43,Lambeth,IRENE,Bakery,Food & Drink,"31 Denmark Hill, London",SE5 8RS,SE5,+44 20 3659 0585,https://www.irenebakery.co.uk/,4.6,288,ChIJ44qtUtYDdkgREPQ_yyIBpHM,https://maps.google.com/?cid=8332786459492742160&g_mp=Cidnb29nbGUubWFwcy5wbGFjZXMudjEuUGxhY2VzLlNlYXJjaFRleHQQAhgEIAA,specialty food (Bakery),
B,specialty_food,commercial,43,Lambeth,L'Atelier Patisserie,Pastry shop,Food & Drink,"Unit 29 Market Row, London",SW9 8LB,SW9,+44 7501 115988,https://deliveroo.co.uk/menu/london/brixton/l-atelier-bakery?utm_campaign=organic&utm_medium=referrer&utm_source=menu_share,4.8,262,ChIJXZkRRjgFdkgRKv4H_mLQFkk,https://maps.google.com/?cid=5266625937843682858&g_mp=Cidnb29nbGUubWFwcy5wbGFjZXMudjEuUGxhY2VzLlNlYXJjaFRleHQQAhgEIAA,specialty food (Pastry shop),
B,specialty_food,commercial,43,Lambeth,La Gastronomia,Deli,Food & Drink,"86 Park Hall Rd, London",SE21 8BW,SE21,+44 20 8766 0494,http://lagastronomia.co.uk/,4.8,196,ChIJiWc0zf4DdkgRdH7jFcHnOYo,https://maps.google.com/?cid=9960246867388497524&g_mp=Cidnb29nbGUubWFwcy5wbGFjZXMudjEuUGxhY2VzLlNlYXJjaFRleHQQAhgEIAA,specialty food (Deli),
B,specialty_food,commercial,43,Lambeth,Lò Bánh Mì,Bakery,Food & Drink,"Unit 1, 304 Borough High St, London",SE1 1JJ,SE1,+44 7857 146997,http://lobanhmi.co.uk/,4.9,626,ChIJCek6LKcEdkgR6HBUXHYL0z4,https://maps.google.com/?cid=4526974653420564712&g_mp=Cidnb29nbGUubWFwcy5wbGFjZXMudjEuUGxhY2VzLlNlYXJjaFRleHQQAhgEIAA,specialty food (Bakery),
B,specialty_food,commercial,43,Lambeth,Maya’s Bakehouse,Bakery,Food & Drink,"37 Tulse Hill, London",SW2 2TJ,SW2,,https://mayasbakehouse.square.site/,4.9,174,ChIJob38vxoFdkgRDoiQbcHuB88,https://maps.google.com/?cid=14918154805222344718&g_mp=Cidnb29nbGUubWFwcy5wbGFjZXMudjEuUGxhY2VzLlNlYXJjaFRleHQQAhgEIAA,specialty food (Bakery),
B,specialty_food,commercial,43,Lambeth,Old Post Office Bakery,Bakery,Food & Drink,"Old Post Office Bakery, 76 Landor Rd, London",SW9 9PH,SW9,+44 20 3887 9350,https://www.oldpostofficebakery.com/,4.6,339,ChIJ-5srslsEdkgR-Ce907Mzltk,https://maps.google.com/?cid=15678776000181512184&g_mp=Cidnb29nbGUubWFwcy5wbGFjZXMudjEuUGxhY2VzLlNlYXJjaFRleHQQAhgEIAA,specialty food (Bakery),
B,specialty_food,commercial,43,Lambeth,Petit Bleu,Bakery,Food & Drink,"42 Snowsfields, London",SE1 3SU,SE1,+44 20 7407 4296,http://www.petitbleu.co.uk/,4.6,309,ChIJA9b841oDdkgRoZgUe7URAj8,https://maps.google.com/?cid=4540210845494581409&g_mp=Cidnb29nbGUubWFwcy5wbGFjZXMudjEuUGxhY2VzLlNlYXJjaFRleHQQAhgEIAA,specialty food (Bakery),
B,specialty_food,commercial,43,Lambeth,Sakurado Japanese Patisserie Vauxhall,Pastry shop,Food & Drink,"21 Miles St, London",SW8 1GX,SW8,+44 20 7589 2260,https://sakurado.co.uk/,4.7,520,ChIJ5fkXhTQFdkgRYd9ccz8-6S8,https://maps.google.com/?cid=3452359031595523937&g_mp=Cidnb29nbGUubWFwcy5wbGFjZXMudjEuUGxhY2VzLlNlYXJjaFRleHQQAhgEIAA,specialty food (Pastry shop),
B,specialty_food,commercial,43,Lambeth,TOAD Bakery,Bakery,Food & Drink,"44 Peckham Rd, London",SE5 8PX,SE5,,http://www.toadbakery.com/,4.8,822,ChIJ8Wy2dvADdkgRr4cikvURs_0,https://maps.google.com/?cid=18280975058843371439&g_mp=Cidnb29nbGUubWFwcy5wbGFjZXMudjEuUGxhY2VzLlNlYXJjaFRleHQQAhgEIAA,specialty food (Bakery),
B,specialty_food,commercial,39,Lambeth,Blackbird Bakery Crystal Palace,Bakery,Food & Drink,"59 Westow St, London",SE19 3RW,SE19,+44 20 8768 0357,http://www.blackbirdbakerylondon.co.uk/,4.3,304,ChIJ5ekShkUBdkgRlGhaGzQkgYc,https://maps.google.com/?cid=9764125273331755156&g_mp=Cidnb29nbGUubWFwcy5wbGFjZXMudjEuUGxhY2VzLlNlYXJjaFRleHQQAhgEIAA,specialty food (Bakery),
B,specialty_food,commercial,39,Lambeth,Bread Ahead Bakery | Borough Market,Bakery,Food & Drink,"Borough Market, Cathedral St, London",SE1 9DE,SE1,+44 20 7403 5444,https://www.breadahead.com/,4.3,2626,ChIJBwCND1cDdkgR0uUFSNBwcvU,https://maps.google.com/?cid=17686322726501213650&g_mp=Cidnb29nbGUubWFwcy5wbGFjZXMudjEuUGxhY2VzLlNlYXJjaFRleHQQAhgEIAA,specialty food (Bakery),
B,specialty_food,commercial,39,Lambeth,Christopher's,Bakery,Food & Drink,"145 Half Moon Ln, London",SE24 9JY,SE24,,https://www.christophers-bakery.com/,4.4,204,ChIJYcwwmIoDdkgRCC4HcIPpeYM,https://maps.google.com/?cid=9473860041880055304&g_mp=Cidnb29nbGUubWFwcy5wbGFjZXMudjEuUGxhY2VzLlNlYXJjaFRleHQQAhgEIAA,specialty food (Bakery),
B,specialty_food,commercial,39,Lambeth,Comptoir Bakery Bermondsey,Bakery,Food & Drink,"The Woolpack, 96 Bermondsey St, London",SE1 3UB,SE1,,http://www.comptoirbakery.co.uk/,4.4,493,ChIJI7ply0QDdkgRDDOizkbBX-A,https://maps.google.com/?cid=16167853697141977868&g_mp=Cidnb29nbGUubWFwcy5wbGFjZXMudjEuUGxhY2VzLlNlYXJjaFRleHQQAhgEIAA,specialty food (Bakery),
B,specialty_food,commercial,39,Lambeth,Cut the Mustard,Bakery,Food & Drink,"68 Moyser Rd, London",SW16 6SQ,SW16,,https://cutthemustardcafe.com/,4.5,366,ChIJa9dvjnsGdkgRMwsz5sT_p0A,https://maps.google.com/?cid=4658973560678845235&g_mp=Cidnb29nbGUubWFwcy5wbGFjZXMudjEuUGxhY2VzLlNlYXJjaFRleHQQAhgEIAA,specialty food (Bakery),
B,specialty_food,commercial,39,Lambeth,Dough Artisan Bakehouse,Bakery,Food & Drink,"284 Milkwood Rd, London",SE24 0EZ,SE24,+44 7399 493481,http://doughbakehouse.co.uk/,4.4,323,ChIJ6b7mF3MEdkgR2x5zRFE5AFk,https://maps.google.com/?cid=6413188890579115739&g_mp=Cidnb29nbGUubWFwcy5wbGFjZXMudjEuUGxhY2VzLlNlYXJjaFRleHQQAhgEIAA,specialty food (Bakery),
B,specialty_food,commercial,39,Lambeth,Fruit Cake Patisserie,Pastry shop,Food & Drink,"50 Kennington Rd, London",SE1 7BL,SE1,+44 20 7401 2997,https://patisserie-valerie.co.uk/products/mango-passionfruit-cake-1,4.6,77,ChIJewekkL4EdkgRzXL6wEpM-mg,https://maps.google.com/?cid=7564442408071099085&g_mp=Cidnb29nbGUubWFwcy5wbGFjZXMudjEuUGxhY2VzLlNlYXJjaFRleHQQAhgEIAA,specialty food (Pastry shop),
B,specialty_food,commercial,39,Lambeth,Funchal bakery,Bakery,Food & Drink,"141 Stockwell Rd, London",SW9 9TN,SW9,+44 20 7733 3134,https://mapzone.me/funchal-bakery-593092-web,4.5,250,ChIJaYhKVmcEdkgR4zV4659FMmA,https://maps.google.com/?cid=6931679329629255139&g_mp=Cidnb29nbGUubWFwcy5wbGFjZXMudjEuUGxhY2VzLlNlYXJjaFRleHQQAhgEIAA,specialty food (Bakery),
B,specialty_food,commercial,39,Lambeth,Hype 🍪 Cookies,Bakery,Food & Drink,"Unit 8, Lindford Street Business Estate, 76 Stewart's Rd, London",SW8 4DE,SW8,+44 7442 477747,https://hypecookies.co.uk/,4.9,81,ChIJiZXDYpAFdkgRaa-pHNlqg4M,https://maps.google.com/?cid=9476535521638985577&g_mp=Cidnb29nbGUubWFwcy5wbGFjZXMudjEuUGxhY2VzLlNlYXJjaFRleHQQAhgEIAA,specialty food (Bakery),
B,specialty_food,commercial,39,Lambeth,Il Sovrano,Deli,Food & Drink,"12 Croxted Rd, London",SE21 8SW,SE21,,http://www.ilsovrano.com/,4.7,83,ChIJb2vTN8cDdkgRwVHe--LHLs8,https://maps.google.com/?cid=14929089592481960385&g_mp=Cidnb29nbGUubWFwcy5wbGFjZXMudjEuUGxhY2VzLlNlYXJjaFRleHQQAhgEIAA,specialty food (Deli),
B,specialty_food,commercial,39,Lambeth,Italo,Deli,Food & Drink,"13 Bonnington Square, London",SW8 1TE,SW8,+44 20 7450 3773,http://italodeli.co.uk/,4.5,639,ChIJe4fSn-0EdkgRScyCaeWxmEk,https://maps.google.com/?cid=5303184160104565833&g_mp=Cidnb29nbGUubWFwcy5wbGFjZXMudjEuUGxhY2VzLlNlYXJjaFRleHQQAhgEIAA,specialty food (Deli),
B,specialty_food,commercial,39,Lambeth,Konditor,Bakery,Food & Drink,"22 Cornwall Rd, London",SE1 8TW,SE1,+44 20 7633 3333,http://www.konditor.co.uk/,4.4,398,ChIJ8VNPp7AEdkgRlrFppK5imNI,https://maps.google.com/?cid=15174987446647107990&g_mp=Cidnb29nbGUubWFwcy5wbGFjZXMudjEuUGxhY2VzLlNlYXJjaFRleHQQAhgEIAA,specialty food (Bakery),
B,specialty_food,commercial,39,Lambeth,Le Tour de France,Deli,Food & Drink,"135 Sunnyhill Rd, London",SW16 2UW,SW16,+44 20 8677 8711,http://www.letourdefrance.co.uk/,4.7,86,ChIJs0JLaJ4GdkgRVkEt_hn-_vs,https://maps.google.com/?cid=18158230135196434774&g_mp=Cidnb29nbGUubWFwcy5wbGFjZXMudjEuUGxhY2VzLlNlYXJjaFRleHQQAhgEIAA,specialty food (Deli),
B,specialty_food,commercial,39,Lambeth,Lisboa Patisserie,Pastry shop,Food & Drink,"147-149 S Lambeth Rd, London",SW8 1XN,SW8,+44 20 7587 1612,https://4map.top/lisboa-patisserie-3,4.5,228,ChIJc0SsqvYEdkgRTseqBbpqhdQ,https://maps.google.com/?cid=15313763455134779214&g_mp=Cidnb29nbGUubWFwcy5wbGFjZXMudjEuUGxhY2VzLlNlYXJjaFRleHQQAhgEIAA,specialty food (Pastry shop),
B,specialty_food,commercial,39,Lambeth,Ma Ma Boutique Bakery,Bakery,Food & Drink,"Borough Market, 8 Southwark St, London",SE1 1TL,SE1,,https://boroughmarket.org.uk/traders/ma-ma-boutique-bakery/,4.8,49,ChIJP_iFLwADdkgRxouwTqG-8NU,https://maps.google.com/?cid=15416031124508412870&g_mp=Cidnb29nbGUubWFwcy5wbGFjZXMudjEuUGxhY2VzLlNlYXJjaFRleHQQAhgEIAA,specialty food (Bakery),
B,specialty_food,commercial,39,Lambeth,Ole & Steen UK,Bakery,Food & Drink,"Unit B, 6 More London Pl, London",SE1 2DE,SE1,+44 20 3376 9676,https://oleandsteen.co.uk/,4.4,543,ChIJL1H8xmUDdkgRyU6la_LHoOU,https://maps.google.com/?cid=16546444874961211081&g_mp=Cidnb29nbGUubWFwcy5wbGFjZXMudjEuUGxhY2VzLlNlYXJjaFRleHQQAhgEIAA,specialty food (Bakery),
B,specialty_food,commercial,39,Lambeth,Take a Bite and Smile · Bakery & Café,Bakery,Food & Drink,"The Plough Brewery, 516 Wandsworth Rd, London",SW8 3JX,SW8,,https://www.takeabiteandsmile.co.uk/,4.9,46,ChIJt6sKPiAFdkgRB4wB9kcPGdQ,https://maps.google.com/?cid=15283263612202880007&g_mp=Cidnb29nbGUubWFwcy5wbGFjZXMudjEuUGxhY2VzLlNlYXJjaFRleHQQAhgEIAA,specialty food (Bakery),
B,books,commercial,37,Lambeth,Christian Books Plus London,Book store,Books & Music,"O K Fashions, 386 Brixton Rd, London",SW9 7AW,SW9,+44 20 7686 6024,http://www.christianbooks-plus.com/,4.4,15,ChIJZ774AWcEdkgRp6WCfHyQO4Y,https://maps.google.com/?cid=9672483489047553447&g_mp=Cidnb29nbGUubWFwcy5wbGFjZXMudjEuUGxhY2VzLlNlYXJjaFRleHQQAhgEIAA,bookshop,
B,flowers,commercial,37,Lambeth,Crystal Palace Flowers,Florist,Home & Living,"The Alma, 95 Church Rd, London",SE19 2TA,SE19,+44 7930 348028,https://www.crystalpalaceflowers.co.uk/,4.4,35,ChIJb2wkuukBdkgRYJuhCjroe5U,https://maps.google.com/?cid=10771458269770783584&g_mp=Cidnb29nbGUubWFwcy5wbGFjZXMudjEuUGxhY2VzLlNlYXJjaFRleHQQAhgEIAA,florist,
B,specialty_food,commercial,36,Lambeth,Bread Bread Ltd,Bakery,Food & Drink,"Unit 5, Stone Trading Estate, Milkwood Rd, London",SE24 0JU,SE24,+44 20 7733 7675,http://www.breadbreadbakery.co.uk/,4.8,25,ChIJET3JiHAEdkgRFTXAYUzejpU,https://maps.google.com/?cid=10776795377983042837&g_mp=Cidnb29nbGUubWFwcy5wbGFjZXMudjEuUGxhY2VzLlNlYXJjaFRleHQQAhgEIAA,specialty food (Bakery),
B,fashion,commercial,36,Lambeth,Dead Craft® Jewellery,Jewelry store,Art & Culture,"7 Geoffrey Cl, London",SE5 9BX,SE5,+44 7557 978567,https://www.dead-craft.com/,5,5,ChIJMQXP4vsFdkgRJ83BhH9oWP8,https://maps.google.com/?cid=18399571174519590183&g_mp=Cidnb29nbGUubWFwcy5wbGFjZXMudjEuUGxhY2VzLlNlYXJjaFRleHQQAhgEIAA,independent jewellery,
B,specialty_food,commercial,36,Lambeth,Guzzl,Deli,Home & Living,"9, Granville Arcade, Coldharbour Ln, London",SW9 8PR,SW9,+44 20 7346 8811,http://www.guzzl.club/,5,24,ChIJGYz8qGgEdkgRyO7G5cCHNN0,https://maps.google.com/?cid=15939514243729518280&g_mp=Cidnb29nbGUubWFwcy5wbGFjZXMudjEuUGxhY2VzLlNlYXJjaFRleHQQAhgEIAA,specialty food (Deli),
B,specialty_food,commercial,36,Lambeth,Jack and Beyond,Bakery,Food & Drink,"Arch 64 Queen's Circus, London",SW8 4NE,SW8,+44 20 3152 5610,https://jackandbeyond.com/,4.9,19,ChIJ42v6KJAFdkgRWB1Eh5asrGc,https://maps.google.com/?cid=7470535644415270232&g_mp=Cidnb29nbGUubWFwcy5wbGFjZXMudjEuUGxhY2VzLlNlYXJjaFRleHQQAhgEIAA,specialty food (Bakery),
B,specialty_food,commercial,36,Lambeth,QuashCakes,Bakery,Food & Drink,"90 College Grn, London",SE19 3PN,SE19,+44 7856 778739,http://www.quashcakes.com/,5,21,ChIJM0ZQVNsBdkgR7zz-hpIWhk8,https://maps.google.com/?cid=5730292394461379823&g_mp=Cidnb29nbGUubWFwcy5wbGFjZXMudjEuUGxhY2VzLlNlYXJjaFRleHQQAhgEIAA,specialty food (Bakery),
B,fashion,commercial,36,Lambeth,Rose & Thorn,Jewelry store,Fashion & Apparel,"Granville Arcade, Unit 75 Coldharbour Ln, London",SW9 8PR,SW9,+44 20 3417 9550,http://www.roseandthornbrixton.co.uk/,4.6,8,ChIJF8HHA2YEdkgRzG92x4OGwdg,https://maps.google.com/?cid=15618912883242856396&g_mp=Cidnb29nbGUubWFwcy5wbGFjZXMudjEuUGxhY2VzLlNlYXJjaFRleHQQAhgEIAA,independent jewellery,
B,books,commercial,36,Lambeth,Southbank Book Market,Book store,Books & Music,"Waterloo Campus, Waterloo Brg, London",SE1 8TX,SE1,,https://www.southbankcentre.co.uk/shopping/south-bank-book-market/,4.1,88,ChIJxwt8FlQFdkgRVhyTxAXdopA,https://maps.google.com/?cid=10422135504531299414&g_mp=Cidnb29nbGUubWFwcy5wbGFjZXMudjEuUGxhY2VzLlNlYXJjaFRleHQQAhgEIAA,bookshop,
B,fashion,commercial,36,Lambeth,StoneCraft Jewellery,Jewelry store,Art & Culture,"Vinegar Yard, St Thomas St, London",SE1 3QU,SE1,+44 7857 963660,http://www.stonecraftjewellery.com/,4.8,13,ChIJjzrcebMFdkgRSodO2KFKCog,https://maps.google.com/?cid=9802729597904521034&g_mp=Cidnb29nbGUubWFwcy5wbGFjZXMudjEuUGxhY2VzLlNlYXJjaFRleHQQAhgEIAA,independent jewellery,
B,flowers,commercial,36,Lambeth,The Bouquet Shop,Florist,Home & Living,"13 Rowan Rd, London",SW16 5JF,SW16,+44 20 8764 2123,http://www.thebouquetshop.co.uk/,3.9,64,ChIJfzRixl8GdkgRp4lpSHbrGAc,https://maps.google.com/?cid=511417450960095655&g_mp=Cidnb29nbGUubWFwcy5wbGFjZXMudjEuUGxhY2VzLlNlYXJjaFRleHQQAhgEIAA,florist,
B,fashion,commercial,36,Lambeth,Tine Bladbjerg,Jewelry store,Fashion & Apparel,"A L'Etage, 4 Westow Hill, London",SE19 1RX,SE19,+44 20 8761 1868,http://tinebladbjerg.com/,5,2,ChIJq6q7708BdkgR6LHWiWyfUMo,https://maps.google.com/?cid=14578327282316128744&g_mp=Cidnb29nbGUubWFwcy5wbGFjZXMudjEuUGxhY2VzLlNlYXJjaFRleHQQAhgEIAA,independent jewellery,
B,specialty_food,commercial,36,Lambeth,"UK Gifts Portal - Rakhi Gifts Hamper, Online Rakhi Store, Rakhi Delivery Services, Online Rakhi",Gift shop,Home & Living,"7, Penrose Court, 20 Boundaries Rd, London",SW12 8BY,SW12,+44 7405 700518,https://ukgiftsportal.co.uk/,4.9,27,ChIJ39_R7MQFdkgRrowiUPWKjuw,https://maps.google.com/?cid=17045714425859968174&g_mp=Cidnb29nbGUubWFwcy5wbGFjZXMudjEuUGxhY2VzLlNlYXJjaFRleHQQAhgEIAA,specialty food (Gift shop),
B,fashion,commercial,35,Lambeth,A.P.C. Surplus,Clothing store,Fashion & Apparel,"13 Park St, London",SE1 9AB,SE1,+44 20 7367 6227,https://www.apcstore.co.uk/?_mkpid=1881&_mkpd=UK&_mkpc=stores_UK&utm_source=gmb&utm_medium=retail&utm_campaign=stores_UK,4.5,26,ChIJP1dGhowDdkgRT3PwdHY3BAQ,https://maps.google.com/?cid=289417257966138191&g_mp=Cidnb29nbGUubWFwcy5wbGFjZXMudjEuUGxhY2VzLlNlYXJjaFRleHQQAhgEIAA,independent clothing,
B,specialty_food,commercial,35,Lambeth,Blackbird Bakery Balham,Bakery,Food & Drink,"12 Hildreth St, London",SW12 9RQ,SW12,+44 20 8772 0097,http://www.blackbirdbakerylondon.co.uk/,4.1,157,ChIJdY00cs8FdkgRhrsjD-ftWh0,https://maps.google.com/?cid=2115264551651097478&g_mp=Cidnb29nbGUubWFwcy5wbGFjZXMudjEuUGxhY2VzLlNlYXJjaFRleHQQAhgEIAA,specialty food (Bakery),
B,specialty_food,commercial,35,Lambeth,Blackbird Bakery Herne Hill,Bakery,Food & Drink,"230 Railton Rd, London",SE24 0JT,SE24,+44 20 7095 8800,http://www.blackbirdbakerylondon.co.uk/,3.8,361,ChIJLY9E3nIEdkgRraPhyUlJPsc,https://maps.google.com/?cid=14356993243372168109&g_mp=Cidnb29nbGUubWFwcy5wbGFjZXMudjEuUGxhY2VzLlNlYXJjaFRleHQQAhgEIAA,specialty food (Bakery),
B,specialty_food,commercial,35,Lambeth,Blackbird Bakery Streatham,Bakery,Food & Drink,"10, Astoria Parade, London",SW16 1PR,SW16,+44 20 8696 9000,http://www.blackbirdbakerylondon.co.uk/,4.1,513,ChIJkXYY3ycEdkgRhOlew-MGqmU,https://maps.google.com/?cid=7325675319176653188&g_mp=Cidnb29nbGUubWFwcy5wbGFjZXMudjEuUGxhY2VzLlNlYXJjaFRleHQQAhgEIAA,specialty food (Bakery),
B,specialty_food,commercial,35,Lambeth,Blackbird Bakery West Norwood,Bakery,Food & Drink,"388 Norwood Rd, London",SE27 9AA,SE27,+44 20 8670 5874,http://www.blackbirdbakerylondon.co.uk/,4,192,ChIJFbBkKKgGdkgRGtcY98v9lyc,https://maps.google.com/?cid=2853027941428287258&g_mp=Cidnb29nbGUubWFwcy5wbGFjZXMudjEuUGxhY2VzLlNlYXJjaFRleHQQAhgEIAA,specialty food (Bakery),
B,specialty_food,commercial,35,Lambeth,Buddy's Bakery,Bakery,Food & Drink,"M Moen & Sons, 25 The Pavement, London",SW4 0JA,SW4,+44 7872 317846,https://www.instagram.com/buddys_deli_bakery?igsh=NHRvOHVlandkY2Mz,4.5,94,ChIJQ9WYHUEFdkgRn5t282QYqQ4,https://maps.google.com/?cid=1056402409455524767&g_mp=Cidnb29nbGUubWFwcy5wbGFjZXMudjEuUGxhY2VzLlNlYXJjaFRleHQQAhgEIAA,specialty food (Bakery),
B,specialty_food,commercial,35,Lambeth,GAIL's Bakery Abbeville Road,Bakery,Food & Drink,"71 Abbeville Rd, London",SW4 9JW,SW4,+44 20 4546 8100,https://gails.com/pages/abbeville-road,4,375,ChIJaUIoJEsEdkgRwpboDEjaKCE,https://maps.google.com/?cid=2389399605309118146&g_mp=Cidnb29nbGUubWFwcy5wbGFjZXMudjEuUGxhY2VzLlNlYXJjaFRleHQQAhgEIAA,specialty food (Bakery),
B,specialty_food,commercial,35,Lambeth,GAIL's Bakery Balham,Bakery,Food & Drink,"1, Station Parade, 1 Balham High Rd, London",SW12 9AZ,SW12,+44 20 4546 8102,https://gails.com/pages/balham,4.1,425,ChIJkxypJWoFdkgRrke_DVAj1LA,https://maps.google.com/?cid=12741848072472971182&g_mp=Cidnb29nbGUubWFwcy5wbGFjZXMudjEuUGxhY2VzLlNlYXJjaFRleHQQAhgEIAA,specialty food (Bakery),
B,specialty_food,commercial,35,Lambeth,GAIL's Bakery Bermondsey Street,Bakery,Food & Drink,"Unit B2, 194 -204 Bermondsey St, London",SE1 3UW,SE1,+44 20 4546 8108,https://gails.com/pages/bermondsey,4,157,ChIJzfLhprEDdkgRtcfG9t-s3yQ,https://maps.google.com/?cid=2657032383089788853&g_mp=Cidnb29nbGUubWFwcy5wbGFjZXMudjEuUGxhY2VzLlNlYXJjaFRleHQQAhgEIAA,specialty food (Bakery),
B,specialty_food,commercial,35,Lambeth,GAIL's Bakery Blackfriars,Bakery,Food & Drink,"3 Blackfriars Rd, London",SE1 9JU,SE1,+44 7467 715265,https://gails.com/pages/blackfriars,4.2,225,ChIJNaMI0hEFdkgRIu7CqYZym30,https://maps.google.com/?cid=9050953798830452258&g_mp=Cidnb29nbGUubWFwcy5wbGFjZXMudjEuUGxhY2VzLlNlYXJjaFRleHQQAhgEIAA,specialty food (Bakery),
B,specialty_food,commercial,35,Lambeth,GAIL's Bakery Clapham Old Town,Bakery,Food & Drink,"10-12 Old Town, London",SW4 0JY,SW4,+44 20 4546 8137,https://gails.com/pages/clapham-old-town,4.1,409,ChIJScceJq0FdkgRgfXhpuFFj8E,https://maps.google.com/?cid=13947443406459499905&g_mp=Cidnb29nbGUubWFwcy5wbGFjZXMudjEuUGxhY2VzLlNlYXJjaFRleHQQAhgEIAA,specialty food (Bakery),
B,specialty_food,commercial,35,Lambeth,GAIL's Bakery Dulwich Village,Bakery,Food & Drink,"91 Dulwich Village, London",SE21 7BJ,SE21,+44 20 8693 1787,https://gails.com/pages/dulwich-village,3.9,806,ChIJKdvvq_MDdkgREvQwRc1-s4I,https://maps.google.com/?cid=9418010665856070674&g_mp=Cidnb29nbGUubWFwcy5wbGFjZXMudjEuUGxhY2VzLlNlYXJjaFRleHQQAhgEIAA,specialty food (Bakery),
B,specialty_food,commercial,35,Lambeth,GAIL's Bakery Herne Hill,Bakery,Food & Drink,"214-216 Railton Rd, London",SE24 0JT,SE24,+44 20 3848 9716,https://gailsbread.co.uk/bakeries/herne-hill/,3.6,158,ChIJSZfqN_UFdkgRNz00tMa0JX8,https://maps.google.com/?cid=9161927782474988855&g_mp=Cidnb29nbGUubWFwcy5wbGFjZXMudjEuUGxhY2VzLlNlYXJjaFRleHQQAhgEIAA,specialty food (Bakery),
B,specialty_food,commercial,35,Lambeth,GAIL's Bakery Kennington,Bakery,Food & Drink,"18 Kennington Rd, London",SE1 7BL,SE1,+44 20 3848 8165,https://gails.com/pages/kennington,4,192,ChIJwZEeVGMFdkgRqVEsu4uAN_o,https://maps.google.com/?cid=18030020970830123433&g_mp=Cidnb29nbGUubWFwcy5wbGFjZXMudjEuUGxhY2VzLlNlYXJjaFRleHQQAhgEIAA,specialty food (Bakery),
B,specialty_food,commercial,35,Lambeth,GAIL's Bakery Neo Bankside,Bakery,Food & Drink,"Unit C, Block C NEO Bankside, 70 Holland St, London",SE1 9NX,SE1,+44 20 4546 8134,https://gails.com/pages/neo-bankside,4.1,787,ChIJ8z9yJq8EdkgRXOeE9L0O2S4,https://maps.google.com/?cid=3375745604704855900&g_mp=Cidnb29nbGUubWFwcy5wbGFjZXMudjEuUGxhY2VzLlNlYXJjaFRleHQQAhgEIAA,specialty food (Bakery),
B,specialty_food,commercial,35,Lambeth,GAIL's Bakery South Lambeth,Bakery,Food & Drink,"BT Keybridge House, 84 S Lambeth Rd, London",SW8 1RH,SW8,+44 20 7622 6867,https://gails.com/pages/south-lambeth,4.1,287,ChIJ-0YXFOAFdkgRUMQIK4RoqLA,https://maps.google.com/?cid=12729539263629673552&g_mp=Cidnb29nbGUubWFwcy5wbGFjZXMudjEuUGxhY2VzLlNlYXJjaFRleHQQAhgEIAA,specialty food (Bakery),
B,specialty_food,commercial,35,Lambeth,GAIL's Bakery Southbank,Bakery,Food & Drink,"28 York Rd, London",SE1 7ND,SE1,+44 20 4546 8200,https://gails.com/pages/southbank,4.1,1416,ChIJ70k_o_EFdkgRtjFygW-1k-w,https://maps.google.com/?cid=17047168505045201334&g_mp=Cidnb29nbGUubWFwcy5wbGFjZXMudjEuUGxhY2VzLlNlYXJjaFRleHQQAhgEIAA,specialty food (Bakery),
B,specialty_food,commercial,35,Lambeth,GAIL's Bakery The Cut,Bakery,Food & Drink,"73 The Cut, London",SE1 8LL,SE1,+44 20 4546 8154,https://gails.com/pages/the-cut,4.2,249,ChIJW_b_SmUFdkgRXdN_nSU2iiI,https://maps.google.com/?cid=2488861279259710301&g_mp=Cidnb29nbGUubWFwcy5wbGFjZXMudjEuUGxhY2VzLlNlYXJjaFRleHQQAhgEIAA,specialty food (Bakery),
B,specialty_food,commercial,35,Lambeth,IRENE,Bakery,Food & Drink,"Coldharbour Ln, London",SW9 8PS,SW9,+44 20 3659 0585,https://www.irenebakery.co.uk/,4.4,61,ChIJoxr5r4cFdkgRQfcJW9FRavU,https://maps.google.com/?cid=17684036846441068353&g_mp=Cidnb29nbGUubWFwcy5wbGFjZXMudjEuUGxhY2VzLlNlYXJjaFRleHQQAhgEIAA,specialty food (Bakery),
B,specialty_food,commercial,35,Lambeth,Lola's Cupcakes London Bridge,Bakery,Food & Drink,"Retail Trading Cart 1, London Bridge Underground Station, London",SE1 3QX,SE1,+44 20 3991 0192,http://www.lolascupcakes.co.uk/,4.3,94,ChIJL96i2lADdkgRiwZeQXKpVCU,https://maps.google.com/?cid=2689961185635075723&g_mp=Cidnb29nbGUubWFwcy5wbGFjZXMudjEuUGxhY2VzLlNlYXJjaFRleHQQAhgEIAA,specialty food (Bakery),
B,specialty_food,commercial,35,Lambeth,M.Moen & Sons,Butcher shop,Fashion & Apparel,"24 The Pavement, London",SW4 0JA,SW4,+44 20 7622 1626,http://moen.co.uk/,4.2,212,ChIJ-fU8Vk0EdkgRivuciVRHV0I,https://maps.google.com/?cid=4780367957888662410&g_mp=Cidnb29nbGUubWFwcy5wbGFjZXMudjEuUGxhY2VzLlNlYXJjaFRleHQQAhgEIAA,specialty food (Butcher shop),
B,specialty_food,commercial,35,Lambeth,Madeira Patisserie,Bakery,Food & Drink,"Railway Arch, 83 Goding St, London",SE11 5AW,SE11,+44 20 7820 1117,https://madeiralondon.co.uk/,4.3,83,ChIJ5UF0POwEdkgR_I1m444i2bQ,https://maps.google.com/?cid=13031484993869090300&g_mp=Cidnb29nbGUubWFwcy5wbGFjZXMudjEuUGxhY2VzLlNlYXJjaFRleHQQAhgEIAA,specialty food (Bakery),
B,specialty_food,commercial,35,Lambeth,Paul Bankside,Bakery,Food & Drink,"Unit 4, 16 Sumner St, London",SE1 9JZ,SE1,+44 20 3978 5502,https://www.paul-uk.com/,4,361,ChIJxYby26gEdkgRWl624Fm9Bgw,https://maps.google.com/?cid=866588172035186266&g_mp=Cidnb29nbGUubWFwcy5wbGFjZXMudjEuUGxhY2VzLlNlYXJjaFRleHQQAhgEIAA,specialty food (Bakery),
B,specialty_food,commercial,35,Lambeth,Platinum Bakery,Bakery,Food & Drink,"330 Norwood Rd, London",SE27 9AF,SE27,+44 20 8670 7722,http://www.platinumbakery.co.uk/,4.5,78,ChIJy-BlQQMEdkgRq_zLf45H17I,https://maps.google.com/?cid=12886847536098966699&g_mp=Cidnb29nbGUubWFwcy5wbGFjZXMudjEuUGxhY2VzLlNlYXJjaFRleHQQAhgEIAA,specialty food (Bakery),
B,specialty_food,commercial,35,Lambeth,St. JOHN Bakery,Bakery,Food & Drink,"72 Druid St, London",SE1 2HQ,SE1,+44 20 7237 5999,https://stjohnrestaurant.com/pages/bakery,4.1,205,ChIJm3-SykYDdkgR0zKp9TrIZH4,https://maps.google.com/?cid=9107624502005150419&g_mp=Cidnb29nbGUubWFwcy5wbGFjZXMudjEuUGxhY2VzLlNlYXJjaFRleHQQAhgEIAA,specialty food (Bakery),
B,specialty_food,commercial,35,Lambeth,The Cinnamon Tree Bakery Borough Market,Bakery,Food & Drink,"Borough Market Green Market Green Dragon Court, Bedale St, London",SE1 9AL,SE1,+44 7956 654756,https://www.thecinnamontreebakery.co.uk/,4.5,119,ChIJiRUwdFcDdkgRrNhedRhBYRU,https://maps.google.com/?cid=1540584120841590956&g_mp=Cidnb29nbGUubWFwcy5wbGFjZXMudjEuUGxhY2VzLlNlYXJjaFRleHQQAhgEIAA,specialty food (Bakery),
B,specialty_food,commercial,35,Lambeth,Thompson Deli & Baker,Deli,Food & Drink,"Stonehills Mansions, 2 Streatham High Rd, London",SW16 1DB,SW16,,http://www.thompsondeliandbaker.co.uk/,4,209,ChIJM8-ZvSUEdkgRBs6qOr86SHA,https://maps.google.com/?cid=8090781323568532998&g_mp=Cidnb29nbGUubWFwcy5wbGFjZXMudjEuUGxhY2VzLlNlYXJjaFRleHQQAhgEIAA,specialty food (Deli),
B,flowers,commercial,34,Lambeth,Carly Rogers Flowers,Florist,Home & Living,"The Arch, Comber house, 319 Blucher Rd, London",SE5 0LH,SE5,+44 20 8251 9417,https://www.carlyrogersflowers.co.uk/,4.5,2,ChIJ5RyoloEEdkgRHOHV3FQP4qg,https://maps.google.com/?cid=12169306000265175324&g_mp=Cidnb29nbGUubWFwcy5wbGFjZXMudjEuUGxhY2VzLlNlYXJjaFRleHQQAhgEIAA,florist,
B,flowers,commercial,34,Lambeth,Flowers at Tomorrow's People,Florist,Home & Living,"Cornwall Court, 299 Kennington Rd, London",SE11 4QE,SE11,+44 7500 924551,https://flowersattomorrowspeople.co.uk/,4.4,5,ChIJrWMFAJQEdkgRa7BFCYyiZV4,https://maps.google.com/?cid=6802021534547685483&g_mp=Cidnb29nbGUubWFwcy5wbGFjZXMudjEuUGxhY2VzLlNlYXJjaFRleHQQAhgEIAA,florist,
B,books,commercial,34,Lambeth,SCOTT'S COLLECTABLES,Book store,Books & Music,"8, The Link Business Centre, 49 Effra Rd, London",SW2 1BZ,SW2,+44 20 3609 3337,http://scottscollectables.co.uk/,4.5,11,ChIJHSk0dWkEdkgRcYqY6dPoyxc,https://maps.google.com/?cid=1714720079999437425&g_mp=Cidnb29nbGUubWFwcy5wbGFjZXMudjEuUGxhY2VzLlNlYXJjaFRleHQQAhgEIAA,bookshop,
B,specialty_food,commercial,33,Lambeth,Blackbird Bakery (Office and Production),Bakery,Food & Drink,"35 Rothschild St, London",SE27 0JN,SE27,+44 20 8761 7501,https://www.blackbirdbakerylondon.co.uk/contact-us-1,5,1,ChIJKWXkWwcHdkgRZzsl8Pd4J-I,https://maps.google.com/?cid=16296126782944656231&g_mp=Cidnb29nbGUubWFwcy5wbGFjZXMudjEuUGxhY2VzLlNlYXJjaFRleHQQAhgEIAA,specialty food (Bakery),
B,specialty_food,commercial,33,Lambeth,CARDABELLE Bakery Maltby street Market,Bakery,Food & Drink,"15 Millstream Rd, London",SE1 2HQ,SE1,,https://www.cardabelle-cruller-london.com/,5,9,ChIJ-YGhOwADdkgRM2jdSkxlngE,https://maps.google.com/?cid=116642018706155571&g_mp=Cidnb29nbGUubWFwcy5wbGFjZXMudjEuUGxhY2VzLlNlYXJjaFRleHQQAhgEIAA,specialty food (Bakery),
B,specialty_food,commercial,33,Lambeth,Daisy's Bakery,Bakery,Food & Drink,"Unit 14, 7-9 Ingate Pl, London",SW8 3NS,SW8,+44 7757 169254,https://www.daisys-bakery.com/,5,9,ChIJ_Rwpz54FdkgRHDFWdWuvjsc,https://maps.google.com/?cid=14379623536305516828&g_mp=Cidnb29nbGUubWFwcy5wbGFjZXMudjEuUGxhY2VzLlNlYXJjaFRleHQQAhgEIAA,specialty food (Bakery),
B,specialty_food,commercial,33,Lambeth,Dulce Herencia,Pastry shop,Food & Drink,"2A Fairmile Ave, London",SW16 6AG,SW16,+44 7852 182977,https://dulce-herencia-london-2026.web.app/,5,2,ChIJw28qM7gHdkgR4KuyfHqkyLk,https://maps.google.com/?cid=13387130738343848928&g_mp=Cidnb29nbGUubWFwcy5wbGFjZXMudjEuUGxhY2VzLlNlYXJjaFRleHQQAhgEIAA,specialty food (Pastry shop),
B,specialty_food,commercial,33,Lambeth,Frankie's Brownies Ltd,Bakery,Food & Drink,"Food Exchange, Mission Kitchen, New Covent Garden Market, London",SW8 5EL,SW8,,http://www.frankiesbrownies.com/,5,10,ChIJjXipvooFdkgR_Fg9Z9pgXX0,https://maps.google.com/?cid=9033482918726293756&g_mp=Cidnb29nbGUubWFwcy5wbGFjZXMudjEuUGxhY2VzLlNlYXJjaFRleHQQAhgEIAA,specialty food (Bakery),
B,specialty_food,commercial,33,Lambeth,Greek Mama's Bakehouse,Bakery,Food & Drink,"Mission Kitchen, Food Exchange, New Covent Garden Market, London",SW8 5EL,SW8,,http://www.greekmamasbakery.com/,4.7,13,ChIJz2fwW28FdkgRNFHBqD1Q35M,https://maps.google.com/?cid=10655323469136351540&g_mp=Cidnb29nbGUubWFwcy5wbGFjZXMudjEuUGxhY2VzLlNlYXJjaFRleHQQAhgEIAA,specialty food (Bakery),
B,specialty_food,commercial,33,Lambeth,Scrumptious Creams,Bakery,Food & Drink,"Flaxman Rd, London",SE5 9DR,SE5,+44 7843 955995,https://www.scrumptiouscreams.london/?utm_source=google&utm_medium=wix_google_business_profile&utm_campaign=15534170550787320203,5,7,ChIJHSY61TEFdkgR1uBY4udZy5g,https://maps.google.com/?cid=11009992566507102422&g_mp=Cidnb29nbGUubWFwcy5wbGFjZXMudjEuUGxhY2VzLlNlYXJjaFRleHQQAhgEIAA,specialty food (Bakery),
B,specialty_food,commercial,33,Lambeth,The Clink Bakery,Manufacturer,Food & Drink,"Jebb Ave, London",SW2 5XF,SW2,+44 20 8588 6152,https://theclinkcharity.org/bakery,4.7,3,ChIJX4QjttkFdkgRCzR1IsGmAZ0,https://maps.google.com/?cid=11313507087368401931&g_mp=Cidnb29nbGUubWFwcy5wbGFjZXMudjEuUGxhY2VzLlNlYXJjaFRleHQQAhgEIAA,specialty food (Manufacturer),
B,flowers,commercial,33,Lambeth,The Gated Garden,Florist,Home & Living,"Unit 23 Three Crown Square Borough Market, London",SE1 1TL,SE1,+44 7530 203806,http://boroughmarket.org.uk/traders/the-gated-garden,3.3,39,ChIJx5G0dlcDdkgRirrjIVZQCKk,https://maps.google.com/?cid=12180073523089488522&g_mp=Cidnb29nbGUubWFwcy5wbGFjZXMudjEuUGxhY2VzLlNlYXJjaFRleHQQAhgEIAA,florist,
B,flowers,commercial,33,Lambeth,Wild at Heart Florist,Florist,Home & Living,"52 Linford St, London",SW8 4UN,SW8,+44 20 7229 1174,http://www.wildatheart.com/,3.7,18,ChIJD5PHLwAFdkgR7VA_-VJ9Mk0,https://maps.google.com/?cid=5562646285078450413&g_mp=Cidnb29nbGUubWFwcy5wbGFjZXMudjEuUGxhY2VzLlNlYXJjaFRleHQQAhgEIAA,florist,
B,flowers,commercial,33,Lambeth,Wildabout Flowers Studio,Florist,Home & Living,"Stewarts Lane Goods Depot, 70 Silverthorne Rd, London",SW8 3HE,SW8,+44 20 3794 7487,http://www.wildabout.co.uk/,3.9,15,ChIJs5ofOlUEdkgRRIqqLNc-CiA,https://maps.google.com/?cid=2308726852869065284&g_mp=Cidnb29nbGUubWFwcy5wbGFjZXMudjEuUGxhY2VzLlNlYXJjaFRleHQQAhgEIAA,florist,
B,flowers,commercial,32,Lambeth,Isle of Flowers - London Bridge Station,Florist,Home & Living,London,SE1 9SP,SE1,+44 20 7713 8048,http://www.isleofflowers.co.uk/,4.3,216,ChIJbwtYnFADdkgRIWIgOzaFYEo,https://maps.google.com/?cid=5359430024537596449&g_mp=Cidnb29nbGUubWFwcy5wbGFjZXMudjEuUGxhY2VzLlNlYXJjaFRleHQQAhgEIAA,florist,
B,specialty_food,commercial,32,Lambeth,Pastel de Nata,Pastry shop,Food & Drink,"Unit 1, Lindford Street Business Estate, 2 Linford St, London",SW8 4UN,SW8,+44 345 355 7330,http://pasteldenata.co.uk/,4.4,39,ChIJ9TB9NAAFdkgRl50PIvud6Pg,https://maps.google.com/?cid=17935759217936801175&g_mp=Cidnb29nbGUubWFwcy5wbGFjZXMudjEuUGxhY2VzLlNlYXJjaFRleHQQAhgEIAA,specialty food (Pastry shop),
B,specialty_food,commercial,31,Lambeth,Artisan Foods,Bakery,Food & Drink,"Borough Market, Cathedral St, London",SE1 9AL,SE1,+44 20 8985 8001,http://www.artisanfoods.co.uk/,4.2,65,ChIJyVe0dlcDdkgRSIe-3nlDR2U,https://maps.google.com/?cid=7297875911884310344&g_mp=Cidnb29nbGUubWFwcy5wbGFjZXMudjEuUGxhY2VzLlNlYXJjaFRleHQQAhgEIAA,specialty food (Bakery),
B,specialty_food,commercial,31,Lambeth,Buns From Home,Bakery,Food & Drink,"16 Hildreth St, London",SW12 9RQ,SW12,,http://www.bunsfromhome.com/,4.1,90,ChIJt2INm8IFdkgR3EgLU8GTC0c,https://maps.google.com/?cid=5119347859967920348&g_mp=Cidnb29nbGUubWFwcy5wbGFjZXMudjEuUGxhY2VzLlNlYXJjaFRleHQQAhgEIAA,specialty food (Bakery),
B,specialty_food,commercial,31,Lambeth,Comptoir Bakery Borough Market,Pastry shop,Food & Drink,"Borough High St, London",SE1 1TL,SE1,,http://comptoirbakery.co.uk/,4.2,99,ChIJkTO1dlcDdkgRW6vpluDSQF0,https://maps.google.com/?cid=6719602506083183451&g_mp=Cidnb29nbGUubWFwcy5wbGFjZXMudjEuUGxhY2VzLlNlYXJjaFRleHQQAhgEIAA,specialty food (Pastry shop),
B,specialty_food,commercial,31,Lambeth,GAIL's Bakery Crystal Palace,Bakery,Food & Drink,"58-60 Westow Hill, London",SE19 1RX,SE19,+44 20 4546 8196,https://gails.com/pages/crystal-palace,3.4,86,ChIJL2JCMRMBdkgRzhtYLSOLcuw,https://maps.google.com/?cid=17037833323496872910&g_mp=Cidnb29nbGUubWFwcy5wbGFjZXMudjEuUGxhY2VzLlNlYXJjaFRleHQQAhgEIAA,specialty food (Bakery),
B,specialty_food,commercial,31,Lambeth,GAIL's Bakery London Bridge,Bakery,Food & Drink,"London Bridge Station, Unit SU17 Western Arcade, London",SE1 9SP,SE1,+44 20 4546 8181,https://gails.com/pages/london-bridge-station,3.5,135,ChIJiYNEhEkRdkgRL8lHNWrja6o,https://maps.google.com/?cid=12280158854255724847&g_mp=Cidnb29nbGUubWFwcy5wbGFjZXMudjEuUGxhY2VzLlNlYXJjaFRleHQQAhgEIAA,specialty food (Bakery),
B,specialty_food,commercial,31,Lambeth,GAIL's Bakery Streatham Hill,Bakery,Food & Drink,"57-59 Streatham Hill, London",SW2 4TX,SW2,+44 20 4546 8192,https://gails.com/pages/streatham-hill,4.2,92,ChIJE7UFSAAFdkgREWQiW_-o0hc,https://maps.google.com/?cid=1716620222680687633&g_mp=Cidnb29nbGUubWFwcy5wbGFjZXMudjEuUGxhY2VzLlNlYXJjaFRleHQQAhgEIAA,specialty food (Bakery),
B,specialty_food,commercial,31,Lambeth,Lola's Cupcakes,Bakery,Food & Drink,"Lower Waterloo Underground Station, Waterloo Rd, London",SE1 7LT,SE1,+44 20 3318 1629,http://www.lolascupcakes.co.uk/,3.7,73,ChIJDTc-y7kEdkgRT_6A-oYOGW4,https://maps.google.com/?cid=7933388191481003599&g_mp=Cidnb29nbGUubWFwcy5wbGFjZXMudjEuUGxhY2VzLlNlYXJjaFRleHQQAhgEIAA,specialty food (Bakery),
B,specialty_food,commercial,31,Lambeth,Olivier’s Bakery,Bakery,Food & Drink,"9 Stoney St, London",SE1 9AA,SE1,+44 20 7237 1140,https://www.oliviersbakery.com/,3.7,130,ChIJD9a1dlcDdkgRqZv2hguUZrY,https://maps.google.com/?cid=13143355339757231017&g_mp=Cidnb29nbGUubWFwcy5wbGFjZXMudjEuUGxhY2VzLlNlYXJjaFRleHQQAhgEIAA,specialty food (Bakery),
B,specialty_food,commercial,31,Lambeth,St. John Bakery Borough Corner,Bakery,Food & Drink,"Unit 4a, Brandon House, 180 Borough High St, London",SE1 1LH,SE1,,https://stjohnrestaurant.com/a/restaurants/borough-corner,3.6,100,ChIJpSejxEMDdkgRqPfoCoAPbMU,https://maps.google.com/?cid=14225762365569824680&g_mp=Cidnb29nbGUubWFwcy5wbGFjZXMudjEuUGxhY2VzLlNlYXJjaFRleHQQAhgEIAA,specialty food (Bakery),
B,flowers,commercial,30,Lambeth,John Carter London,Florist,Home & Living,"Railway Arch, 311 Blucher Rd, London",SE5 0LH,SE5,+44 20 7731 5146,http://www.johncarterflowers.com/,4,4,ChIJJzCFroAPdkgRjvi0CkaleO4,https://maps.google.com/?cid=17183666098478053518&g_mp=Cidnb29nbGUubWFwcy5wbGFjZXMudjEuUGxhY2VzLlNlYXJjaFRleHQQAhgEIAA,florist,
B,flowers,commercial,30,Lambeth,Little Clapham Flowers,Florist,Home & Living,"common railway station, Jaggard Way wandsworth, London",SW12 8SG,SW12,+44 20 4568 1251,https://www.claphamflowers.co.uk/?utm_source=google&utm_medium=organic&utm_campaign=gbp-little-clapham,,,ChIJlePYBIEFdkgRsWwJthaP07U,https://maps.google.com/?cid=13101973068657028273&g_mp=Cidnb29nbGUubWFwcy5wbGFjZXMudjEuUGxhY2VzLlNlYXJjaFRleHQQAhgEIAA,florist,
B,books,commercial,30,Lambeth,Melanin Dreams,Book store,Home & Living,"126 Norwood High St, London",SE27 9NH,SE27,,http://melanin-dreams.com/,3.8,10,ChIJ2SlJlyoHdkgRUc5tfF5WlK0,https://maps.google.com/?cid=12507717028929195601&g_mp=Cidnb29nbGUubWFwcy5wbGFjZXMudjEuUGxhY2VzLlNlYXJjaFRleHQQAhgEIAA,bookshop,
B,flowers,commercial,30,Lambeth,SuperNature Flowers,Florist,Home & Living,"Arch 314 Blucher Rd, London",SE5 0LH,SE5,+44 7709 340429,http://supernatureflowers.com/,,,ChIJ9TS9qo0EdkgRtjU78olfMeU,https://maps.google.com/?cid=16515086354623444406&g_mp=Cidnb29nbGUubWFwcy5wbGFjZXMudjEuUGxhY2VzLlNlYXJjaFRleHQQAhgEIAA,florist,
B,flowers,commercial,30,Lambeth,Thorn Florist,Florist,Home & Living,"Concepts College, 40 Thorne Rd, London",SW8 2BZ,SW8,+44 7305 072279,https://www.instagram.com/thorn.florist/,,,ChIJb0-tzB8FdkgRgsA6TCQv66Y,https://maps.google.com/?cid=12027759062767288450&g_mp=Cidnb29nbGUubWFwcy5wbGFjZXMudjEuUGxhY2VzLlNlYXJjaFRleHQQAhgEIAA,florist,
B,books,commercial,30,Lambeth,Venetia Vyvyan Ltd,Book store,Books & Music,"63 Ramsden Rd, London",SW12 8RA,SW12,+44 20 8772 1427,http://venetiavyvyan.com/,4.2,5,ChIJv-tJCcYFdkgRq7pYUfXD5a0,https://maps.google.com/?cid=12530636996627446443&g_mp=Cidnb29nbGUubWFwcy5wbGFjZXMudjEuUGxhY2VzLlNlYXJjaFRleHQQAhgEIAA,bookshop,
B,flowers,commercial,30,Lambeth,Wyld Bunch,Florist,Home & Living,"136 Norwood Rd, London",SE24 9AY,SE24,,https://www.instagram.com/wyld.bunch?igsh=bHJkZGV0aTJ1ZHVv,,,ChIJhWFJ45OIwK4R0gvsHSzaSj0,https://maps.google.com/?cid=4416582267605617618&g_mp=Cidnb29nbGUubWFwcy5wbGFjZXMudjEuUGxhY2VzLlNlYXJjaFRleHQQAhgEIAA,florist,
C,books,commercial,39,Wandsworth,Westway Records,Store,Books & Music,"Unit 27, Zeal House, 8 Deer Park Rd, London",SW19 3UU,SW19,+44 7446 010863,https://www.westwayrecords.com/services,4.9,25,ChIJdcs53ikOdkgRrd-kn3Tne6g,https://maps.google.com/?cid=12140551708587909037&g_mp=Cidnb29nbGUubWFwcy5wbGFjZXMudjEuUGxhY2VzLlNlYXJjaFRleHQQAhgEIAA,record / vinyl shop,
C,fashion,commercial,37,Wandsworth,Vintage80scasuals,Clothing store,Fashion & Apparel,"Unit 135 99, Battersea Business Centre, 109 Lavender Hill, London",SW11 5QL,SW11,+44 7906 292156,http://www.vintage80scasuals.com/,5,38,ChIJkyWVQOAFdkgR8P2a09hdgJs,https://maps.google.com/?cid=11205059058742263280&g_mp=Cidnb29nbGUubWFwcy5wbGFjZXMudjEuUGxhY2VzLlNlYXJjaFRleHQQAhgEIAA,vintage / boutique,
C,books,commercial,36,Wandsworth,26 February Records (2602 Records),Store,Books & Music,"Willows Court, The Broadway, London",SW19 8YE,SW19,,https://www.2602records.com/,5,1,ChIJaysS0WYJdkgRwaS-N7tcFTw,https://maps.google.com/?cid=4329468575950480577&g_mp=Cidnb29nbGUubWFwcy5wbGFjZXMudjEuUGxhY2VzLlNlYXJjaFRleHQQAhgEIAA,record / vinyl shop,
C,flowers,commercial,36,Wandsworth,Brian Kirkby Flowers,Florist,Home & Living,"32 Leopold Rd, London",SW19 7BD,SW19,+44 20 8946 6422,https://www.briankirkbyflowers.co.uk/,5,393,ChIJKWBDT7IIdkgRL8I6KrkgDMg,https://maps.google.com/?cid=14414932486955647535&g_mp=Cidnb29nbGUubWFwcy5wbGFjZXMudjEuUGxhY2VzLlNlYXJjaFRleHQQAhgEIAA,florist,
C,flowers,commercial,36,Wandsworth,F for Flower,Florist,Home & Living,"Wellington House, 150 Upper Richmond Rd, London",SW15 2SW,SW15,+44 7951 873381,https://fforflower.com/,4.9,275,ChIJGftjc3MPdkgRI5GmqKDGCqI,https://maps.google.com/?cid=11676363377237987619&g_mp=Cidnb29nbGUubWFwcy5wbGFjZXMudjEuUGxhY2VzLlNlYXJjaFRleHQQAhgEIAA,florist,
C,flowers,commercial,36,Wandsworth,Lavender Florist,Florist,Home & Living,"36 Lavender Hill, London",SW11 5RL,SW11,+44 7955 011256,https://www.g-lavenderflorist.com/,5,172,ChIJzQ0ci6UFdkgRQ74o8tww2BE,https://maps.google.com/?cid=1285831419127971395&g_mp=Cidnb29nbGUubWFwcy5wbGFjZXMudjEuUGxhY2VzLlNlYXJjaFRleHQQAhgEIAA,florist,
C,flowers,commercial,36,Wandsworth,SW Blooms Florist,Florist,Home & Living,"34 Replingham Rd, London",SW18 5LR,SW18,+44 20 8874 5559,http://www.bloomsflowers.co.uk/,4.9,406,ChIJ_cxGO0QPdkgRRmyIbpX8krc,https://maps.google.com/?cid=13227912774275329094&g_mp=Cidnb29nbGUubWFwcy5wbGFjZXMudjEuUGxhY2VzLlNlYXJjaFRleHQQAhgEIAA,florist,
C,wine,commercial,34,Wandsworth,Clapton Craft,Liquor store,Art & Culture,"31 St John's Hl, London",SW11 1TT,SW11,+44 20 3489 3133,http://www.claptoncraft.co.uk/,4.9,45,ChIJadskk9oFdkgRLlrZC2yNi9w,https://maps.google.com/?cid=15891951205301705262&g_mp=Cidnb29nbGUubWFwcy5wbGFjZXMudjEuUGxhY2VzLlNlYXJjaFRleHQQAhgEIAA,independent wine / bottle shop,
C,fashion,commercial,34,Wandsworth,Enovate London,clothing_store,Kids & Family,"163 Mitcham Rd, London",SW17 9PG,SW17,+44 7312 001369,https://enovatelondon.co.uk/,4.9,168,ChIJBQM4YowHdkgRX6TKLnvvIQY,https://maps.google.com/?cid=441897550804067423&g_mp=Cidnb29nbGUubWFwcy5wbGFjZXMudjEuUGxhY2VzLlNlYXJjaFRleHQQAhgEIAA,independent clothing,
C,fashion,commercial,34,Wandsworth,Hali H,Clothing store,Fashion & Apparel,"235 Upper Tooting Rd, London",SW17 7TG,SW17,+44 20 8767 3848,http://www.halih.com/,4.8,169,ChIJzyTBGuAFdkgRstBPuhsmAxY,https://maps.google.com/?cid=1586153394296311986&g_mp=Cidnb29nbGUubWFwcy5wbGFjZXMudjEuUGxhY2VzLlNlYXJjaFRleHQQAhgEIAA,independent clothing,
C,fashion,commercial,34,Wandsworth,JAKI,Women's clothing store,Fashion & Apparel,"142 Putney High St, London",SW15 1RR,SW15,+44 20 8789 7301,http://jaki.co.uk/,4.8,768,ChIJ9ffeBhIPdkgRirUitUc7IUw,https://maps.google.com/?cid=5485731000281642378&g_mp=Cidnb29nbGUubWFwcy5wbGFjZXMudjEuUGxhY2VzLlNlYXJjaFRleHQQAhgEIAA,independent clothing,
C,fashion,commercial,34,Wandsworth,Prachy Creations,Women's clothing store,Fashion & Apparel,"101-103 Upper Tooting Rd, London",SW17 7TW,SW17,+44 20 8682 2500,http://www.prachy.co.uk/,4.9,211,ChIJFSfmNN4FdkgRBB37rLQRv9o,https://maps.google.com/?cid=15762336688513948932&g_mp=Cidnb29nbGUubWFwcy5wbGFjZXMudjEuUGxhY2VzLlNlYXJjaFRleHQQAhgEIAA,independent clothing,
C,fashion,commercial,34,Wandsworth,The Vintage Clothing Store,Clothing store,Fashion & Apparel,"Unit 6, The Apprentice Shop, 14 Watermill Wy, London",SW19 2RD,SW19,+44 7542 606517,https://vintageclothingstore.co.uk/,4.7,6,ChIJ49RIPS8JdkgRN9qWD0zf2fw,https://maps.google.com/?cid=18219839285276105271&g_mp=Cidnb29nbGUubWFwcy5wbGFjZXMudjEuUGxhY2VzLlNlYXJjaFRleHQQAhgEIAA,vintage / boutique,
C,wine,commercial,34,Wandsworth,We Brought Beer,Liquor store,Home & Living,"Unit 17B, 21-23 Tooting High St, London",SW17 0SN,SW17,,https://webroughtbeer.co.uk/,4.7,65,ChIJrTvG6AoGdkgRkkFRA1ggXbQ,https://maps.google.com/?cid=12996579662045987218&g_mp=Cidnb29nbGUubWFwcy5wbGFjZXMudjEuUGxhY2VzLlNlYXJjaFRleHQQAhgEIAA,independent wine / bottle shop,
C,flowers,commercial,32,Wandsworth,Blooms at London (Putney Exchange) - Flowers & Bouquets,Florist,Home & Living,"98 Putney High St, London",SW15 1TW,SW15,+44 20 3488 7505,https://www.bloomsatlondon.com/,4.9,124,ChIJFeOElH8PdkgRRgel7xFsKjo,https://maps.google.com/?cid=4191281227512481606&g_mp=Cidnb29nbGUubWFwcy5wbGFjZXMudjEuUGxhY2VzLlNlYXJjaFRleHQQAhgEIAA,florist,
C,flowers,commercial,32,Wandsworth,Fleur de la Couture,Florist,Home & Living,"Wimbledon Art Studio, Riverside Yard, 10 Riverside Rd, London",SW17 0BB,SW17,,https://www.fleurdelacouture.com/,5,73,ChIJV8SSxkEFdkgRJfy7plkPO0M,https://maps.google.com/?cid=4844482701890944037&g_mp=Cidnb29nbGUubWFwcy5wbGFjZXMudjEuUGxhY2VzLlNlYXJjaFRleHQQAhgEIAA,florist,
C,flowers,commercial,32,Wandsworth,Flowers By Eve,Florist,Home & Living,"55 Quinton St, London",SW18 3QR,SW18,+44 7977 402381,https://flowersbyeve.co.uk/,4.9,43,ChIJa5rsKVYPdkgR3O-_T11GHN0,https://maps.google.com/?cid=15932686948313853916&g_mp=Cidnb29nbGUubWFwcy5wbGFjZXMudjEuUGxhY2VzLlNlYXJjaFRleHQQAhgEIAA,florist,
C,flowers,commercial,32,Wandsworth,Noor Flowers & Plants,Florist,Home & Living,"205B Upper Richmond Rd, London",SW15 6AW,SW15,+44 7932 373477,https://noorflowers.co.uk/,4.9,97,ChIJa99YHiYPdkgRoZ1UjHxhrVk,https://maps.google.com/?cid=6461928227904724385&g_mp=Cidnb29nbGUubWFwcy5wbGFjZXMudjEuUGxhY2VzLlNlYXJjaFRleHQQAhgEIAA,florist,
C,books,commercial,32,Wandsworth,Only Make Believe,Book store,Books & Music,"6, The Coles Shop, The 1929 Shop, London",SW19 2RD,SW19,,https://www.onlymakebelieve.co.uk/,5,60,ChIJh7hbNrsHdkgRQgMenDdiEUQ,https://maps.google.com/?cid=4904809460165116738&g_mp=Cidnb29nbGUubWFwcy5wbGFjZXMudjEuUGxhY2VzLlNlYXJjaFRleHQQAhgEIAA,bookshop,
C,flowers,commercial,32,Wandsworth,Putney Florist,Florist,Home & Living,"Putney florist, 291 Upper Richmond Rd, London",SW15 6SP,SW15,+44 20 8785 1118,https://www.putneyflorist.com/,4.8,149,ChIJd6bZ1gQPdkgR0UwFMdJ2W1c,https://maps.google.com/?cid=6294755549318040785&g_mp=Cidnb29nbGUubWFwcy5wbGFjZXMudjEuUGxhY2VzLlNlYXJjaFRleHQQAhgEIAA,florist,
C,books,commercial,32,Wandsworth,Wimbledon Books,Book store,Books & Music,"Ashford House, 40 High Street Wimbledon, London",SW19 5AU,SW19,+44 20 8879 3101,http://www.wimbledonbooks.co.uk/,4.6,98,ChIJe1Mucc4IdkgRAM7wtimbbbs,https://maps.google.com/?cid=13505621461019184640&g_mp=Cidnb29nbGUubWFwcy5wbGFjZXMudjEuUGxhY2VzLlNlYXJjaFRleHQQAhgEIAA,bookshop,
C,specialty_food,commercial,31,Wandsworth,August Bakery,Bakery,Food & Drink,"4-6a Battersea Rise, London",SW11 1ED,SW11,,https://www.august-bakery.com/,4.8,394,ChIJ1wGLh_oFdkgRwq_-G4Bkv4U,https://maps.google.com/?cid=9637532228984418242&g_mp=Cidnb29nbGUubWFwcy5wbGFjZXMudjEuUGxhY2VzLlNlYXJjaFRleHQQAhgEIAA,specialty food (Bakery),
C,specialty_food,commercial,31,Wandsworth,Bonjour Putney,Pastry shop,Food & Drink,"64 Lower Richmond Rd., London",SW15 1LL,SW15,+44 7747 710208,https://www.instagram.com/bonjourputney64/?hl=en,4.8,225,ChIJrc3C9IgPdkgReTVTJOPzBPs,https://maps.google.com/?cid=18087850160319313273&g_mp=Cidnb29nbGUubWFwcy5wbGFjZXMudjEuUGxhY2VzLlNlYXJjaFRleHQQAhgEIAA,specialty food (Pastry shop),
C,specialty_food,commercial,31,Wandsworth,Etoile Bakery,Cake shop,Food & Drink,"103 Elspeth Rd, London",SW11 1DP,SW11,+44 7980 292885,http://etoilebakery.co.uk/,4.9,194,ChIJ3a41zrwFdkgRf6H_SQfuLfI,https://maps.google.com/?cid=17450865846204211583&g_mp=Cidnb29nbGUubWFwcy5wbGFjZXMudjEuUGxhY2VzLlNlYXJjaFRleHQQAhgEIAA,specialty food (Cake shop),
C,specialty_food,commercial,31,Wandsworth,Harvey's Bakehouse - Artisan Bakery Richmond,Bakery,Food & Drink,"232 Upper Richmond Rd, London",SW15 6TG,SW15,,https://www.harveysbakehouse.co.uk/,4.6,467,ChIJ_2q-wxEPdkgREgYiJYgk89A,https://maps.google.com/?cid=15056418146386839058&g_mp=Cidnb29nbGUubWFwcy5wbGFjZXMudjEuUGxhY2VzLlNlYXJjaFRleHQQAhgEIAA,specialty food (Bakery),
C,specialty_food,commercial,31,Wandsworth,Mahali Bakery by Mahali and Co,Bakery,Food & Drink,"Ground Floor Retail, 24 Battersea Park Rd, London",SW11 4HY,SW11,,https://mahaliandco.com/,4.7,573,ChIJf2zNer0FdkgR2Ge0-4bDJCI,https://maps.google.com/?cid=2460306280967071704&g_mp=Cidnb29nbGUubWFwcy5wbGFjZXMudjEuUGxhY2VzLlNlYXJjaFRleHQQAhgEIAA,specialty food (Bakery),
C,specialty_food,commercial,31,Wandsworth,Milk Run,Bakery,Food & Drink,"16-18 Ritherdon Rd, London",SW17 8QD,SW17,,https://www.milk.london/milkrun,4.6,185,ChIJR8Pu134FdkgR-C9mtVSJj54,https://maps.google.com/?cid=11425501776575868920&g_mp=Cidnb29nbGUubWFwcy5wbGFjZXMudjEuUGxhY2VzLlNlYXJjaFRleHQQAhgEIAA,specialty food (Bakery),
C,specialty_food,commercial,31,Wandsworth,Slice Street Bakery,Bakery,Food & Drink,"Eckstein Rd, London",SW11 1QE,SW11,+44 7895 281900,https://slicestreetbakery.co.uk/,4.9,223,ChIJE_ng8DIFdkgRGBqy7Q8Mitg,https://maps.google.com/?cid=15603297121530419736&g_mp=Cidnb29nbGUubWFwcy5wbGFjZXMudjEuUGxhY2VzLlNlYXJjaFRleHQQAhgEIAA,specialty food (Bakery),
C,specialty_food,commercial,31,Wandsworth,West Cornwall Pasty Clapham Junction,Pastry shop,Food & Drink,"Platform 13/14, Clapham Junction, London",SW11 2LJ,SW11,,http://www.foodtravelexperts.com/,4.8,544,ChIJ5QSk9W0FdkgRFwRmp2DcAzo,https://maps.google.com/?cid=4180427186813404183&g_mp=Cidnb29nbGUubWFwcy5wbGFjZXMudjEuUGxhY2VzLlNlYXJjaFRleHQQAhgEIAA,specialty food (Pastry shop),
C,fashion,commercial,30,Wandsworth,Aradhana,Women's clothing store,Fashion & Apparel,"211 Upper Tooting Rd, London",SW17 7TG,SW17,+44 20 8767 7696,http://www.aradhanaheritage.com/,4.9,45,ChIJ371AoQoGdkgRs_qGsEk70jY,https://maps.google.com/?cid=3950285010837633715&g_mp=Cidnb29nbGUubWFwcy5wbGFjZXMudjEuUGxhY2VzLlNlYXJjaFRleHQQAhgEIAA,independent clothing,
C,fashion,commercial,30,Wandsworth,Arc'teryx Battersea,Clothing store,Fashion & Apparel,"Floor Level Phase 2, The Power Station, Unit UG, 012A Upper Ground, London",SW11 8AL,SW11,+44 20 4539 9226,https://stores.arcteryx.com/battersea,4.9,130,ChIJo0e3TJ8FdkgRAM9XBUrmFgA,https://maps.google.com/?cid=6445655079243520&g_mp=Cidnb29nbGUubWFwcy5wbGFjZXMudjEuUGxhY2VzLlNlYXJjaFRleHQQAhgEIAA,independent clothing,
C,fashion,commercial,30,Wandsworth,Caroline Randell Lingerie Boutique,Women's clothing store,Fashion & Apparel,"6 Church Rd, London",SW19 5DL,SW19,+44 20 8946 6171,http://www.carolinerandell.co.uk/,4.8,78,ChIJFbixA8wIdkgRbtsfcZ7UaFM,https://maps.google.com/?cid=6010287479693761390&g_mp=Cidnb29nbGUubWFwcy5wbGFjZXMudjEuUGxhY2VzLlNlYXJjaFRleHQQAhgEIAA,vintage / boutique,
C,fashion,commercial,30,Wandsworth,Florentina Boutique,Clothing store,Fashion & Apparel,"The Old Bakery, 8A Replingham Rd (on, Elsenham St, London",SW18 5LS,SW18,+44 7956 242933,http://florentina-b.co.uk/,5,51,ChIJVVXuj0YPdkgRYqr8f1UTR-I,https://maps.google.com/?cid=16305022233858583138&g_mp=Cidnb29nbGUubWFwcy5wbGFjZXMudjEuUGxhY2VzLlNlYXJjaFRleHQQAhgEIAA,vintage / boutique,
C,fashion,commercial,30,Wandsworth,Gabriella Sandham Lingerie & Swimwear,Women's clothing store,Fashion & Apparel,"161 Lavender Hill, London",SW11 5QH,SW11,+44 20 7223 5558,http://www.gabriellasandham.com/,4.6,50,ChIJJ1FreaMFdkgRVDsY6-6-pvA,https://maps.google.com/?cid=17340757348592401236&g_mp=Cidnb29nbGUubWFwcy5wbGFjZXMudjEuUGxhY2VzLlNlYXJjaFRleHQQAhgEIAA,independent clothing,
C,fashion,commercial,30,Wandsworth,Morrows,Clothing store,Fashion & Apparel,"Corner Unit 18, Putney Exchange, Putney High St, Lacy Rd, London",SW15 1TW,SW15,+44 20 3409 4399,https://www.morrowsoutfitters.com/,4.9,149,ChIJH2Nfww0PdkgRKeH4jZox_Bk,https://maps.google.com/?cid=1872426084955906345&g_mp=Cidnb29nbGUubWFwcy5wbGFjZXMudjEuUGxhY2VzLlNlYXJjaFRleHQQAhgEIAA,independent clothing,
C,fashion,commercial,30,Wandsworth,NABBD Ltd,Clothing store,Fashion & Apparel,"174 Arthur Rd, London",SW19 8AQ,SW19,+44 20 8871 2277,http://www.nabbd.co.uk/,4.6,91,ChIJR4UiP1IPdkgR83aZT2QPOmU,https://maps.google.com/?cid=7294159469986543347&g_mp=Cidnb29nbGUubWFwcy5wbGFjZXMudjEuUGxhY2VzLlNlYXJjaFRleHQQAhgEIAA,independent clothing,
C,fashion,commercial,30,Wandsworth,The Wedding Dress Shop,Clothing store,Fashion & Apparel,"Arthur Rd, London",SW19 8AE,SW19,+44 20 8605 9008,http://www.theweddingdressshop.co.uk/,4.8,139,ChIJR4UiP1IPdkgRRClIqvN-A7Q,https://maps.google.com/?cid=12971350936756169028&g_mp=Cidnb29nbGUubWFwcy5wbGFjZXMudjEuUGxhY2VzLlNlYXJjaFRleHQQAhgEIAA,independent clothing,
C,flowers,commercial,29,Lambeth,Blooming Haus - Event Florist - B Corp Certified,Florist,Home & Living,"Arch 707, London",SW8 4AR,SW8,+44 20 3389 9609,https://bloominghaus.com/,5,29,ChIJQU1S4PYPdkgRC4wiEr6KNnI,https://maps.google.com/?cid=8229917918018833419&g_mp=Cidnb29nbGUubWFwcy5wbGFjZXMudjEuUGxhY2VzLlNlYXJjaFRleHQQAhgEIAA,florist,
C,flowers,commercial,29,Lambeth,Flower Hamlet Wedding and Event Florist London,Florist,Home & Living,"52 Alleyn Park, London",SE21 8SF,SE21,+44 7756 173116,https://www.flowerhamlet.com/,5,16,ChIJV4cqvSsDdkgRkmOVOhvvLUU,https://maps.google.com/?cid=4984903262795031442&g_mp=Cidnb29nbGUubWFwcy5wbGFjZXMudjEuUGxhY2VzLlNlYXJjaFRleHQQAhgEIAA,florist,
C,charity,charity,29,Lambeth,Mary’s Living and Giving Shop for Save the Children,Thrift store,Kids & Family,"90 Bermondsey St, London",SE1 3UB,SE1,+44 20 7407 3617,https://twitter.com/MLGbermondsey,3.9,37,ChIJj9juzEQDdkgROC2aLmBLknY,https://maps.google.com/?cid=8543974319546051896&g_mp=Cidnb29nbGUubWFwcy5wbGFjZXMudjEuUGxhY2VzLlNlYXJjaFRleHQQAhgEIAA,curated charity shop,
C,flowers,commercial,29,Wandsworth,AP.FLOWERSTUDIO,Florist,Home & Living,"Radley House, 10 Palmer Rd, London",SW11 4FS,SW11,+44 7442 860385,https://apflowerstudio.com/,5,35,ChIJRyJ1Pd8FdkgRX44nMzF7A3o,https://maps.google.com/?cid=8792006348799184479&g_mp=Cidnb29nbGUubWFwcy5wbGFjZXMudjEuUGxhY2VzLlNlYXJjaFRleHQQAhgEIAA,florist,
C,flowers,commercial,29,Wandsworth,Barley flower studio,Florist,Home & Living,"UNIT 6A, THE APPRENTICE SHOP, MERTON ABBEY MILLS, Watermill Wy, London",SW19 2RD,SW19,,https://www.barleyflorals.com/?utm_source=google&utm_medium=wix_google_business_profile&utm_campaign=4081743437811764250,5,30,ChIJfzrq-qQFdkgRpPCioKYfg5k,https://maps.google.com/?cid=11061719910272135332&g_mp=Cidnb29nbGUubWFwcy5wbGFjZXMudjEuUGxhY2VzLlNlYXJjaFRleHQQAhgEIAA,florist,
C,flowers,commercial,29,Wandsworth,Bud & Bloom Florist,Florist,Home & Living,"501 Old York Rd, London",SW18 1SS,SW18,+44 7398 847454,http://budandbloomflorist.co.uk/,5,20,ChIJF-cV8roPdkgR-Zs758xvLMQ,https://maps.google.com/?cid=14135796256252599289&g_mp=Cidnb29nbGUubWFwcy5wbGFjZXMudjEuUGxhY2VzLlNlYXJjaFRleHQQAhgEIAA,florist,
C,flowers,commercial,29,Wandsworth,Confetti Club London,Florist,Home & Living,"Studio 27, Wimbledon Art Studios, Wimbledon Art Studio, Riverside Yard, 10 Riverside Rd, London",SW17 0BB,SW17,,http://www.confetticlublondon.com/,5,24,ChIJZXCU7TsPdkgRg9LwY740uXo,https://maps.google.com/?cid=8843157335643837059&g_mp=Cidnb29nbGUubWFwcy5wbGFjZXMudjEuUGxhY2VzLlNlYXJjaFRleHQQAhgEIAA,florist,
C,books,commercial,29,Wandsworth,Global Educational Trust's 'books for free',Association / Organization,Books & Music,"Southside Shopping Centre, London",SW18 4TF,SW18,,http://www.globaleducationaltrust.org/,4.7,27,ChIJw3AkugQPdkgRswNnkWf8hzk,https://maps.google.com/?cid=4145559503769109427&g_mp=Cidnb29nbGUubWFwcy5wbGFjZXMudjEuUGxhY2VzLlNlYXJjaFRleHQQAhgEIAA,bookshop,
C,flowers,commercial,29,Wandsworth,Jessie Watson Flowers,Florist,Home & Living,"Wimbledon Art Studios, Wimbledon Art Studio, Riverside Yard, 10 Riverside Yard, London",SW17 0BB,SW17,+44 7530 897679,https://jessiewatsonflowers.com/,5,17,ChIJw5ZoxEM4MGUR4qFsMGGKzlc,https://maps.google.com/?cid=6327146676531012066&g_mp=Cidnb29nbGUubWFwcy5wbGFjZXMudjEuUGxhY2VzLlNlYXJjaFRleHQQAhgEIAA,florist,
C,flowers,commercial,29,Wandsworth,Make Every Day Bloom,Florist,Home & Living,"Unit 16, Arch, 24 Grant Rd, London",SW11 2NU,SW11,+44 7345 363685,https://makeeverydaybloom.com/,5,39,ChIJ7aiapBwFdkgRcqOUepvwqOs,https://maps.google.com/?cid=16981086945567613810&g_mp=Cidnb29nbGUubWFwcy5wbGFjZXMudjEuUGxhY2VzLlNlYXJjaFRleHQQAhgEIAA,florist,
C,books,commercial,29,Wandsworth,Morocco Bound Bookshop Wandsworth,Book store,Books & Music,"Unit 3A, Pilots Walk, New Acres, London",SW18 1UZ,SW18,+44 7415 371654,https://www.moroccobound.co.uk/,4.8,25,ChIJJR_SHYSp2EcR2mPFCnVUYLs,https://maps.google.com/?cid=13501884544525362138&g_mp=Cidnb29nbGUubWFwcy5wbGFjZXMudjEuUGxhY2VzLlNlYXJjaFRleHQQAhgEIAA,bookshop,
C,flowers,commercial,29,Wandsworth,Rosaria Flowers,Florist,Home & Living,"Cargill Rd, London",SW18 3EB,SW18,+44 7877 853262,https://www.rosariaflowers.co.uk/,5,25,ChIJK5M6MmqrySARTkpY4yPlLhk,https://maps.google.com/?cid=1814639642177718862&g_mp=Cidnb29nbGUubWFwcy5wbGFjZXMudjEuUGxhY2VzLlNlYXJjaFRleHQQAhgEIAA,florist,
C,books,commercial,29,Wandsworth,Tennis Gallery Wimbledon,Book store,Books & Music,"112 Arthur Rd, London",SW19 8AA,SW19,+44 20 8715 8866,http://www.tennisgallerywimbledon.com/,4.7,15,ChIJ27l2dVIPdkgR7WrUlvCJweI,https://maps.google.com/?cid=16339492589492529901&g_mp=Cidnb29nbGUubWFwcy5wbGFjZXMudjEuUGxhY2VzLlNlYXJjaFRleHQQAhgEIAA,bookshop,
C,specialty_food,commercial,28,Lambeth,Cut the Mustard,Bakery,Food & Drink,"212A Eardley Rd, London",SW16 5TF,SW16,,https://cutthemustardcafe.com/,4.1,22,ChIJQVGUagAHdkgRgdbGu4wDvZM,https://maps.google.com/?cid=10645668997154395777&g_mp=Cidnb29nbGUubWFwcy5wbGFjZXMudjEuUGxhY2VzLlNlYXJjaFRleHQQAhgEIAA,specialty food (Bakery),
C,flowers,commercial,28,Wandsworth,Gardenia of London,Florist,Home & Living,"10 High Street Wimbledon, London",SW19 5DX,SW19,+44 20 8944 0942,http://www.gardeniaoflondon.co.uk/,4.3,87,ChIJBaRJlkcMdkgRmETPl7eL2Ys,https://maps.google.com/?cid=10077239261860414616&g_mp=Cidnb29nbGUubWFwcy5wbGFjZXMudjEuUGxhY2VzLlNlYXJjaFRleHQQAhgEIAA,florist,
C,books,commercial,28,Wandsworth,Imo Records,Store,Books & Music,"7 Lyon Rd, London",SW19 2RL,SW19,+44 870 776 7777,https://www.imorecords.com/,4,6,ChIJScS3Uh4GdkgR2ClG9ymnxM0,https://maps.google.com/?cid=14827159671894583768&g_mp=Cidnb29nbGUubWFwcy5wbGFjZXMudjEuUGxhY2VzLlNlYXJjaFRleHQQAhgEIAA,record / vinyl shop,
C,books,commercial,28,Wandsworth,Matador Records Ltd,Manufacturer,Books & Music,"19 Alma Rd, London",SW18 1AA,SW18,+44 20 8875 6200,http://www.matadorrecords.com/info,,,ChIJccivvokFdkgRwjvl1Sp1Gvw,https://maps.google.com/?cid=18165960873789963202&g_mp=Cidnb29nbGUubWFwcy5wbGFjZXMudjEuUGxhY2VzLlNlYXJjaFRleHQQAhgEIAA,record / vinyl shop,
C,flowers,commercial,28,Wandsworth,Paul Thomas Flowers,Florist,Home & Living,"Arch 83 Queen's Circus, London",SW11 8NE,SW11,+44 20 7499 6889,https://paulthomasflowers.co.uk/,4.5,42,ChIJFcaEzSgFdkgRpeJCwZhlg6o,https://maps.google.com/?cid=12286775915148665509&g_mp=Cidnb29nbGUubWFwcy5wbGFjZXMudjEuUGxhY2VzLlNlYXJjaFRleHQQAhgEIAA,florist,
C,specialty_food,commercial,27,Wandsworth,Aux Merveilleux de Fred,Pastry shop,Food & Drink,"55 Northcote Rd, London",SW11 1NP,SW11,+44 20 7223 0771,http://www.auxmerveilleux.com/,4.5,216,ChIJX6bmRJYFdkgR0OM-WoSDomI,https://maps.google.com/?cid=7107387766417056720&g_mp=Cidnb29nbGUubWFwcy5wbGFjZXMudjEuUGxhY2VzLlNlYXJjaFRleHQQAhgEIAA,specialty food (Pastry shop),
C,fashion,commercial,27,Wandsworth,BIMBA Y LOLA,Clothing store,Fashion & Apparel,"Unit UG, TURBINE HALL, The Power Station, 003A Circus Rd S, London",SW11 8BZ,SW11,+44 7548 805215,https://www.bimbaylola.com/gb_en/?utm_source=google&utm_medium=organic&utm_campaign=gmb&utm_term=web,4.7,18,ChIJ1T857hwFdkgRe_RdngFsBfE,https://maps.google.com/?cid=17367406292231910523&g_mp=Cidnb29nbGUubWFwcy5wbGFjZXMudjEuUGxhY2VzLlNlYXJjaFRleHQQAhgEIAA,independent clothing,
C,specialty_food,commercial,27,Wandsworth,Bocconcini Bakery - Gluten Free,Manufacturer,Food & Drink,"The Swan Centre, Unit 17 Rosemary Rd, London",SW17 0AR,SW17,+44 20 3004 4135,https://bocconcinibakery.com/,4.9,64,ChIJ9ZYbBfERdkgRikqZK0HUBzM,https://maps.google.com/?cid=3677140997140728458&g_mp=Cidnb29nbGUubWFwcy5wbGFjZXMudjEuUGxhY2VzLlNlYXJjaFRleHQQAhgEIAA,specialty food (Manufacturer),
C,specialty_food,commercial,27,Wandsworth,Chanteroy Southfields,Bakery,Food & Drink,"16 Replingham Rd, London",SW18 5LS,SW18,+44 20 8874 1446,http://www.chanteroy-online.co.uk/,4.5,412,ChIJx1-3okYPdkgRES_ttA_0PB4,https://maps.google.com/?cid=2178884668037607185&g_mp=Cidnb29nbGUubWFwcy5wbGFjZXMudjEuUGxhY2VzLlNlYXJjaFRleHQQAhgEIAA,specialty food (Bakery),
C,specialty_food,commercial,27,Wandsworth,Dee Light Bakery,Bakery,Food & Drink,"14 Ritherdon Rd, London",SW17 8QD,SW17,+44 20 8672 0250,http://www.deelightbakery.com/,4.4,264,ChIJd3q3rdsFdkgRBh7YOsFu5L4,https://maps.google.com/?cid=13755240938091322886&g_mp=Cidnb29nbGUubWFwcy5wbGFjZXMudjEuUGxhY2VzLlNlYXJjaFRleHQQAhgEIAA,specialty food (Bakery),
C,fashion,commercial,27,Wandsworth,Emily-London Headwear,Clothing store,Fashion & Apparel,"4 Crescent Stables, London",SW15 2TN,SW15,+44 20 8870 6506,https://emily-london.com/,5,38,ChIJe7MAsUQPdkgRItlBj6GROhc,https://maps.google.com/?cid=1673810334600780066&g_mp=Cidnb29nbGUubWFwcy5wbGFjZXMudjEuUGxhY2VzLlNlYXJjaFRleHQQAhgEIAA,independent clothing,
C,specialty_food,commercial,27,Wandsworth,FELT Bakery,Bakery,Food & Drink,"156 Arthur Rd, London",SW19 8AQ,SW19,,https://www.instagram.com/felt.bakery2025,4.9,67,ChIJsRlTDwAPdkgRXkiMmBuh5PI,https://maps.google.com/?cid=17502291191764109406&g_mp=Cidnb29nbGUubWFwcy5wbGFjZXMudjEuUGxhY2VzLlNlYXJjaFRleHQQAhgEIAA,specialty food (Bakery),
C,specialty_food,commercial,27,Wandsworth,Gāya Bakery,Bakery,Food & Drink,"253 Putney Bridge Rd, London",SW15 2PU,SW15,+44 20 8704 5642,https://www.gayabakery.com/,5,141,ChIJe41B-K8PdkgRvQWEXVvnvo4,https://maps.google.com/?cid=10285912978557765053&g_mp=Cidnb29nbGUubWFwcy5wbGFjZXMudjEuUGxhY2VzLlNlYXJjaFRleHQQAhgEIAA,specialty food (Bakery),
C,specialty_food,commercial,27,Wandsworth,La Bottega Del Pane,Bakery,Food & Drink,"171 Kingston Rd, London",SW19 1LH,SW19,+44 20 8542 7626,https://www.labottegadelpane.online/,4.4,178,ChIJ3b9NnLwIdkgRsrjfNNcyHjw,https://maps.google.com/?cid=4331955791463430322&g_mp=Cidnb29nbGUubWFwcy5wbGFjZXMudjEuUGxhY2VzLlNlYXJjaFRleHQQAhgEIAA,specialty food (Bakery),
C,specialty_food,commercial,27,Wandsworth,London Amazing Cakes,bakery,Food & Drink,"85 Wandsworth High St, London",SW18 4TT,SW18,+44 7703 537783,http://www.londonamazingcakes.com/,4.9,60,ChIJvelIr7NzdkgRsrG1Fhr98Gk,https://maps.google.com/?cid=7633879656884974002&g_mp=Cidnb29nbGUubWFwcy5wbGFjZXMudjEuUGxhY2VzLlNlYXJjaFRleHQQAhgEIAA,specialty food (bakery),
C,specialty_food,commercial,27,Wandsworth,Manna Dew,Bakery,Food & Drink,"Galapagos Foods, Galapagos Foods, Battersea High St, London",SW11 3JS,SW11,+44 7503 200020,http://mannadew.co.uk/,4.5,401,ChIJ63AysZ0FdkgR2st1OHDPr2E,https://maps.google.com/?cid=7039072823493905370&g_mp=Cidnb29nbGUubWFwcy5wbGFjZXMudjEuUGxhY2VzLlNlYXJjaFRleHQQAhgEIAA,specialty food (Bakery),
C,fashion,commercial,27,Wandsworth,Mountain Warehouse Putney Exchange,Clothing store,Fashion & Apparel,"SU30-31, Exchange Shopping Centre, London",SW15 1TW,SW15,+44 20 4629 6692,https://www.mountainwarehouse.com/stores/pty/putney-exchange/,4.6,22,ChIJUegLWzYPdkgRUewwV_hbBV4,https://maps.google.com/?cid=6774922336621620305&g_mp=Cidnb29nbGUubWFwcy5wbGFjZXMudjEuUGxhY2VzLlNlYXJjaFRleHQQAhgEIAA,independent clothing,
C,specialty_food,commercial,27,Wandsworth,Ole & Steen UK,Bakery,Food & Drink,"51 - 53 Northcote Rd, London",SW11 1NJ,SW11,+44 20 3002 4597,https://oleandsteen.co.uk/,4.4,558,ChIJQd0-2I8FdkgR3440q6Oa9lA,https://maps.google.com/?cid=5834020395047751391&g_mp=Cidnb29nbGUubWFwcy5wbGFjZXMudjEuUGxhY2VzLlNlYXJjaFRleHQQAhgEIAA,specialty food (Bakery),
C,fashion,commercial,27,Wandsworth,POM London,Clothing store,Fashion & Apparel,"18 Bellevue Rd, London",SW17 7EG,SW17,+44 20 8767 9217,https://www.pomlondon.co.uk/,4.6,19,ChIJ58Y7SSQFdkgRSwR7teC9fUQ,https://maps.google.com/?cid=4935309539482993739&g_mp=Cidnb29nbGUubWFwcy5wbGFjZXMudjEuUGxhY2VzLlNlYXJjaFRleHQQAhgEIAA,independent clothing,
C,fashion,commercial,27,Wandsworth,Palmer Menswear,Clothing store,Fashion & Apparel,"125d Northcote Rd, London",SW11 6PS,SW11,+44 20 7978 4588,http://www.palmersuits.co.uk/,4.7,38,ChIJAwwQ75UFdkgR2o3ynOQ30Bs,https://maps.google.com/?cid=2004163289205083610&g_mp=Cidnb29nbGUubWFwcy5wbGFjZXMudjEuUGxhY2VzLlNlYXJjaFRleHQQAhgEIAA,independent clothing,
C,specialty_food,commercial,27,Wandsworth,Parker Bakery London,Bakery,Food & Drink,"1 Ethelburga St, London",SW11 4AG,SW11,+44 20 7018 2260,https://www.parkerlondon.co.uk/,4.9,138,ChIJAQ44YnQFdkgRzzx6gO1jgDI,https://maps.google.com/?cid=3639018370629254351&g_mp=Cidnb29nbGUubWFwcy5wbGFjZXMudjEuUGxhY2VzLlNlYXJjaFRleHQQAhgEIAA,specialty food (Bakery),
C,specialty_food,commercial,27,Wandsworth,Putney Pies,Bakery,Food & Drink,"2 Putney High St, London",SW15 1SL,SW15,+44 20 8780 2920,http://www.putneypies.co.uk/,4.3,729,ChIJ5a8J3hIPdkgRxKo-Qx4F6d0,https://maps.google.com/?cid=15990317579490994884&g_mp=Cidnb29nbGUubWFwcy5wbGFjZXMudjEuUGxhY2VzLlNlYXJjaFRleHQQAhgEIAA,specialty food (Bakery),
C,fashion,commercial,27,Wandsworth,Refind London,Clothing store,Fashion & Apparel,"228 Battersea Park Rd, London",SW11 4ND,SW11,+44 20 7720 2234,http://www.refindlondon.com/,4.6,29,ChIJa89MZ2MFdkgRd5HrP-WUMQg,https://maps.google.com/?cid=590416738503070071&g_mp=Cidnb29nbGUubWFwcy5wbGFjZXMudjEuUGxhY2VzLlNlYXJjaFRleHQQAhgEIAA,independent clothing,
C,specialty_food,commercial,27,Wandsworth,Sallys Baking Classes,bakery,Food & Drink,"Unit 5, 5 Morie St, London",SW18 1SL,SW18,,https://www.bakingclasses.co.uk/,5,60,ChIJDRBTBS8PdkgRZiYfwQSkcOA,https://maps.google.com/?cid=16172606602214319718&g_mp=Cidnb29nbGUubWFwcy5wbGFjZXMudjEuUGxhY2VzLlNlYXJjaFRleHQQAhgEIAA,specialty food (bakery),
C,specialty_food,commercial,27,Wandsworth,Sandra Chef Bakery,Breakfast restaurant,Food & Drink,"288 Haydons Rd, London",SW19 8JZ,SW19,,https://instagram.com/sandrachefbakery?igshid=MzRlODBiNWFlZA==,4.8,125,ChIJvXiXl6YJdkgRJg-X8jArwfY,https://maps.google.com/?cid=17780540293063839526&g_mp=Cidnb29nbGUubWFwcy5wbGFjZXMudjEuUGxhY2VzLlNlYXJjaFRleHQQAhgEIAA,specialty food (Breakfast restaurant),
C,specialty_food,commercial,27,Wandsworth,Sweet Tooth Factory Bakery,Manufacturer,Food & Drink,"Unit 5, Wellington Works, Wellington Rd, London",SW19 8EQ,SW19,,http://www.mysweettoothfactory.com/,5,79,ChIJYb9XUqQFdkgRuy8WB90TsbQ,https://maps.google.com/?cid=13020209837732409275&g_mp=Cidnb29nbGUubWFwcy5wbGFjZXMudjEuUGxhY2VzLlNlYXJjaFRleHQQAhgEIAA,specialty food (Manufacturer),
C,specialty_food,commercial,27,Wandsworth,Vanilla Patisserie,Bakery,Food & Drink,"1 Vale Parade, London",SW15 3PS,SW15,+44 20 8546 9913,https://www.vanillafood.co.uk/,4.3,291,ChIJr84Ty3IPdkgRN-wGMyBaqdU,https://maps.google.com/?cid=15395935895484296247&g_mp=Cidnb29nbGUubWFwcy5wbGFjZXMudjEuUGxhY2VzLlNlYXJjaFRleHQQAhgEIAA,specialty food (Bakery),
C,specialty_food,commercial,27,Wandsworth,Zemallow,Bakery,Food & Drink,"UNIT 31 Summerstown, London",SW17 0BQ,SW17,+44 7545 806667,http://zemallow.com/,4.9,100,ChIJKdxKy_wFdkgR7IA8PqDp77c,https://maps.google.com/?cid=13254069102822850796&g_mp=Cidnb29nbGUubWFwcy5wbGFjZXMudjEuUGxhY2VzLlNlYXJjaFRleHQQAhgEIAA,specialty food (Bakery),
C,flowers,commercial,26,Lambeth,Blue Sky Flowers,Florist,Home & Living,"Flower Market, New Covent Garden Flower Market, Unit M12, London",SW8 5EH,SW8,+44 7973 601045,http://blueskyflowers.co.uk/,4.9,33,ChIJcSlMQWcQdkgRQ2cmnVnL20Y,https://maps.google.com/?cid=5105898188303656771&g_mp=Cidnb29nbGUubWFwcy5wbGFjZXMudjEuUGxhY2VzLlNlYXJjaFRleHQQAhgEIAA,florist,
C,flowers,commercial,26,Lambeth,NB Flowers,Florist,Home & Living,"The Flower Market, New Covent Garden Market, Unit M6 -M7, London",SW8 5EH,SW8,+44 20 3202 0005,https://nbflowers.co.uk/?utm_source=google&utm_medium=organic&utm_campaign=google_my_business,5,29,ChIJJVh2VPoEdkgRzJ4b467XuXw,https://maps.google.com/?cid=8987451677529054924&g_mp=Cidnb29nbGUubWFwcy5wbGFjZXMudjEuUGxhY2VzLlNlYXJjaFRleHQQAhgEIAA,florist,
C,fashion,commercial,26,Wandsworth,Ben and Lola,Clothing store,Fashion & Apparel,London,SW15 1TW,SW15,+44 20 8704 1811,https://benandlola.com/,4.5,60,ChIJnYsa3g0PdkgR3aOs_hE1Bt8,https://maps.google.com/?cid=16070590671721636829&g_mp=Cidnb29nbGUubWFwcy5wbGFjZXMudjEuUGxhY2VzLlNlYXJjaFRleHQQAhgEIAA,independent clothing,
C,flowers,commercial,26,Wandsworth,"Brothers Green, Wandsworth",Florist,Home & Living,"6, Pilots Walk, New Acres, London",SW18 1FN,SW18,+44 7865 172138,https://www.brothersgreenuk.com/,5,2,ChIJEUZj02yp2EcR5CoeXUtc-SA,https://maps.google.com/?cid=2376031757169208036&g_mp=Cidnb29nbGUubWFwcy5wbGFjZXMudjEuUGxhY2VzLlNlYXJjaFRleHQQAhgEIAA,florist,
C,fashion,commercial,26,Wandsworth,Jerusalem Costumes القدس,Clothing store,Fashion & Apparel,"12 Lacy Rd, London",SW15 1NL,SW15,+44 20 8789 0801,http://www.jerusalemcostumes.co.uk/,4.4,55,ChIJOXG1eA4PdkgROvIQIwrZ4hU,https://maps.google.com/?cid=1577061457094308410&g_mp=Cidnb29nbGUubWFwcy5wbGFjZXMudjEuUGxhY2VzLlNlYXJjaFRleHQQAhgEIAA,independent clothing,
C,flowers,commercial,26,Wandsworth,LVF Creative Studio,Florist,Home & Living,"Unit C4, The Imperial Laundry, 87 Warriner Gardens, London",SW11 4XW,SW11,+44 20 3325 4376,https://lvf-studio.com/,5,6,ChIJC-PYMB4FdkgRkf84qjfshvU,https://maps.google.com/?cid=17692087909994790801&g_mp=Cidnb29nbGUubWFwcy5wbGFjZXMudjEuUGxhY2VzLlNlYXJjaFRleHQQAhgEIAA,florist,
C,flowers,commercial,26,Wandsworth,Lily & Stem Floral Design,Florist,Home & Living,"14 Barchard St, London",SW18 1DU,SW18,,https://www.lilyandstem.co.uk/,5,3,ChIJwxIZfnIPdkgRkr_79X2QmXU,https://maps.google.com/?cid=8473963044546527122&g_mp=Cidnb29nbGUubWFwcy5wbGFjZXMudjEuUGxhY2VzLlNlYXJjaFRleHQQAhgEIAA,florist,
C,flowers,commercial,26,Wandsworth,Merton Flowers,Florist,Home & Living,"104 Morden Rd, London",SW19 3BP,SW19,,http://mertonflowers.org.uk/,5,1,ChIJOcuD-qEIdkgRU-X5h9ritqo,https://maps.google.com/?cid=12301268860421137747&g_mp=Cidnb29nbGUubWFwcy5wbGFjZXMudjEuUGxhY2VzLlNlYXJjaFRleHQQAhgEIAA,florist,
C,fashion,commercial,26,Wandsworth,The Perfume Shop,Clothing store,Home & Living,"19 High Street, London",SW17 0SN,SW17,+44 20 8672 4823,https://www.theperfumeshop.com/store/tooting-the-perfume-shop-superdrug/?utm_source=google&utm_medium=organic&utm_campaign=561,4.5,51,ChIJBVIaUwoGdkgRTkogEGciV8I,https://maps.google.com/?cid=14003699392379374158&g_mp=Cidnb29nbGUubWFwcy5wbGFjZXMudjEuUGxhY2VzLlNlYXJjaFRleHQQAhgEIAA,independent clothing,
C,flowers,commercial,26,Wandsworth,Timothy Dunn Flowers,Florist,Home & Living,"Delta Business Park, 10 Smugglers Way, London",SW18 1EG,SW18,+44 20 8877 3001,http://www.timothydunnflowers.com/,5,3,ChIJY6BHFGMPdkgRejTYAS-7bcs,https://maps.google.com/?cid=14658578172729635962&g_mp=Cidnb29nbGUubWFwcy5wbGFjZXMudjEuUGxhY2VzLlNlYXJjaFRleHQQAhgEIAA,florist,
C,specialty_food,commercial,25,Lambeth,Arapina Bakery - Herne Hill Market,Bakery,Food & Drink,"Railton Rd, London",SE24 0JN,SE24,+44 20 8469 1764,https://arapina.co.uk/,3.5,2,ChIJd7P8cu0FdkgRkwZisQatl6M,https://maps.google.com/?cid=11788080793922963091&g_mp=Cidnb29nbGUubWFwcy5wbGFjZXMudjEuUGxhY2VzLlNlYXJjaFRleHQQAhgEIAA,specialty food (Bakery),
C,specialty_food,commercial,25,Lambeth,Breadwinners & Celtic Bakers Stall @ Camberwell Farmers Market,Bakery,Food & Drink,"Camberwell Farmers Market, Camberwell Green, London",SE5 7AN,SE5,+44 7397 903479,https://www.breadwinners.org.uk/,3.7,3,ChIJL3iQ74EDdkgRKryarXZpnpo,https://maps.google.com/?cid=11141458486600842282&g_mp=Cidnb29nbGUubWFwcy5wbGFjZXMudjEuUGxhY2VzLlNlYXJjaFRleHQQAhgEIAA,specialty food (Bakery),
C,specialty_food,commercial,25,Lambeth,Madeira Patisserie,Pastry shop,Food & Drink,"Unit 1, Lindford Street Business Estate, 2 Linford St, London",SW8 4UN,SW8,+44 345 355 7330,https://madeiralondon.co.uk/,3.8,10,ChIJWzB9NAAFdkgRFkxiFKBubdw,https://maps.google.com/?cid=15883473094621416470&g_mp=Cidnb29nbGUubWFwcy5wbGFjZXMudjEuUGxhY2VzLlNlYXJjaFRleHQQAhgEIAA,specialty food (Pastry shop),
C,flowers,commercial,25,Wandsworth,Dovers Flowers,Florist,Home & Living,"165 Putney High St, London",SW15 1RT,SW15,+44 20 8780 3558,http://www.doversflowers.com/,4.4,39,ChIJHfxdGRIPdkgRGjbehePQIiw,https://maps.google.com/?cid=3180333962499077658&g_mp=Cidnb29nbGUubWFwcy5wbGFjZXMudjEuUGxhY2VzLlNlYXJjaFRleHQQAhgEIAA,florist,
C,fashion,commercial,24,Wandsworth,Carm Jewellery & Accessories,Jewelry store,Home & Living,"Unit 24A, Tooting High St, London",SW17 0SN,SW17,+44 7342 758256,https://www.instagram.com/carmjewellery9740/,5,12,ChIJL_qRm6AfdkgRUme1EzsE5rU,https://maps.google.com/?cid=13107168417288644434&g_mp=Cidnb29nbGUubWFwcy5wbGFjZXMudjEuUGxhY2VzLlNlYXJjaFRleHQQAhgEIAA,independent jewellery,
C,flowers,commercial,24,Wandsworth,Doris,Florist,Home & Living,"969 Garratt Ln, London",SW17 0LW,SW17,+44 20 8672 3571,https://www.dorisflorist.co.uk/,3.9,77,ChIJhavZywkGdkgRybHo567zaUg,https://maps.google.com/?cid=5217969575826076105&g_mp=Cidnb29nbGUubWFwcy5wbGFjZXMudjEuUGxhY2VzLlNlYXJjaFRleHQQAhgEIAA,florist,
C,flowers,commercial,24,Wandsworth,Igloo Flowers,Florist,Home & Living,"St John's Hl, London",SW11 2PQ,SW11,+44 7497 190507,http://iglooflowers.com/,3,64,ChIJ0X2Fb5AFdkgR2VasnxGLO0Q,https://maps.google.com/?cid=4916676326014605017&g_mp=Cidnb29nbGUubWFwcy5wbGFjZXMudjEuUGxhY2VzLlNlYXJjaFRleHQQAhgEIAA,florist,
C,specialty_food,commercial,24,Wandsworth,Il Mulino Bakery,Bakery,Food & Drink,"8 Lyndon Yard, London",SW17 0BA,SW17,+44 20 8944 5548,http://www.ilmulinobakery.co.uk/,4.6,18,ChIJ32HeB1UPdkgRcjaYQxFmkiw,https://maps.google.com/?cid=3211741708603111026&g_mp=Cidnb29nbGUubWFwcy5wbGFjZXMudjEuUGxhY2VzLlNlYXJjaFRleHQQAhgEIAA,specialty food (Bakery),
C,fashion,commercial,24,Wandsworth,Milan Luxe boutique,Clothing store,Fashion & Apparel,"17, the shop, Milan Luxe Boutique, High Street Wimbledon, London",SW19 5DX,SW19,+44 20 3637 2762,https://www.milanluxe.com/,5,4,ChIJV_KNuysJdkgRM22pH0U8jTM,https://maps.google.com/?cid=3714691535232134451&g_mp=Cidnb29nbGUubWFwcy5wbGFjZXMudjEuUGxhY2VzLlNlYXJjaFRleHQQAhgEIAA,vintage / boutique,
C,specialty_food,commercial,24,Wandsworth,Paulena’s Bakery,Bakery,Food & Drink,"Causeway House, 5 Creek Ln, London",SW18 1AG,SW18,,https://www.instagram.com/paulenasbakery,5,18,ChIJcUM-N1oiiQ4R-4jrik_wXK4,https://maps.google.com/?cid=12564181284880615675&g_mp=Cidnb29nbGUubWFwcy5wbGFjZXMudjEuUGxhY2VzLlNlYXJjaFRleHQQAhgEIAA,specialty food (Bakery),
C,flowers,commercial,24,Wandsworth,The Flower Stand,Florist,Home & Living,"22-26 Northcote Rd, London",SW11 1NX,SW11,+44 20 7228 7755,http://www.theflowerstandbattersea.com/,3.6,43,ChIJDXfdq5cFdkgRndEyux4Z4xo,https://maps.google.com/?cid=1937419884479828381&g_mp=Cidnb29nbGUubWFwcy5wbGFjZXMudjEuUGxhY2VzLlNlYXJjaFRleHQQAhgEIAA,florist,
C,flowers,commercial,23,Lambeth,Dennis Edwards Flowers,Florist,Home & Living,"New Covent Garden Market, London",SW8 5BH,SW8,+44 7956 378685,http://www.newcoventgardenmarket.com/users/dennis-edwards-flowers-ltd,5,6,ChIJA9DUpf0EdkgRW9ZDA1iIVu8,https://maps.google.com/?cid=17246121734655170139&g_mp=Cidnb29nbGUubWFwcy5wbGFjZXMudjEuUGxhY2VzLlNlYXJjaFRleHQQAhgEIAA,florist,
C,specialty_food,commercial,23,Lambeth,Gail's Bakery The Fire Station Southwark,Bakery,Food & Drink,"94 Southwark Bridge Rd, London",SE1 0EG,SE1,,https://gails.com/pages/the-fire-station-southwark,4.3,66,ChIJgTdPEwAFdkgRuptsQsav0bY,https://maps.google.com/?cid=13173503651088210874&g_mp=Cidnb29nbGUubWFwcy5wbGFjZXMudjEuUGxhY2VzLlNlYXJjaFRleHQQAhgEIAA,specialty food (Bakery),
C,specialty_food,commercial,23,Wandsworth,Cavan Bakery,Bakery,Food & Drink,"143 Arthur Rd, London",SW19 8AB,SW19,+44 20 3404 5490,https://thecavanbakery.co.uk/,4.4,60,ChIJNe320RsPdkgR5fqzhmziomE,https://maps.google.com/?cid=7035434523650423525&g_mp=Cidnb29nbGUubWFwcy5wbGFjZXMudjEuUGxhY2VzLlNlYXJjaFRleHQQAhgEIAA,specialty food (Bakery),
C,specialty_food,commercial,23,Wandsworth,GAIL's,Bakery,Food & Drink,"5 Lacy Rd, London",SW15 1NH,SW15,+44 20 4546 8140,https://gails.com/pages/putney,3.5,249,ChIJI4SixQ0PdkgR9w0PxKWsgJw,https://maps.google.com/?cid=11277203294894624247&g_mp=Cidnb29nbGUubWFwcy5wbGFjZXMudjEuUGxhY2VzLlNlYXJjaFRleHQQAhgEIAA,specialty food (Bakery),
C,specialty_food,commercial,23,Wandsworth,GAIL's Bakery Battersea Square,Bakery,Food & Drink,"31- 32 Battersea Square, London",SW11 3RA,SW11,+44 20 4546 8105,https://gails.com/pages/battersea-square,4,500,ChIJnSyxmncFdkgRurM51uuf0J4,https://maps.google.com/?cid=11443822488408667066&g_mp=Cidnb29nbGUubWFwcy5wbGFjZXMudjEuUGxhY2VzLlNlYXJjaFRleHQQAhgEIAA,specialty food (Bakery),
C,specialty_food,commercial,23,Wandsworth,GAIL's Bakery Earlsfield,Bakery,Food & Drink,"537, 539 Garratt Ln, London",SW18 4SR,SW18,+44 20 4546 8115,https://gails.com/pages/earlsfield,3.9,261,ChIJoQkoulEFdkgRvzcLJcc1Vjo,https://maps.google.com/?cid=4203606431633192895&g_mp=Cidnb29nbGUubWFwcy5wbGFjZXMudjEuUGxhY2VzLlNlYXJjaFRleHQQAhgEIAA,specialty food (Bakery),
C,specialty_food,commercial,23,Wandsworth,GAIL's Bakery Northcote Road,Bakery,Food & Drink,"64 Northcote Rd, London",SW11 6QL,SW11,+44 20 4546 8135,https://gails.com/pages/northcote-road,3.8,506,ChIJeyNpaJYFdkgRzUn4MrNtQyw,https://maps.google.com/?cid=3189513577530149325&g_mp=Cidnb29nbGUubWFwcy5wbGFjZXMudjEuUGxhY2VzLlNlYXJjaFRleHQQAhgEIAA,specialty food (Bakery),
C,specialty_food,commercial,23,Wandsworth,GAIL's Bakery Southfields,Bakery,Food & Drink,"250 Wimbledon Park Rd, London",SW19 6NL,SW19,+44 20 8780 3861,https://gails.com/pages/southfields,4.1,265,ChIJUcNjspEPdkgRQKKoJDsaurc,https://maps.google.com/?cid=13238922895929418304&g_mp=Cidnb29nbGUubWFwcy5wbGFjZXMudjEuUGxhY2VzLlNlYXJjaFRleHQQAhgEIAA,specialty food (Bakery),
C,specialty_food,commercial,23,Wandsworth,GAIL's Bakery Wandsworth,Bakery,Food & Drink,"350 Old York Rd, London",SW18 1SS,SW18,+44 20 8877 9567,https://gails.com/pages/wandsworth,4,235,ChIJR-TdxLUPdkgRIcLC8_jrkeY,https://maps.google.com/?cid=16614319954820514337&g_mp=Cidnb29nbGUubWFwcy5wbGFjZXMudjEuUGxhY2VzLlNlYXJjaFRleHQQAhgEIAA,specialty food (Bakery),
C,specialty_food,commercial,23,Wandsworth,GAIL's Bakery Wimbledon,Bakery,Food & Drink,"9 High Street Wimbledon, London",SW19 5DX,SW19,+44 20 4546 8162,https://gails.com/pages/wimbledon-village,4,466,ChIJJ_KSSMkIdkgRUnTeWah12OI,https://maps.google.com/?cid=16345944213463921746&g_mp=Cidnb29nbGUubWFwcy5wbGFjZXMudjEuUGxhY2VzLlNlYXJjaFRleHQQAhgEIAA,specialty food (Bakery),
C,specialty_food,commercial,23,Wandsworth,Gail's Bakery,Bakery,Food & Drink,"Flight Centre, 33 The Broadway, London",SW19 1QB,SW19,+44 20 4546 8168,https://gails.com/pages/wimbledon-broadway,3.7,161,ChIJWR5QZGcJdkgRHnKDyqHjL9k,https://maps.google.com/?cid=15649977514162614814&g_mp=Cidnb29nbGUubWFwcy5wbGFjZXMudjEuUGxhY2VzLlNlYXJjaFRleHQQAhgEIAA,specialty food (Bakery),
C,specialty_food,commercial,23,Wandsworth,Kova Patisserie Battersea,Pastry shop,Food & Drink,"Unit 211A, Turbine Hall, The Power Station, Battersea Power Station, Circus Rd W, London",SW11 8EZ,SW11,,https://www.kovapatisserie.com/,4,382,ChIJr084-T4FdkgR39jl_n5zglA,https://maps.google.com/?cid=5801326259286169823&g_mp=Cidnb29nbGUubWFwcy5wbGFjZXMudjEuUGxhY2VzLlNlYXJjaFRleHQQAhgEIAA,specialty food (Pastry shop),
C,specialty_food,commercial,23,Wandsworth,Lockdown Bakehouse Earlsfield,Bakery,Food & Drink,"376 Garratt Ln, London",SW18 4HP,SW18,,https://www.lockdownbakehouse.com/,4.4,130,ChIJ62ehin8FdkgR9RREA1loMo0,https://maps.google.com/?cid=10174309239699543285&g_mp=Cidnb29nbGUubWFwcy5wbGFjZXMudjEuUGxhY2VzLlNlYXJjaFRleHQQAhgEIAA,specialty food (Bakery),
C,specialty_food,commercial,23,Wandsworth,Millers Bespoke Bakery Ltd,Bakery,Food & Drink,"57 Windsor Ave, London",SW19 2RR,SW19,+44 20 7720 1234,http://www.millersbakery.co.uk/,4.4,75,ChIJq-EflR8GdkgRqrPYDhVJyNg,https://maps.google.com/?cid=15620815662326789034&g_mp=Cidnb29nbGUubWFwcy5wbGFjZXMudjEuUGxhY2VzLlNlYXJjaFRleHQQAhgEIAA,specialty food (Bakery),
C,beauty,commercial,23,Wandsworth,NUFF Naturals,Cosmetics store,Beauty & Wellness,"Unit 36a, 21-23 Tooting High St, London",SW17 0SN,SW17,+44 20 8150 6430,http://nuffnaturals.com/,5,23,ChIJB0cT8AoGdkgR3KeccD-4_Dk,https://maps.google.com/?cid=4178417136904742876&g_mp=Cidnb29nbGUubWFwcy5wbGFjZXMudjEuUGxhY2VzLlNlYXJjaFRleHQQAhgEIAA,cosmetics / product,
C,fashion,commercial,23,Wandsworth,Newbie,Clothing store,Kids & Family,"58 Northcote Rd, London",SW11 1PA,SW11,+44 7849 084373,https://newbiestore.com/,4.4,19,ChIJOUhWLc8FdkgRMD7XkpxTEqg,https://maps.google.com/?cid=12110834279896268336&g_mp=Cidnb29nbGUubWFwcy5wbGFjZXMudjEuUGxhY2VzLlNlYXJjaFRleHQQAhgEIAA,independent clothing,
C,wine,commercial,23,Wandsworth,Thirsty Camel,Liquor store,Art & Culture,"246 Lavender Hill, London",SW11 1LJ,SW11,+44 20 7223 1747,https://thirsty-camel-gb.ueniweb.com/,4,32,ChIJ7SnORZgFdkgRQaeQpNOiQNw,https://maps.google.com/?cid=15870864116736370497&g_mp=Cidnb29nbGUubWFwcy5wbGFjZXMudjEuUGxhY2VzLlNlYXJjaFRleHQQAhgEIAA,independent wine / bottle shop,
C,charity,charity,22,Wandsworth,"Shop from Crisis, Putney",Thrift store,Fashion & Apparel,"97 Putney High St, London",SW15 1SS,SW15,+44 20 4546 8336,https://crisis.org.uk/get-involved/shop-from-crisis/putney/,4.7,14,ChIJmZSKH8YPdkgRHgi3LXPhDkM,https://maps.google.com/?cid=4832047335019579422&g_mp=Cidnb29nbGUubWFwcy5wbGFjZXMudjEuUGxhY2VzLlNlYXJjaFRleHQQAhgEIAA,curated charity shop,
C,specialty_food,commercial,21,Wandsworth,CARDABELLE BAKERY,Coffee stand,Food & Drink,"18 Weir Rd, London",SW19 8UG,SW19,,https://www.cardabelle-cruller-london.com/,5,14,ChIJGd89bu4FdkgRhRqPs8MSS8k,https://maps.google.com/?cid=14504707656617237125&g_mp=Cidnb29nbGUubWFwcy5wbGFjZXMudjEuUGxhY2VzLlNlYXJjaFRleHQQAhgEIAA,specialty food (Coffee stand),
C,specialty_food,commercial,21,Wandsworth,Crepe Wimbledon,Bakery,Food & Drink,"35a Wimbledon Hill Rd, London",SW19 7NB,SW19,,https://m.facebook.com/crepewimbledon/,5,1,ChIJFz8YJAAJdkgRSlEwXkuBNlk,https://maps.google.com/?cid=6428467678820716874&g_mp=Cidnb29nbGUubWFwcy5wbGFjZXMudjEuUGxhY2VzLlNlYXJjaFRleHQQAhgEIAA,specialty food (Bakery),
C,flowers,commercial,21,Wandsworth,LittleWild,Florist,Home & Living,"East Putney Station Approach, 77 Upper Richmond Rd, London",SW15 2SZ,SW15,+44 20 8875 1266,https://instagram.com/littlewildinsta?igshid=ZGUzMzM3NWJiOQ==,3.8,28,ChIJ14wTC84PdkgR6Mx9DdES1uk,https://maps.google.com/?cid=16849675744937102568&g_mp=Cidnb29nbGUubWFwcy5wbGFjZXMudjEuUGxhY2VzLlNlYXJjaFRleHQQAhgEIAA,florist,
C,specialty_food,commercial,21,Wandsworth,Littler's Buns,Bakery,Food & Drink,"49 Victory Rd, London",SW19 1HW,SW19,+44 7927 219018,http://www.littlersbuns.com/,5,13,ChIJ4ZWWpmwPdkgRSrYyU6xCgMk,https://maps.google.com/?cid=14519678506540119626&g_mp=Cidnb29nbGUubWFwcy5wbGFjZXMudjEuUGxhY2VzLlNlYXJjaFRleHQQAhgEIAA,specialty food (Bakery),
C,specialty_food,commercial,21,Wandsworth,Lola's Cupcakes Putney Exchange Collection Locker,Bakery,Food & Drink,"Putney Exchange Shopping centre, Putney High St, London",SW15 1TW,SW15,+44 330 058 9525,http://www.lolascupcakes.co.uk/,4.8,4,ChIJsQpXLJYPdkgRwoVSGIm9ORY,https://maps.google.com/?cid=1601519539023152578&g_mp=Cidnb29nbGUubWFwcy5wbGFjZXMudjEuUGxhY2VzLlNlYXJjaFRleHQQAhgEIAA,specialty food (Bakery),
C,fashion,commercial,20,Wandsworth,Anthology Boutique SW18,Clothing store,Fashion & Apparel,"511 Old York Rd, London",SW18 1TF,SW18,+44 7712 188332,https://m.facebook.com/AnthologySW18/,4.4,13,ChIJg-NIm2IPdkgRbjWxguWfP-Y,https://maps.google.com/?cid=16591155360345175406&g_mp=Cidnb29nbGUubWFwcy5wbGFjZXMudjEuUGxhY2VzLlNlYXJjaFRleHQQAhgEIAA,vintage / boutique,
C,flowers,commercial,20,Wandsworth,Blooms At London (Wimbledon Station),Florist,Home & Living,"Queen's Rd, London",SW19 8YE,SW19,+44 20 3488 7505,https://www.bloomsatlondon.com/,4.8,76,ChIJfwwmee0JdkgRkCAf9eMOnJQ,https://maps.google.com/?cid=10708450386213019792&g_mp=Cidnb29nbGUubWFwcy5wbGFjZXMudjEuUGxhY2VzLlNlYXJjaFRleHQQAhgEIAA,florist,
C,specialty_food,commercial,19,Wandsworth,GAIL's Bakery Tooting Broadway,Bakery,Food & Drink,"103 Mitcham Rd, London",SW17 9PE,SW17,,http://gails.com/,3.3,93,ChIJeX26DAAHdkgRC8RKYhxtCRw,https://maps.google.com/?cid=2020265876527957003&g_mp=Cidnb29nbGUubWFwcy5wbGFjZXMudjEuUGxhY2VzLlNlYXJjaFRleHQQAhgEIAA,specialty food (Bakery),
C,specialty_food,commercial,19,Wandsworth,Mixed Blessings,Bakery,Food & Drink,"118 Mitcham Rd, London",SW17 9NH,SW17,+44 7411 039459,https://www.instagram.com/mixedblessingsbakery/,4.2,122,ChIJDWUQrQwGdkgRscuNuCaJaaQ,https://maps.google.com/?cid=11847151094172863409&g_mp=Cidnb29nbGUubWFwcy5wbGFjZXMudjEuUGxhY2VzLlNlYXJjaFRleHQQAhgEIAA,specialty food (Bakery),
C,flowers,commercial,18,Wandsworth,Cherish and Charm Flowers,Florist,Home & Living,"Wimbledon Stadium Squash Club, 12 Summerstown, London",SW17 0GZ,SW17,+44 7462 357469,https://www.cherishandcharm.co.uk/,,,ChIJiyJM0C0FdkgRQSG2_-G_ul0,https://maps.google.com/?cid=6753921568574153025&g_mp=Cidnb29nbGUubWFwcy5wbGFjZXMudjEuUGxhY2VzLlNlYXJjaFRleHQQAhgEIAA,florist,
C,flowers,commercial,18,Wandsworth,INTO THE WILD,Florist,Home & Living,"Studio 106, Wimbledon Art Studios, Wimbledon Art Studio, Riverside Yard, 10 Riverside Rd, London",SW17 0BB,SW17,+44 7904 018088,http://intothewildflorist.co.uk/,,,ChIJAQAAY1UPdkgROPxKeHKxZDg,https://maps.google.com/?cid=4063567868997598264&g_mp=Cidnb29nbGUubWFwcy5wbGFjZXMudjEuUGxhY2VzLlNlYXJjaFRleHQQAhgEIAA,florist,
C,books,commercial,18,Wandsworth,Melaman X,Book store,Books & Music,"Flat 4, Ramsey House, London",SW19 2JU,SW19,+44 7349 461023,https://melamanx.com/,,,ChIJ4cZzsnsJdkgRyugeYTu546A,https://maps.google.com/?cid=11593313530465413322&g_mp=Cidnb29nbGUubWFwcy5wbGFjZXMudjEuUGxhY2VzLlNlYXJjaFRleHQQAhgEIAA,bookshop,
C,flowers,commercial,18,Wandsworth,clapham flowers studio,Florist,Home & Living,"unit 33b, culvert court, 105 Culvert Rd, London",SW11 5AU,SW11,+44 20 8673 2958,http://www.claphamflowers.co.uk/,,,ChIJj6ZKgDsFdkgRbws_kXROzvA,https://maps.google.com/?cid=17351892676865100655&g_mp=Cidnb29nbGUubWFwcy5wbGFjZXMudjEuUGxhY2VzLlNlYXJjaFRleHQQAhgEIAA,florist,
C,specialty_food,commercial,17,Wandsworth,Bella Trattoria Limited,Bakery,Food & Drink,"228 York Rd, London",SW11 3SJ,SW11,+44 20 8713 0082,http://cafebrera.com/,4.5,10,ChIJ93D4wXgFdkgRBfk0RPNGYrQ,https://maps.google.com/?cid=12998029485179992325&g_mp=Cidnb29nbGUubWFwcy5wbGFjZXMudjEuUGxhY2VzLlNlYXJjaFRleHQQAhgEIAA,specialty food (Bakery),
C,specialty_food,commercial,16,Lambeth,The Flour Station,Bakery,Food & Drink,"Borough Market, Bedale St, London",SE1 9AA,SE1,+44 20 8457 2080,http://www.theflourstation.com/,4.1,20,ChIJmU20dlcDdkgRE91boESByWI,https://maps.google.com/?cid=7118362817783913747&g_mp=Cidnb29nbGUubWFwcy5wbGFjZXMudjEuUGxhY2VzLlNlYXJjaFRleHQQAhgEIAA,specialty food (Bakery),
C,fashion,commercial,16,Wandsworth,AVWEARS LONDON,Jewelry store,Fashion & Apparel,"266 Balham High Rd, London",SW17 7FD,SW17,+44 7545 595173,https://www.avwears.com/?utm_source=google&utm_medium=wix_google_business_profile&utm_campaign=2248557879038930954,,,ChIJDStIk-MFdkgRQMWITlJJJts,https://maps.google.com/?cid=15791389761274955072&g_mp=Cidnb29nbGUubWFwcy5wbGFjZXMudjEuUGxhY2VzLlNlYXJjaFRleHQQAhgEIAA,independent jewellery,
C,fashion,commercial,16,Wandsworth,Eva's Boutique Kids,Clothing store,Kids & Family,"33 Hawthorn Cres, London",SW17 9SX,SW17,,https://evas-boutique-london.ueniweb.com/?utm_campaign=gmb,,,ChIJt2kVXRkHdkgRK6aWcjawc1Q,https://maps.google.com/?cid=6085401269404870187&g_mp=Cidnb29nbGUubWFwcy5wbGFjZXMudjEuUGxhY2VzLlNlYXJjaFRleHQQAhgEIAA,vintage / boutique,
C,specialty_food,commercial,16,Wandsworth,Lockdown Bakehouse Putney,Bakery,Food & Drink,"79 Lower Richmond Rd., London",SW15 1ET,SW15,,https://www.lockdownbakehouse.com/,4.1,19,ChIJvz54cAAPdkgRDvDXDKgr7gQ,https://maps.google.com/?cid=355269421378826254&g_mp=Cidnb29nbGUubWFwcy5wbGFjZXMudjEuUGxhY2VzLlNlYXJjaFRleHQQAhgEIAA,specialty food (Bakery),
C,specialty_food,commercial,13,Wandsworth,Crayve's,Bakery,Food & Drink,"99-109 Battersea Business Centre, Lavender Hill, London",SW11 5QL,SW11,+44 20 7228 4411,http://www.crayves.co.uk/,3.9,8,ChIJBxSzraUFdkgRbUyEGP0SwDU,https://maps.google.com/?cid=3873116557785975917&g_mp=Cidnb29nbGUubWFwcy5wbGFjZXMudjEuUGxhY2VzLlNlYXJjaFRleHQQAhgEIAA,specialty food (Bakery),
C,specialty_food,commercial,13,Wandsworth,Lolas Collection Locker - Wandsworth,Bakery,Food & Drink,"Southside Shopping Centre, Wandsworth High St, London",SW18 4TF,SW18,+44 330 058 9525,https://www.lolas.co.uk/,,,ChIJvZaR5I8PdkgRaDDpmZO24Ug,https://maps.google.com/?cid=5251679385549353064&g_mp=Cidnb29nbGUubWFwcy5wbGFjZXMudjEuUGxhY2VzLlNlYXJjaFRleHQQAhgEIAA,specialty food (Bakery),
C,flowers,commercial,12,Wandsworth,Wimbledon Flower Kiosk,Florist,Home & Living,"Wimbledon Station, Wimbledon Bridge, London",SW19 7NL,SW19,+44 20 8946 8444,https://www.wimbledonflowers.com/,4.1,69,ChIJTUTEyaYIdkgR0PQP8V6Zz9w,https://maps.google.com/?cid=15911104641573582032&g_mp=Cidnb29nbGUubWFwcy5wbGFjZXMudjEuUGxhY2VzLlNlYXJjaFRleHQQAhgEIAA,florist,
