street,street_key,already_contacted,is_chain,has_website,enrich,kind,name,type,category,address,postcode,phone,website,rating,reviews,placeId,googleMapsUri,lat,lng,borough,email
Clapham High Street,clapham_high_street,no,yes,yes,yes,shop,Evans Cycles,Bicycle store,Sports & Outdoor,"Unit 2, Brixton, 65 Clapham High St, London",SW4 7UL,+44 343 909 2081,https://www.evanscycles.com/clapham-ev-store-2081,3.4,489,ChIJ2UclxFEEdkgRKrqXu_4YO_Y,https://maps.google.com/?cid=17742802639304243754&g_mp=Cidnb29nbGUubWFwcy5wbGFjZXMudjEuUGxhY2VzLlNlYXJjaFRleHQQAhgEIAA,51.463315099999996,-0.1331459,Lambeth,
Clapham High Street,clapham_high_street,no,no,no,no,shop,Q For Hair,Barber shop,Beauty & Wellness,"3 Clapham High St, London",SW4 7TS,+44 20 7627 2306,,4.7,98,ChIJUdbgh1AEdkgRz2pXJPkRnbs,https://maps.google.com/?cid=13518981418190334671&g_mp=Cidnb29nbGUubWFwcy5wbGFjZXMudjEuUGxhY2VzLlNlYXJjaFRleHQQAhgEIAA,51.4650685,-0.12966909999999998,Lambeth,
Clapham High Street,clapham_high_street,no,no,yes,yes,shop,SW4 BARBERS,Barber shop,Beauty & Wellness,"6 Clapham High St, London",SW4 7UT,+44 20 8127 6280,https://sw4barbers.co.uk/,4.9,153,ChIJWW4-MIAFdkgROGJ8ofUntTg,https://maps.google.com/?cid=4086216172838347320&g_mp=Cidnb29nbGUubWFwcy5wbGFjZXMudjEuUGxhY2VzLlNlYXJjaFRleHQQAhgEIAA,51.465095500000004,-0.13018939999999998,Lambeth,
Clapham High Street,clapham_high_street,no,no,yes,yes,shop,Tropix,Cocktail bar,Food & Drink,"Royal Oak, 10 Clapham High St, London",SW4 7UT,+44 7914 687983,https://tropixlondon.com/,4.2,1582,ChIJlcLPUukFdkgRDpTFJXxzQrY,https://maps.google.com/?cid=13133186440412632078&g_mp=Cidnb29nbGUubWFwcy5wbGFjZXMudjEuUGxhY2VzLlNlYXJjaFRleHQQAhgEIAA,51.4650095,-0.1304699,Lambeth,
Clapham High Street,clapham_high_street,no,no,yes,yes,shop,Nails First,Nail salon,Beauty & Wellness,"Hansford Building 11a, Unit 1 Bedford Rd, Clapham High St, London",SW4 7SH,+44 20 3759 7093,https://widget.treatwell.co.uk/place/nails-first-1/,4.8,45,ChIJY4DkNvoFdkgRDYSjq4898qM,https://maps.google.com/?cid=11813572459815470093&g_mp=Cidnb29nbGUubWFwcy5wbGFjZXMudjEuUGxhY2VzLlNlYXJjaFRleHQQAhgEIAA,51.464894799999996,-0.1291689,Lambeth,
Clapham High Street,clapham_high_street,no,no,no,no,shop,Cafe House London,Cafe,Food & Drink,"19A Clapham High St, London",SW4 7TS,+44 20 3620 4653,,4.4,116,ChIJkU-AwlgEdkgROiIYspid5Oc,https://maps.google.com/?cid=16709653796599898682&g_mp=Cidnb29nbGUubWFwcy5wbGFjZXMudjEuUGxhY2VzLlNlYXJjaFRleHQQAhgEIAA,51.4647507,-0.1302337,Lambeth,
Clapham High Street,clapham_high_street,no,no,yes,yes,shop,So Me Beauty & Wellness (Clapham North),Beauty salon,Beauty & Wellness,"21 Clapham High St, London",SW4 7TR,+44 20 7720 3330,http://so.me/,4.8,545,ChIJ6wxjQ1AEdkgRMfIMZi6a_4g,https://maps.google.com/?cid=9871778432290714161&g_mp=Cidnb29nbGUubWFwcy5wbGFjZXMudjEuUGxhY2VzLlNlYXJjaFRleHQQAhgEIAA,51.4645077,-0.13067779999999998,Lambeth,
Clapham High Street,clapham_high_street,no,no,no,no,shop,Clapham Homecare,Home goods store,Home & Living,"23-25 Clapham High St, London",SW4 7UT,,,3.5,6,ChIJJ60tXlAEdkgRgw-LHC8eaQA,https://maps.google.com/?cid=29588060245790595&g_mp=Cidnb29nbGUubWFwcy5wbGFjZXMudjEuUGxhY2VzLlNlYXJjaFRleHQQAhgEIAA,51.4644475,-0.1307788,Lambeth,
Clapham High Street,clapham_high_street,no,no,yes,yes,shop,Leyland SDM Clapham High Street | Decorating & DIY,Home goods store,Fashion & Apparel,"Apex Cycles, 24-28 Clapham High St, London",SW4 7UR,+44 20 7819 9387,https://leylandsdm.co.uk/amlocator/clapham-high-street/?utm_source=google&utm_medium=organic&utm_campaign=LPM_google_Clapham,4.6,197,ChIJcZHxUVAEdkgR-72sMI6nj70,https://maps.google.com/?cid=13659320423981825531&g_mp=Cidnb29nbGUubWFwcy5wbGFjZXMudjEuUGxhY2VzLlNlYXJjaFRleHQQAhgEIAA,51.464417999999995,-0.1315,Lambeth,
Clapham High Street,clapham_high_street,no,no,yes,yes,shop,Star Sports,sporting_goods_store,Sports & Outdoor,"34 Clapham High St, London",SW4 7UT,,https://www.starsportsbet.co.uk/,3.7,3,ChIJzcMWTVAEdkgRQJMJaj7ztwA,https://maps.google.com/?cid=51777370130584384&g_mp=Cidnb29nbGUubWFwcy5wbGFjZXMudjEuUGxhY2VzLlNlYXJjaFRleHQQAhgEIAA,51.4643867,-0.1315325,Lambeth,
Clapham High Street,clapham_high_street,yes,no,yes,no,shop,Save The Children,Thrift store,Fashion & Apparel,"Bowyer House, 36 Clapham High St, London",SW4 7UR,+44 20 7978 2542,https://www.savethechildren.org.uk/,3.9,34,ChIJKXApTVAEdkgR-RqE9zuzw_4,https://maps.google.com/?cid=18357713576229346041&g_mp=Cidnb29nbGUubWFwcy5wbGFjZXMudjEuUGxhY2VzLlNlYXJjaFRleHQQAhgEIAA,51.4642237,-0.1318819,Lambeth,
Clapham High Street,clapham_high_street,no,no,yes,yes,shop,SimpleBooks,Consultant,Books & Music,"Ste 47, 101 Clapham High St, London",SW4 7TB,+44 333 577 0035,http://www.simplebook.co.uk/,5,2,ChIJ158YzU0bdkgRwsmBUjr4g-M,https://maps.google.com/?cid=16394219997934766530&g_mp=Cidnb29nbGUubWFwcy5wbGFjZXMudjEuUGxhY2VzLlNlYXJjaFRleHQQAhgEIAA,51.4629921,-0.1343556,Lambeth,
Clapham High Street,clapham_high_street,no,no,yes,yes,shop,Sajna Beauty,Beauty salon,Beauty & Wellness,"48a Clapham High Street or, 2 Edgeley Rd, London",SW4 7UR,+44 20 7501 0001,http://www.sajna.co.uk/,4.1,218,ChIJH3ZorVEEdkgRfCGU1oOcw3Q,https://maps.google.com/?cid=8413740618912899452&g_mp=Cidnb29nbGUubWFwcy5wbGFjZXMudjEuUGxhY2VzLlNlYXJjaFRleHQQAhgEIAA,51.4640943,-0.1323684,Lambeth,
Clapham High Street,clapham_high_street,no,no,yes,yes,shop,The Socialist Party,Book store,Home & Living,"Hill House, 52 Clapham High St, London",SW4 7UN,,https://www.worldsocialism.org/spgb/,4.6,11,ChIJ63JiuVEEdkgReNRNI3lLZcQ,https://maps.google.com/?cid=14151800387737080952&g_mp=Cidnb29nbGUubWFwcy5wbGFjZXMudjEuUGxhY2VzLlNlYXJjaFRleHQQAhgEIAA,51.463891999999994,-0.1327139,Lambeth,
Clapham High Street,clapham_high_street,no,no,yes,yes,shop,Café Sol London – Mexican Restaurant & Cocktail Bar,Cocktail bar,Food & Drink,"Hill House, 56 Clapham High St, London",SW4 7UL,+44 20 7498 8558,http://www.cafesol.com/,3.8,852,ChIJBYvxuFEEdkgRCUPh2EVZde0,https://maps.google.com/?cid=17110680515790324489&g_mp=Cidnb29nbGUubWFwcy5wbGFjZXMudjEuUGxhY2VzLlNlYXJjaFRleHQQAhgEIAA,51.4638942,-0.1328001,Lambeth,
Clapham High Street,clapham_high_street,no,no,yes,no,not_a_shop,Rogue Bachata - Clapham,Sports school,Services & Experiences,"Café Sol, The Library Building, 56 Clapham High St, London",SW4 7UL,+44 7596 031416,https://roguebachata.com/,5,1,ChIJu09VaI0FdkgR3-XeJZcuYBc,https://maps.google.com/?cid=1684397487346869727&g_mp=Cidnb29nbGUubWFwcy5wbGFjZXMudjEuUGxhY2VzLlNlYXJjaFRleHQQAhgEIAA,51.4631908,-0.13354449999999998,Lambeth,
Clapham High Street,clapham_high_street,no,no,no,no,not_a_shop,Salsa Dance Classes in Clapham,Sports school,Services & Experiences,"Hill House, 56 Clapham High St, London",SW4 7UL,+44 7916 309923,,,,ChIJq6ofuVEEdkgRuyyRE7uwl9Q,https://maps.google.com/?cid=15318906975057685691&g_mp=Cidnb29nbGUubWFwcy5wbGFjZXMudjEuUGxhY2VzLlNlYXJjaFRleHQQAhgEIAA,51.4638942,-0.1328001,Lambeth,
Clapham High Street,clapham_high_street,no,no,no,no,shop,Express Food & Wine,Convenience store,Tech & Gadgets,"60 Clapham High St, London",SW4 7UL,+44 20 7498 2888,,3.9,17,ChIJfbe5uFEEdkgRbdJYccPFXLg,https://maps.google.com/?cid=13284710444047061613&g_mp=Cidnb29nbGUubWFwcy5wbGFjZXMudjEuUGxhY2VzLlNlYXJjaFRleHQQAhgEIAA,51.4638457,-0.132906,Lambeth,
Clapham High Street,clapham_high_street,no,no,yes,yes,shop,La Rueda Italian Social House,Italian restaurant,Food & Drink,"66 Clapham High St, London",SW4 7UL,+44 20 7627 2173,https://www.laruedaclapham.co.uk/,4.1,953,ChIJV_qOwFEEdkgRRmVkaeLFxDc,https://maps.google.com/?cid=4018554343742793030&g_mp=Cidnb29nbGUubWFwcy5wbGFjZXMudjEuUGxhY2VzLlNlYXJjaFRleHQQAhgEIAA,51.4637366,-0.1331945,Lambeth,
Clapham High Street,clapham_high_street,no,no,no,no,shop,clapham mobile and laptop repairs L.T.D,Services,Tech & Gadgets,"72 Clapham High St, London",SW4 7UL,+44 7909 466765,,4.9,141,ChIJSYEXls8FdkgRbTHgwwn9zio,https://maps.google.com/?cid=3084681013178151277&g_mp=Cidnb29nbGUubWFwcy5wbGFjZXMudjEuUGxhY2VzLlNlYXJjaFRleHQQAhgEIAA,51.463644099999996,-0.1335459,Lambeth,
Clapham High Street,clapham_high_street,no,no,yes,yes,shop,Soul Lounge,Restaurant,Food & Drink,"76 Clapham High St, London",SW4 7UL,+44 7914 687983,https://www.soulloungeldn.com/,4.3,902,ChIJ8bKMDxYFdkgR-cbluWZDN90,https://maps.google.com/?cid=15940283514585728761&g_mp=Cidnb29nbGUubWFwcy5wbGFjZXMudjEuUGxhY2VzLlNlYXJjaFRleHQQAhgEIAA,51.463628,-0.1334465,Lambeth,
Clapham High Street,clapham_high_street,no,no,no,no,shop,"Caplaneris Key Cutting, Watch Repair Workshop, Engraving & Quality Shoe Repair",Locksmith,Fashion & Apparel,"78C Clapham High St, London",SW4 7UL,+44 7743 025989,,4.7,107,ChIJybyZS80FdkgRVTyueekeqfM,https://maps.google.com/?cid=17557598610398264405&g_mp=Cidnb29nbGUubWFwcy5wbGFjZXMudjEuUGxhY2VzLlNlYXJjaFRleHQQAhgEIAA,51.463644099999996,-0.1335459,Lambeth,
Clapham High Street,clapham_high_street,no,yes,yes,yes,shop,Fireaway Clapham,Pizza restaurant,Food & Drink,"82 Clapham High St, London",SW4 7UL,+44 20 3342 0838,https://fireaway.co.uk/,4.6,587,ChIJF7rG8mYFdkgROnZmKh8SYjY,https://maps.google.com/?cid=3918714550830396986&g_mp=Cidnb29nbGUubWFwcy5wbGFjZXMudjEuUGxhY2VzLlNlYXJjaFRleHQQAhgEIAA,51.463516899999995,-0.1337344,Lambeth,
Clapham High Street,clapham_high_street,no,no,yes,no,not_a_shop,Clapham Library,Library,Books & Music,"The Library Building, 91 Clapham High St, London",SW4 7DB,+44 20 7926 0717,https://www.lambeth.gov.uk/libraries-0/clapham-library,3.4,121,ChIJYfV3cK0FdkgRcIGJ5CcJpx8,https://maps.google.com/?cid=2280801803229036912&g_mp=Cidnb29nbGUubWFwcy5wbGFjZXMudjEuUGxhY2VzLlNlYXJjaFRleHQQAhgEIAA,51.462980699999996,-0.13326350000000003,Lambeth,
Clapham High Street,clapham_high_street,no,no,no,no,shop,Today's Living,Health food store,Sports & Outdoor,"92 Clapham High St, London",SW4 7UL,+44 20 7622 1772,,4.3,38,ChIJ0QkS7lEEdkgRbpnZdRtVRgY,https://maps.google.com/?cid=452142389026986350&g_mp=Cidnb29nbGUubWFwcy5wbGFjZXMudjEuUGxhY2VzLlNlYXJjaFRleHQQAhgEIAA,51.463370399999995,-0.1339505,Lambeth,
Clapham High Street,clapham_high_street,no,yes,yes,yes,shop,Headmasters Clapham High Street,Hair salon,Beauty & Wellness,"96 Clapham High St, London",SW4 7UL,+44 345 459 7751,https://www.headmasters.com/find-a-salon/clapham-high-street,4.7,299,ChIJr2s56lEEdkgR28ABdc7Mh4I,https://maps.google.com/?cid=9405711533884948699&g_mp=Cidnb29nbGUubWFwcy5wbGFjZXMudjEuUGxhY2VzLlNlYXJjaFRleHQQAhgEIAA,51.4633592,-0.1340761,Lambeth,
Clapham High Street,clapham_high_street,no,no,yes,yes,shop,@ Clapham Hair and Beauty,Beauty salon,Beauty & Wellness,"100 Clapham High St, London",SW4 7UL,,http://www.claphamhairandbeauty.com/,4.2,19,ChIJM5NPWOwFdkgRzMKogjcDbt4,https://maps.google.com/?cid=16027751660808356556&g_mp=Cidnb29nbGUubWFwcy5wbGFjZXMudjEuUGxhY2VzLlNlYXJjaFRleHQQAhgEIAA,51.4633085,-0.1342406,Lambeth,
Clapham High Street,clapham_high_street,no,no,no,no,shop,Barber's Team,Barber shop,Services & Experiences,"Clapham Hair And Beauty, 100 Clapham High St, London",SW4 7UL,+44 7464 258599,,5,14,ChIJiSKsyGIFdkgR2ooCFaNLeR0,https://maps.google.com/?cid=2123811863086140122&g_mp=Cidnb29nbGUubWFwcy5wbGFjZXMudjEuUGxhY2VzLlNlYXJjaFRleHQQAhgEIAA,51.463264099999996,-0.13421529999999998,Lambeth,
Clapham High Street,clapham_high_street,no,no,yes,yes,shop,Be Styled By Chen,Hair salon,Beauty & Wellness,"100 Clapham High St, London",SW4 7UL,+44 7539 249351,http://www.bestyledbychen.com/,5,16,ChIJbbAoTvAFdkgR2_0bUyl03h8,https://maps.google.com/?cid=2296400580842356187&g_mp=Cidnb29nbGUubWFwcy5wbGFjZXMudjEuUGxhY2VzLlNlYXJjaFRleHQQAhgEIAA,51.4633085,-0.1342406,Lambeth,
Clapham High Street,clapham_high_street,no,no,yes,yes,shop,Beyond The Brush Ldn By Monique,Hair salon,Beauty & Wellness,"100 Clapham High St, London",SW4 7UL,+44 7882 937810,https://www.beyondthebrushldn.com/,5,20,ChIJ4Xsi1hcFdkgRBt5J3EWZPwE,https://maps.google.com/?cid=89959042898320902&g_mp=Cidnb29nbGUubWFwcy5wbGFjZXMudjEuUGxhY2VzLlNlYXJjaFRleHQQAhgEIAA,51.4633085,-0.1342406,Lambeth,
Clapham High Street,clapham_high_street,no,no,yes,yes,shop,TL Professional - Lashes - Nails - Brows,Beauty salon,Beauty & Wellness,"Hair & Beauty, 100 Clapham High Street @Clapham, London",SW4 7UL,+44 7985 651488,https://www.tlprofessional.com/,4.7,186,ChIJjbSFUogRdkgRJAzEyEEYLOs,https://maps.google.com/?cid=16945946168708566052&g_mp=Cidnb29nbGUubWFwcy5wbGFjZXMudjEuUGxhY2VzLlNlYXJjaFRleHQQAhgEIAA,51.463296199999995,-0.13421929999999999,Lambeth,
Clapham High Street,clapham_high_street,no,no,yes,yes,shop,Flower Delivery Clapham,point_of_interest,Home & Living,"101 Clapham High St, London",SW4 7TB,+44 20 3965 0213,http://flowerdeliveryclapham.co.uk/,4,3,ChIJAzNg-lEEdkgRVt6QCj7NMQk,https://maps.google.com/?cid=662536286549106262&g_mp=Cidnb29nbGUubWFwcy5wbGFjZXMudjEuUGxhY2VzLlNlYXJjaFRleHQQAhgEIAA,51.462971700000004,-0.13428669999999998,Lambeth,
Clapham High Street,clapham_high_street,no,no,yes,yes,shop,Philip Thomerson Headboards,Furniture store,Home & Living,"101 Clapham High St, London",SW4 7TB,+44 1603 487272,https://www.philipthomersonheadboards.com/,5,1,ChIJEwid5ikFdkgRO21zDLG0i-I,https://maps.google.com/?cid=16324339946845596987&g_mp=Cidnb29nbGUubWFwcy5wbGFjZXMudjEuUGxhY2VzLlNlYXJjaFRleHQQAhgEIAA,51.4629463,-0.13429059999999998,Lambeth,
Clapham High Street,clapham_high_street,no,no,yes,yes,shop,Venus Barbers,Barber shop,Services & Experiences,"105A Clapham High St, London",SW4 7TB,+44 20 7627 1477,https://venusbarbersclapham.co.uk/,4.9,1628,ChIJxQ_1h00EdkgREHYqo7lOgAY,https://maps.google.com/?cid=468460920459916816&g_mp=Cidnb29nbGUubWFwcy5wbGFjZXMudjEuUGxhY2VzLlNlYXJjaFRleHQQAhgEIAA,51.462936,-0.134431,Lambeth,
Clapham High Street,clapham_high_street,no,no,yes,yes,shop,"Townhouse Nail Salon, Clapham",Beauty salon,Beauty & Wellness,"107 Clapham High St, London",SW4 7TB,+44 20 7947 0100,https://townhouse.co.uk/?utm_content=Townhouse%20Clapham%20-%20London&utm_campaign=london&utm_medium=organic_gbp&utm_source=google&utm_term=plcid_15627691894108802149,4.6,97,ChIJxW9WjLsFdkgR-O_x-IM_Jv4,https://maps.google.com/?cid=18313394770798571512&g_mp=Cidnb29nbGUubWFwcy5wbGFjZXMudjEuUGxhY2VzLlNlYXJjaFRleHQQAhgEIAA,51.4628709,-0.1344739,Lambeth,
Clapham High Street,clapham_high_street,no,no,yes,yes,shop,Minuteman Press Clapham,Services,Books & Music,"109 Clapham High St, London",SW4 7TB,+44 20 7720 8500,http://www.clapham.minutemanpress.co.uk/,4.9,184,ChIJda2l-VEEdkgRe2aWzEmkik0,https://maps.google.com/?cid=5587458924578498171&g_mp=Cidnb29nbGUubWFwcy5wbGFjZXMudjEuUGxhY2VzLlNlYXJjaFRleHQQAhgEIAA,51.462875999999994,-0.1345533,Lambeth,
Clapham High Street,clapham_high_street,no,no,yes,yes,shop,Vapourz Lounge | Vape Shop Clapham High Street,Store,Tech & Gadgets,"110 Clapham High St, London",SW4 7TB,+44 20 3795 7578,https://www.vapourzlounge.co.uk/,5,454,ChIJMR_qPOYFdkgRVIV6w87l58Q,https://maps.google.com/?cid=14188561827259647316&g_mp=Cidnb29nbGUubWFwcy5wbGFjZXMudjEuUGxhY2VzLlNlYXJjaFRleHQQAhgEIAA,51.463138099999995,-0.1347043,Lambeth,
Clapham High Street,clapham_high_street,no,no,yes,yes,shop,The Cactus Club,Night club,Services & Experiences,"Two Brewers, 114 Clapham High St, London",SW4 7UJ,,https://thecactusclub.co.uk/,5,8,ChIJE5qCRvgFdkgR1Eh8gK4_E9k,https://maps.google.com/?cid=15641915949500352724&g_mp=Cidnb29nbGUubWFwcy5wbGFjZXMudjEuUGxhY2VzLlNlYXJjaFRleHQQAhgEIAA,51.4630384,-0.1348468,Lambeth,
Clapham High Street,clapham_high_street,no,yes,yes,yes,shop,Snappy Snaps,Services,Services & Experiences,"116 Clapham High St, London",SW4 7UH,+44 20 7622 3335,https://www.snappysnaps.co.uk/claphamhighstreet/,4.5,332,ChIJ_9sXA1IEdkgR3uGxMsw_HU0,https://maps.google.com/?cid=5556667661501456862&g_mp=Cidnb29nbGUubWFwcy5wbGFjZXMudjEuUGxhY2VzLlNlYXJjaFRleHQQAhgEIAA,51.4630401,-0.13502619999999999,Lambeth,
Clapham High Street,clapham_high_street,no,no,no,no,shop,Renesa barbers,Barber shop,Services & Experiences,"118 Clapham High St, London",SW4 7UH,+44 20 3011 1178,,5,33,ChIJkwP8HQAFdkgR7zuIqnosv9Q,https://maps.google.com/?cid=15330020561951144943&g_mp=Cidnb29nbGUubWFwcy5wbGFjZXMudjEuUGxhY2VzLlNlYXJjaFRleHQQAhgEIAA,51.4630052,-0.135135,Lambeth,
Clapham High Street,clapham_high_street,no,no,no,no,shop,Renewable Barbers,Barber shop,Services & Experiences,"118 Clapham High St, London",SW4 7UH,+44 7477 777177,,,,ChIJDYY4cwAFdkgROgtmntWZ63A,https://maps.google.com/?cid=8136766294539504442&g_mp=Cidnb29nbGUubWFwcy5wbGFjZXMudjEuUGxhY2VzLlNlYXJjaFRleHQQAhgEIAA,51.4630052,-0.135135,Lambeth,
Clapham High Street,clapham_high_street,no,no,yes,yes,shop,All About Laptops,Services,Tech & Gadgets,"119 Clapham High St, London",SW4 7TB,+44 20 3337 8427,https://www.allaboutrepairs.co.uk/,4.9,106,ChIJu1mdunoFdkgRUweGXjNc6Sc,https://maps.google.com/?cid=2875931212751701843&g_mp=Cidnb29nbGUubWFwcy5wbGFjZXMudjEuUGxhY2VzLlNlYXJjaFRleHQQAhgEIAA,51.4627049,-0.1350761,Lambeth,
Clapham High Street,clapham_high_street,no,no,yes,no,not_a_shop,Vera the Diva Ballroom & Latin Dance School,Sports school,Services & Experiences,"121 Clapham High St, London",SW4 7JR,+44 7727 785857,http://www.verathediva.com/,5,56,ChIJSTbbx58GdkgRDm_PpPGAEOk,https://maps.google.com/?cid=16794064785805111054&g_mp=Cidnb29nbGUubWFwcy5wbGFjZXMudjEuUGxhY2VzLlNlYXJjaFRleHQQAhgEIAA,51.462569099999996,-0.135062,Lambeth,
Clapham High Street,clapham_high_street,no,no,no,no,shop,ProFix,Services,Tech & Gadgets,"124 Clapham High St, London",SW4 7UH,+44 20 7720 6183,,4.9,494,ChIJu6r7AWYFdkgRrklWEIjdxsc,https://maps.google.com/?cid=14395436835395750318&g_mp=Cidnb29nbGUubWFwcy5wbGFjZXMudjEuUGxhY2VzLlNlYXJjaFRleHQQAhgEIAA,51.462949099999996,-0.1353047,Lambeth,
Clapham High Street,clapham_high_street,yes,no,yes,no,shop,Lark Clapham,Gift shop,Fashion & Apparel,"127 Clapham High St, London",SW4 7SS,+44 20 7627 0482,http://www.larklondon.com/,4.9,208,ChIJa1q3XR4FdkgRu0e-xeipRqo,https://maps.google.com/?cid=12269681052032583611&g_mp=Cidnb29nbGUubWFwcy5wbGFjZXMudjEuUGxhY2VzLlNlYXJjaFRleHQQAhgEIAA,51.4624982,-0.1354227,Lambeth,
Clapham High Street,clapham_high_street,no,no,yes,yes,shop,Clapham Barbers,Barber shop,Beauty & Wellness,"128 Clapham High St, London",SW4 7UH,+44 20 3536 2452,https://www.claphambarbers.co.uk/,4.9,1370,ChIJfXRHBFIEdkgRgFsoDn3Aq1w,https://maps.google.com/?cid=6677642515847863168&g_mp=Cidnb29nbGUubWFwcy5wbGFjZXMudjEuUGxhY2VzLlNlYXJjaFRleHQQAhgEIAA,51.462885,-0.1354011,Lambeth,
Clapham High Street,clapham_high_street,no,no,yes,yes,shop,Olives + Meze Takeaway,Mediterranean restaurant,Food & Drink,"131 Clapham High St, London",SW4 7SS,+44 20 3583 7790,http://www.olivesandmeze.co.uk/,4.4,791,ChIJM4jpB1IEdkgRsldknr7m0gw,https://maps.google.com/?cid=924054579939923890&g_mp=Cidnb29nbGUubWFwcy5wbGFjZXMudjEuUGxhY2VzLlNlYXJjaFRleHQQAhgEIAA,51.462467,-0.13558499999999998,Lambeth,
Clapham High Street,clapham_high_street,no,no,no,no,shop,KC Nails & Beauty,Nail salon,Beauty & Wellness,"138 Clapham High St, London",SW4 7UH,+44 20 7627 3211,,4.7,373,ChIJcUz1OQcFdkgRNLkVCUBKzP0,https://maps.google.com/?cid=18288073825735522612&g_mp=Cidnb29nbGUubWFwcy5wbGFjZXMudjEuUGxhY2VzLlNlYXJjaFRleHQQAhgEIAA,51.4628127,-0.1356906,Lambeth,
Clapham High Street,clapham_high_street,no,no,yes,yes,shop,Infernos Nightclub,Night club,Books & Music,"146 Clapham High St, London",SW4 7UH,+44 20 7720 7633,http://www.infernos.co.uk/,4.1,1185,ChIJkX63D1IEdkgReGGWJjZL-mU,https://maps.google.com/?cid=7348268437956092280&g_mp=Cidnb29nbGUubWFwcy5wbGFjZXMudjEuUGxhY2VzLlNlYXJjaFRleHQQAhgEIAA,51.46275370000001,-0.1359428,Lambeth,
Clapham High Street,clapham_high_street,yes,no,yes,no,shop,Reformer Pilates in Clapham - Mojo Studios,Fitness center,Services & Experiences,"149A Clapham High St, London",SW4 7SS,+44 7414 775017,https://www.mojostudios.co.uk/,4.4,162,ChIJy9CdW1IEdkgReBMmQl5FUN0,https://maps.google.com/?cid=15947322551657960312&g_mp=Cidnb29nbGUubWFwcy5wbGFjZXMudjEuUGxhY2VzLlNlYXJjaFRleHQQAhgEIAA,51.462246,-0.13634559999999998,Lambeth,
Clapham High Street,clapham_high_street,no,no,yes,yes,shop,Danugur Clapham/Stockwell,Skin care clinic,Beauty & Wellness,"Light Centre, 151-153 Clapham High St, London",SW4 7SS,+44 7552 827154,https://www.danugur.co.uk/,3.7,3,ChIJn4e12SgFdkgRtQ7qidPNxj8,https://maps.google.com/?cid=4595586778213781173&g_mp=Cidnb29nbGUubWFwcy5wbGFjZXMudjEuUGxhY2VzLlNlYXJjaFRleHQQAhgEIAA,51.4621849,-0.1364647,Lambeth,
Clapham High Street,clapham_high_street,no,no,yes,yes,shop,Tonkotsu Clapham,Restaurant,Food & Drink,"153 Clapham High St, London",SW4 7SS,+44 20 3475 2692,https://tonkotsu.co.uk/locations/clapham/?keyword?utm_source=google,4.8,621,ChIJ_8cEL6AFdkgRd3c0BNuHt-I,https://maps.google.com/?cid=16336675548047898487&g_mp=Cidnb29nbGUubWFwcy5wbGFjZXMudjEuUGxhY2VzLlNlYXJjaFRleHQQAhgEIAA,51.462185899999994,-0.1365298,Lambeth,
Clapham High Street,clapham_high_street,no,yes,yes,yes,shop,Black Sheep Coffee,Food store,Food & Drink,"155-157 Clapham High St, London",SW4 7SS,+44 20 3988 6994,https://blacksheepcoffee.co.uk/blogs/locations/clapham-high-street,4.9,49,ChIJNfdMJXYFdkgRQqo3OihK-Ac,https://maps.google.com/?cid=574290489125612098&g_mp=Cidnb29nbGUubWFwcy5wbGFjZXMudjEuUGxhY2VzLlNlYXJjaFRleHQQAhgEIAA,51.4621608,-0.1366172,Lambeth,
Clapham High Street,clapham_high_street,yes,yes,yes,no,shop,Tapi Carpets & Floors,Building materials store,Home & Living,"Clapham Common Clinic, 168-170 Clapham High St, London",SW4 7UG,+44 20 3978 7290,https://www.tapi.co.uk/stores/clapham-common?utm_source=google&utm_medium=organic&utm_content=clapham-common&utm_campaign=g+business,3.9,188,ChIJvZIpiE0EdkgRL4unbY58wks,https://maps.google.com/?cid=5459062649493359407&g_mp=Cidnb29nbGUubWFwcy5wbGFjZXMudjEuUGxhY2VzLlNlYXJjaFRleHQQAhgEIAA,51.462431200000005,-0.136961,Lambeth,
Clapham High Street,clapham_high_street,no,yes,yes,yes,shop,Wingstop Clapham,Chicken wings restaurant,Food & Drink,"169 Clapham High St, London",SW4 7SS,+44 20 3603 2782,https://www.wingstop.co.uk/?y_source=1_MTA0NTA2NDA0MS03MTUtbG9jYXRpb24ud2Vic2l0ZQ%3D%3D,4.7,1142,ChIJE34OxkMFdkgRlWsdheGKvTs,https://maps.google.com/?cid=4304749520041634709&g_mp=Cidnb29nbGUubWFwcy5wbGFjZXMudjEuUGxhY2VzLlNlYXJjaFRleHQQAhgEIAA,51.462095299999994,-0.1372441,Lambeth,
Clapham High Street,clapham_high_street,no,yes,yes,yes,shop,Simply Fresh,Convenience store,Home & Living,"192-194 Clapham High St, London",SW4 7UD,,http://svretail.co.uk/,3.3,22,ChIJMTdam4MFdkgRx50EdHI5NYw,https://maps.google.com/?cid=10103044502811090375&g_mp=Cidnb29nbGUubWFwcy5wbGFjZXMudjEuUGxhY2VzLlNlYXJjaFRleHQQAhgEIAA,51.462196899999995,-0.13790239999999998,Lambeth,
Clapham High Street,clapham_high_street,no,no,yes,no,not_a_shop,Babyballet Clapham and Balham,Sports school,Services & Experiences,"Clapham High St, Nelsons Row, London",SW4 7JR,+44 7956 872287,https://babyballet.co.uk/babyballet-school/clapham-and-balham/,,,ChIJZX8Cya8FdkgRFhcyhdRjiK4,https://maps.google.com/?cid=12576411723850979094&g_mp=Cidnb29nbGUubWFwcy5wbGFjZXMudjEuUGxhY2VzLlNlYXJjaFRleHQQAhgEIAA,51.4621614,-0.1347632,Lambeth,
Norwood Road,norwood_road,no,no,yes,yes,shop,West Norwood Therapies,Medical clinic,Beauty & Wellness,"Office Y01A, 443 Norwood Rd, London",SE27 9DQ,+44 7931 876931,http://www.westnorwoodtherapies.com/,5,26,ChIJU6mMsAQEdkgRTQOIfHAYQZ4,https://maps.google.com/?cid=11403422602883498829&g_mp=Cidnb29nbGUubWFwcy5wbGFjZXMudjEuUGxhY2VzLlNlYXJjaFRleHQQAhgEIAA,51.4373228,-0.1047949,Lambeth,
Norwood Road,norwood_road,no,no,no,no,shop,Digi fonez shop and vape shop,Services,Tech & Gadgets,"15 A Norwood Rd, London",SE24 9AA,+44 7852 345897,,3,4,ChIJyxbHYMgFdkgRJqdH0a5gzDs,https://maps.google.com/?cid=4308925247438432038&g_mp=Cidnb29nbGUubWFwcy5wbGFjZXMudjEuUGxhY2VzLlNlYXJjaFRleHQQAhgEIAA,51.452211999999996,-0.10123599999999999,Lambeth,
Norwood Road,norwood_road,no,no,yes,yes,shop,Forget Me Not And Green,Gift shop,Fashion & Apparel,"19 Norwood Rd, London",SE24 9AA,+44 20 8090 3744,http://www.forgetmenotandgreen.com/,5,18,ChIJR5tglT0FdkgRhTmt_14uluo,https://maps.google.com/?cid=16903749236933081477&g_mp=Cidnb29nbGUubWFwcy5wbGFjZXMudjEuUGxhY2VzLlNlYXJjaFRleHQQAhgEIAA,51.452094599999995,-0.1012276,Lambeth,
Norwood Road,norwood_road,no,no,yes,yes,shop,Saray Turkish & Mediterranean Restaurant,Turkish restaurant,Food & Drink,"21-23 Norwood Rd, London",SE24 9AA,+44 20 8671 3772,https://sarayturkishmezebar.co.uk/,4.4,484,ChIJhYATNXMEdkgR8ovDWcRFJYQ,https://maps.google.com/?cid=9522093696766675954&g_mp=Cidnb29nbGUubWFwcy5wbGFjZXMudjEuUGxhY2VzLlNlYXJjaFRleHQQAhgEIAA,51.45202,-0.101154,Lambeth,
Norwood Road,norwood_road,no,no,yes,yes,shop,Apple Tree Childrens Cafe,Cafe,Kids & Family,"27-29 Norwood Rd, London",SE24 9AA,+44 20 8678 0366,http://www.appletreelondon.com/,3.9,165,ChIJLdzKlwwEdkgR-HqTROMakss,https://maps.google.com/?cid=14668816499709541112&g_mp=Cidnb29nbGUubWFwcy5wbGFjZXMudjEuUGxhY2VzLlNlYXJjaFRleHQQAhgEIAA,51.451921,-0.1010951,Lambeth,
Norwood Road,norwood_road,no,yes,yes,yes,shop,Costcutter,Supermarket,Home & Living,"31-39 Norwood Rd, London",SE24 9AA,+44 20 8678 7799,http://costcutter.co.uk/,3.9,23,ChIJyf8ptAwEdkgR6SD26ZVMmPs,https://maps.google.com/?cid=18129324506738991337&g_mp=Cidnb29nbGUubWFwcy5wbGFjZXMudjEuUGxhY2VzLlNlYXJjaFRleHQQAhgEIAA,51.451814,-0.1010379,Lambeth,
Norwood Road,norwood_road,no,no,no,no,shop,spectrum appliances,Home goods store,Home & Living,"43 Norwood Rd, London",SE24 9AA,+44 20 8671 8669,,5,5,ChIJBYHJsAwEdkgRMOug3EJbp0U,https://maps.google.com/?cid=5019080652455209776&g_mp=Cidnb29nbGUubWFwcy5wbGFjZXMudjEuUGxhY2VzLlNlYXJjaFRleHQQAhgEIAA,51.451536999999995,-0.10088200000000001,Lambeth,
Norwood Road,norwood_road,no,no,yes,no,not_a_shop,Park's Edge Bar and Kitchen,British restaurant,Food & Drink,"49-51 Norwood Rd, London",SE24 9AA,+44 20 8671 0306,http://www.parksedgebarandkitchen.com/,4.8,1169,ChIJR2sftwwEdkgRjQj_l2X--ac,https://maps.google.com/?cid=12103985185830144141&g_mp=Cidnb29nbGUubWFwcy5wbGFjZXMudjEuUGxhY2VzLlNlYXJjaFRleHQQAhgEIAA,51.4513746,-0.1006764,Lambeth,
Norwood Road,norwood_road,no,no,yes,yes,shop,Brixton Cake Shop,Cake shop,Food & Drink,"53, 59 Norwood Rd, London",SE24 9AA,+44 345 456 7686,http://www.brixtoncakeshop.com/,4.2,189,ChIJLbrsuQwEdkgRscGxlGuxVao,https://maps.google.com/?cid=12273911435082449329&g_mp=Cidnb29nbGUubWFwcy5wbGFjZXMudjEuUGxhY2VzLlNlYXJjaFRleHQQAhgEIAA,51.4512097,-0.10060039999999999,Lambeth,
Norwood Road,norwood_road,no,no,no,no,shop,SIMPLY DELICIOUS CAKES & PASTRIES LTD,Pastry shop,Food & Drink,"53 Norwood Rd, London",SE24 9QG,,,,,ChIJmUoRr0IFdkgR7la4CHgsXNM,https://maps.google.com/?cid=15230096933914171118&g_mp=Cidnb29nbGUubWFwcy5wbGFjZXMudjEuUGxhY2VzLlNlYXJjaFRleHQQAhgEIAA,51.4512472,-0.1006714,Lambeth,
Norwood Road,norwood_road,no,no,yes,yes,shop,Boki's Hair,Hair salon,Beauty & Wellness,"61 Norwood Rd, London",SE24 9AA,+44 20 8678 6646,https://bokishair.com/,4.8,173,ChIJ26U8ugwEdkgR9QAo33K91Lc,https://maps.google.com/?cid=13246420705071333621&g_mp=Cidnb29nbGUubWFwcy5wbGFjZXMudjEuUGxhY2VzLlNlYXJjaFRleHQQAhgEIAA,51.4511482,-0.10057719999999999,Lambeth,
Norwood Road,norwood_road,no,no,no,no,shop,VR STARS NAILS,Nail salon,Beauty & Wellness,"67 Norwood Rd, London",SE24 9AA,+44 20 3648 4617,,4.6,134,ChIJLXNQzqEFdkgRhIOzMIBo7uo,https://maps.google.com/?cid=16928582949114446724&g_mp=Cidnb29nbGUubWFwcy5wbGFjZXMudjEuUGxhY2VzLlNlYXJjaFRleHQQAhgEIAA,51.450998999999996,-0.100571,Lambeth,
Norwood Road,norwood_road,no,yes,yes,yes,shop,FIREAWAY HERNE HILL,Pizza restaurant,Food & Drink,"69 Norwood Rd, London",SE24 9AA,+44 20 8117 1058,https://www.fireaway.co.uk/Store/Details?storeName=order-pizza-at-fireaway-herne-hill,4.4,200,ChIJnaE35w8FdkgRMfL9A8X84SY,https://maps.google.com/?cid=2801798366306890289&g_mp=Cidnb29nbGUubWFwcy5wbGFjZXMudjEuUGxhY2VzLlNlYXJjaFRleHQQAhgEIAA,51.4510011,-0.100535,Lambeth,
Norwood Road,norwood_road,no,no,yes,yes,shop,Steve's Cafe,Cafe,Food & Drink,"71 Norwood Rd, London",SE24 9AA,+44 20 8674 7625,https://www.facebook.com/pages/Steves-Cafe/159106957465545,4.6,357,ChIJBYHJsAwEdkgRJidUR2AIvWM,https://maps.google.com/?cid=7186909789959759654&g_mp=Cidnb29nbGUubWFwcy5wbGFjZXMudjEuUGxhY2VzLlNlYXJjaFRleHQQAhgEIAA,51.4509201,-0.1005069,Lambeth,
Norwood Road,norwood_road,no,no,yes,yes,shop,2210 by NattyCanCook,Caribbean restaurant,Food & Drink,"75 Norwood Rd, London",SE24 9AA,+44 20 3713 5108,https://www.2210bynattycancook.com/,4.7,496,ChIJrQv1JI4FdkgRLJAkCh7PsLA,https://maps.google.com/?cid=12731903874502529068&g_mp=Cidnb29nbGUubWFwcy5wbGFjZXMudjEuUGxhY2VzLlNlYXJjaFRleHQQAhgEIAA,51.4507586,-0.1004842,Lambeth,
Norwood Road,norwood_road,no,no,yes,yes,shop,Sacred Space Studios,Yoga studio,Services & Experiences,"76A Norwood Rd, London",SE24 9BB,+44 7792 127724,https://www.sacredspacestudios.com/,,,ChIJxS5mrV8FdkgRgSKGKgie4Sg,https://maps.google.com/?cid=2945809389187375745&g_mp=Cidnb29nbGUubWFwcy5wbGFjZXMudjEuUGxhY2VzLlNlYXJjaFRleHQQAhgEIAA,51.44386550000001,-0.1052181,Lambeth,
Norwood Road,norwood_road,no,no,yes,yes,shop,Aaron Hill Official,Hair salon,Beauty & Wellness,"Slique Spa, 81 Norwood Rd, London",SE24 9AA,+44 7875 421788,http://www.aaronhillofficial.co.uk/,4.9,7,ChIJsxfxch0HdkgRAOB845INUms,https://maps.google.com/?cid=7733258434681561088&g_mp=Cidnb29nbGUubWFwcy5wbGFjZXMudjEuUGxhY2VzLlNlYXJjaFRleHQQAhgEIAA,51.4506458,-0.1004495,Lambeth,
Norwood Road,norwood_road,no,no,yes,yes,shop,Golden Image Health and Beauty Limited,Beauty salon,Beauty & Wellness,"81a Norwood Rd, London",SE24 9AA,+44 20 3256 0065,https://book.heygoldie.com/Golden-Image-Health-and-Beauty-Limited,5,80,ChIJl_jff-YFdkgRoa1b_59qbkA,https://maps.google.com/?cid=4642765501282102689&g_mp=Cidnb29nbGUubWFwcy5wbGFjZXMudjEuUGxhY2VzLlNlYXJjaFRleHQQAhgEIAA,51.4506484,-0.1005538,Lambeth,
Norwood Road,norwood_road,no,no,yes,yes,shop,Loving Hair Care,Hair salon,Beauty & Wellness,"81 Norwood Rd, London",SE24 9AA,+44 7450 235836,http://book.heygoldie.com/Loving-Hair-Care,5,3,ChIJ0c1F2cEFdkgRnHXuVp5tP40,https://maps.google.com/?cid=10177974209711338908&g_mp=Cidnb29nbGUubWFwcy5wbGFjZXMudjEuUGxhY2VzLlNlYXJjaFRleHQQAhgEIAA,51.4506458,-0.1004495,Lambeth,
Norwood Road,norwood_road,no,no,no,no,shop,S.Spa Industries,Spa,Beauty & Wellness,"81 Norwood Rd, London",SE24 9AA,+44 20 3256 0065,,5,1,ChIJF4cJvQwEdkgRBvOiozQLhnM,https://maps.google.com/?cid=8324353281952510726&g_mp=Cidnb29nbGUubWFwcy5wbGFjZXMudjEuUGxhY2VzLlNlYXJjaFRleHQQAhgEIAA,51.450707699999995,-0.10048589999999999,Lambeth,
Norwood Road,norwood_road,yes,no,no,no,shop,Slique Spa,Spa,Beauty & Wellness,"81 Norwood Rd, London",SE24 9AA,+44 20 8671 0227,,5,13,ChIJgQxQOgwFdkgR8dolx-hLsBI,https://maps.google.com/?cid=1346659751729421041&g_mp=Cidnb29nbGUubWFwcy5wbGFjZXMudjEuUGxhY2VzLlNlYXJjaFRleHQQAhgEIAA,51.4506458,-0.1004495,Lambeth,
Norwood Road,norwood_road,no,no,yes,yes,shop,Bicyclenation,Bicycle store,Sports & Outdoor,"83 Norwood Rd, London",SE24 9AA,+44 20 8671 6900,http://www.bicyclenation.co.uk/,4.7,307,ChIJBYHJsAwEdkgRNFXIeLCEjs4,https://maps.google.com/?cid=14883979711981573428&g_mp=Cidnb29nbGUubWFwcy5wbGFjZXMudjEuUGxhY2VzLlNlYXJjaFRleHQQAhgEIAA,51.450581799999995,-0.10048699999999999,Lambeth,
Norwood Road,norwood_road,no,no,yes,yes,shop,Wyld Bunch,Florist,Home & Living,"136 Norwood Rd, London",SE24 9AY,,https://www.instagram.com/wyld.bunch?igsh=bHJkZGV0aTJ1ZHVv,,,ChIJhWFJ45OIwK4R0gvsHSzaSj0,https://maps.google.com/?cid=4416582267605617618&g_mp=Cidnb29nbGUubWFwcy5wbGFjZXMudjEuUGxhY2VzLlNlYXJjaFRleHQQAhgEIAA,51.441576999999995,-0.106226,Lambeth,
Norwood Road,norwood_road,no,no,yes,yes,shop,Tulse Hill Hotel,Pub,Food & Drink,"150 Norwood Rd, London",SE24 9AY,+44 20 8671 7499,https://www.tulsehillhotel.com/?utm_source=g_places&utm_medium=locations&utm_campaign=MC_pubpage,4.4,1374,ChIJiehuDxAEdkgR2U8igTm-MdU,https://maps.google.com/?cid=15362268958126395353&g_mp=Cidnb29nbGUubWFwcy5wbGFjZXMudjEuUGxhY2VzLlNlYXJjaFRleHQQAhgEIAA,51.4412011,-0.1066216,Lambeth,
Norwood Road,norwood_road,no,no,no,no,shop,Deejay Hair & Beauty London,Cosmetics store,Beauty & Wellness,"Deejay Chemist, 156 Norwood Rd, London",SE27 9AZ,+44 20 3638 2025,,4.9,49,ChIJo3OnvBoEdkgRxTevlaUgXkw,https://maps.google.com/?cid=5502871690246305733&g_mp=Cidnb29nbGUubWFwcy5wbGFjZXMudjEuUGxhY2VzLlNlYXJjaFRleHQQAhgEIAA,51.4408977,-0.10654999999999999,Lambeth,
Norwood Road,norwood_road,no,no,yes,yes,shop,Coco Nails and Beauty,Nail salon,Beauty & Wellness,"158 Norwood Rd, London",SE27 9AZ,+44 20 8674 1983,https://instagram.com/coco_nails_tulsehill?igshid=YmMyMTA2M2Y=,4.7,189,ChIJG_rXaI4FdkgRCl1EXE_firc,https://maps.google.com/?cid=13225628787670277386&g_mp=Cidnb29nbGUubWFwcy5wbGFjZXMudjEuUGxhY2VzLlNlYXJjaFRleHQQAhgEIAA,51.440793799999994,-0.10646839999999999,Lambeth,
Norwood Road,norwood_road,no,no,yes,yes,shop,Leelawadee Thai Massage & Beauty,Massage service,Beauty & Wellness,"164 Norwood Rd, London",SE27 9AZ,+44 7733 836747,https://leelawadeethaimassage.uk/,4.6,133,ChIJMdLOAakFdkgRp_pr7IyE9nk,https://maps.google.com/?cid=8788357463656888999&g_mp=Cidnb29nbGUubWFwcy5wbGFjZXMudjEuUGxhY2VzLlNlYXJjaFRleHQQAhgEIAA,51.440710599999996,-0.106347,Lambeth,
Norwood Road,norwood_road,yes,no,yes,no,shop,Emma Wilson Urban Spa,Beauty salon,Beauty & Wellness,"166 Norwood Rd, London",SE27 9AZ,+44 20 8674 8249,https://www.emmawilsonurbanspa.co.uk/#,4.9,252,ChIJTxL5xXoFdkgRGcfusO7GNNQ,https://maps.google.com/?cid=15291065363302631193&g_mp=Cidnb29nbGUubWFwcy5wbGFjZXMudjEuUGxhY2VzLlNlYXJjaFRleHQQAhgEIAA,51.4406646,-0.10637469999999999,Lambeth,
Norwood Road,norwood_road,no,no,yes,yes,shop,Green Cactus Coffee - Tulse Hill,Cafe,Food & Drink,"178a Norwood Rd, London",SE27 9AU,+44 7407 817950,https://greencactuscoffee.com/,4.9,54,ChIJ44zyhGYFdkgRRGAA-0PBOwE,https://maps.google.com/?cid=88877115381932100&g_mp=Cidnb29nbGUubWFwcy5wbGFjZXMudjEuUGxhY2VzLlNlYXJjaFRleHQQAhgEIAA,51.4400432,-0.10635689999999999,Lambeth,
Norwood Road,norwood_road,yes,no,no,no,shop,Tulse Hill barbers,Barber shop,Beauty & Wellness,"180 Norwood Rd, London",SE27 9AU,+44 20 3730 0213,,5,141,ChIJuaXnTSkFdkgR-1JSsD2CBsY,https://maps.google.com/?cid=14269235670832796411&g_mp=Cidnb29nbGUubWFwcy5wbGFjZXMudjEuUGxhY2VzLlNlYXJjaFRleHQQAhgEIAA,51.439872,-0.1064787,Lambeth,
Norwood Road,norwood_road,no,no,yes,yes,shop,AVBeauty London,Beauty salon,Beauty & Wellness,"186 Norwood Rd, London",SE27 9AU,,https://avbeautylondon.as.me/,5,7,ChIJX577HRQFdkgRPIjMYqmYLIg,https://maps.google.com/?cid=9812385541407934524&g_mp=Cidnb29nbGUubWFwcy5wbGFjZXMudjEuUGxhY2VzLlNlYXJjaFRleHQQAhgEIAA,51.4397184,-0.1063585,Lambeth,
Norwood Road,norwood_road,no,no,yes,yes,shop,NAILPRO LONDON,Nail salon,Beauty & Wellness,"186 Norwood Rd, London",SE27 9AU,+44 20 8678 7241,https://www.mynailpro.co.uk/,4.7,189,ChIJf5pEwGIFdkgRzIw5djfhOmI,https://maps.google.com/?cid=7078217392689089740&g_mp=Cidnb29nbGUubWFwcy5wbGFjZXMudjEuUGxhY2VzLlNlYXJjaFRleHQQAhgEIAA,51.439724299999995,-0.10640029999999999,Lambeth,
Norwood Road,norwood_road,no,no,yes,yes,shop,Suwannee Retreat,Massage service,Beauty & Wellness,"186 Norwood Rd, London",SE27 9AU,+44 7593 705603,http://www.suwannee.co.uk/,5,65,ChIJRYY2mO4FdkgRoQM1wenOD7Q,https://maps.google.com/?cid=12974816554841867169&g_mp=Cidnb29nbGUubWFwcy5wbGFjZXMudjEuUGxhY2VzLlNlYXJjaFRleHQQAhgEIAA,51.439724299999995,-0.10640029999999999,Lambeth,
Norwood Road,norwood_road,no,no,yes,yes,shop,Village Masaleh,Indian restaurant,Food & Drink,"196 Norwood Rd, London",SE27 9AU,+44 20 8674 3388,http://village-masaleh.co.uk/,4.4,161,ChIJJx6QxhoEdkgR69qXbge-c0o,https://maps.google.com/?cid=5364840520257886955&g_mp=Cidnb29nbGUubWFwcy5wbGFjZXMudjEuUGxhY2VzLlNlYXJjaFRleHQQAhgEIAA,51.4394589,-0.1064026,Lambeth,
Norwood Road,norwood_road,no,no,yes,yes,shop,Abba Taqel,Clothing store,Fashion & Apparel,"218 Norwood Rd, London",SE27 9AN,,https://www.abbataqel.com/,5,7,ChIJoxwo3QHQK4oRgwRfm2pzFeY,https://maps.google.com/?cid=16579284504944772227&g_mp=Cidnb29nbGUubWFwcy5wbGFjZXMudjEuUGxhY2VzLlNlYXJjaFRleHQQAhgEIAA,51.438179399999996,-0.106059,Lambeth,
Norwood Road,norwood_road,no,no,no,no,shop,Jackie Brown Hair & Beauty,Hair salon,Beauty & Wellness,"252 Norwood Rd, London",SE27 9AJ,+44 20 8670 7188,,4.9,33,ChIJQQyKShsEdkgR348Cuj-CkNg,https://maps.google.com/?cid=15605115919054049247&g_mp=Cidnb29nbGUubWFwcy5wbGFjZXMudjEuUGxhY2VzLlNlYXJjaFRleHQQAhgEIAA,51.437373699999995,-0.1056266,Lambeth,
Norwood Road,norwood_road,no,no,no,no,shop,The Electric Cafe,Cafe,Food & Drink,"258 Norwood Rd, London",SE27 9AJ,+44 20 8670 3114,,4.7,331,ChIJ629tSxsEdkgR5Fi4cwz7MHw,https://maps.google.com/?cid=8948928490484816100&g_mp=Cidnb29nbGUubWFwcy5wbGFjZXMudjEuUGxhY2VzLlNlYXJjaFRleHQQAhgEIAA,51.4372468,-0.1055061,Lambeth,
Norwood Road,norwood_road,no,no,no,no,shop,Clean Image Dry Cleaners - West Norwood,Laundry,Fashion & Apparel,"262 Norwood Rd, London",SE27 9AJ,+44 7958 043581,,4.6,39,ChIJ4SpgSxsEdkgRqjtvafLwRGo,https://maps.google.com/?cid=7657510190378335146&g_mp=Cidnb29nbGUubWFwcy5wbGFjZXMudjEuUGxhY2VzLlNlYXJjaFRleHQQAhgEIAA,51.4371601,-0.10555890000000001,Lambeth,
Norwood Road,norwood_road,yes,no,yes,no,shop,Pop West Norwood,Hair salon,Beauty & Wellness,"264 Norwood Rd, London",SE27 9AJ,+44 20 8265 0254,http://www.popwestnorwood.co.uk/,4.8,114,ChIJVVWYTBsEdkgRsCC0fReptns,https://maps.google.com/?cid=8914498430784774320&g_mp=Cidnb29nbGUubWFwcy5wbGFjZXMudjEuUGxhY2VzLlNlYXJjaFRleHQQAhgEIAA,51.4371144,-0.10549499999999999,Lambeth,
Norwood Road,norwood_road,no,no,yes,yes,shop,Tam Saigon Kitchen,Vietnamese restaurant,Food & Drink,"266 Norwood Rd, London",SE27 9AJ,+44 20 3345 6476,https://tamsaigonkitchen.vdit.co.uk/order,4.9,135,ChIJMfnFl0wFdkgRpyc16fLsNdc,https://maps.google.com/?cid=15507561419958986663&g_mp=Cidnb29nbGUubWFwcy5wbGFjZXMudjEuUGxhY2VzLlNlYXJjaFRleHQQAhgEIAA,51.437073399999996,-0.10549489999999999,Lambeth,
Norwood Road,norwood_road,no,no,no,no,shop,JD Hardware Co.,Hardware store,Art & Culture,"St Martins Court, 280A Norwood Rd, London",SE27 9AJ,+44 7366 142339,,4.5,33,ChIJj8xSTBsEdkgR1C9UFjQBPhw,https://maps.google.com/?cid=2035065404842586068&g_mp=Cidnb29nbGUubWFwcy5wbGFjZXMudjEuUGxhY2VzLlNlYXJjaFRleHQQAhgEIAA,51.4365569,-0.10509639999999999,Lambeth,
Norwood Road,norwood_road,no,no,no,no,shop,Martil Cafe West Norwood,Coffee shop,Food & Drink,"St Martins Court, 280 Norwood Rd, London",SE27 9AJ,+44 20 7998 8760,,4.9,500,ChIJYcigusYFdkgRYJemIMViO6E,https://maps.google.com/?cid=11617988262528194400&g_mp=Cidnb29nbGUubWFwcy5wbGFjZXMudjEuUGxhY2VzLlNlYXJjaFRleHQQAhgEIAA,51.436616199999996,-0.1050657,Lambeth,
Norwood Road,norwood_road,no,no,yes,yes,shop,Norwood Picture Framers,Store,Services & Experiences,"288 Norwood Rd, London",SE27 9AF,+44 20 8761 4921,https://4c51b0fe.multiscreensite.com/,4.1,14,ChIJNTWs9D0FdkgRRBBrCF4qBoE,https://maps.google.com/?cid=9297165064109494340&g_mp=Cidnb29nbGUubWFwcy5wbGFjZXMudjEuUGxhY2VzLlNlYXJjaFRleHQQAhgEIAA,51.4362062,-0.1048062,Lambeth,
Norwood Road,norwood_road,no,no,no,no,shop,A & S Homecare,Home goods store,Home & Living,"290-292 Norwood Rd, London",SE27 9AF,+44 20 8761 4921,,4.5,16,ChIJLQo_RAMEdkgROwfBeuGCEuo,https://maps.google.com/?cid=16866687459394651963&g_mp=Cidnb29nbGUubWFwcy5wbGFjZXMudjEuUGxhY2VzLlNlYXJjaFRleHQQAhgEIAA,51.4362062,-0.1048062,Lambeth,
Norwood Road,norwood_road,no,no,yes,yes,shop,The BLINDS & CURTAINS GALLERY,General contractor,Home & Living,"292 Norwood Rd, London",SE27 9AF,+44 20 8761 4921,http://theblindsandcurtainsgallery.co.uk/,1,1,ChIJOxpj03cFdkgRKJusHEe0fdM,https://maps.google.com/?cid=15239534931608378152&g_mp=Cidnb29nbGUubWFwcy5wbGFjZXMudjEuUGxhY2VzLlNlYXJjaFRleHQQAhgEIAA,51.4362062,-0.1048062,Lambeth,
Norwood Road,norwood_road,no,no,yes,yes,shop,Knowles of Norwood,Pub,Food & Drink,"Snowe House, 294-296 Norwood Rd, London",SE27 9AF,+44 20 8670 4284,https://knowlesofnorwood.co.uk/,4.3,992,ChIJwYiIVwMEdkgRQzLf_XCqX88,https://maps.google.com/?cid=14942849490910917187&g_mp=Cidnb29nbGUubWFwcy5wbGFjZXMudjEuUGxhY2VzLlNlYXJjaFRleHQQAhgEIAA,51.4358687,-0.1044546,Lambeth,
Norwood Road,norwood_road,no,yes,yes,yes,shop,TradePoint West Norwood,Hardware store,Home & Living,"304-322 Norwood Rd, London",SE27 9AF,+44 20 8761 1236,https://www.trade-point.co.uk/store/1009?utm_source=google&utm_medium=organic&utm_campaign=Google_1009,4.5,12,ChIJgTRdQwMEdkgRD3RumE_z4wI,https://maps.google.com/?cid=208277530974516239&g_mp=Cidnb29nbGUubWFwcy5wbGFjZXMudjEuUGxhY2VzLlNlYXJjaFRleHQQAhgEIAA,51.4354604,-0.10435069999999999,Lambeth,
Norwood Road,norwood_road,no,no,yes,yes,shop,South London Botanical Institute,Non-profit organization,Art & Culture,"323 Norwood Rd, London",SE24 9AQ,+44 20 8674 5787,http://www.slbi.org.uk/,4.8,49,ChIJa-Ue0A8EdkgRgGe20XnVJ_U,https://maps.google.com/?cid=17665322782570211200&g_mp=Cidnb29nbGUubWFwcy5wbGFjZXMudjEuUGxhY2VzLlNlYXJjaFRleHQQAhgEIAA,51.4422315,-0.10522669999999999,Lambeth,
Norwood Road,norwood_road,yes,no,yes,no,shop,ICONIC BARBERS,Barber shop,Services & Experiences,"326 Norwood Rd, London",SE27 9AF,+44 20 8761 3266,http://www.iconicbarbers.co.uk/,4.9,370,ChIJhdwvhj0FdkgRfBmcPczWT0c,https://maps.google.com/?cid=5138561872548338044&g_mp=Cidnb29nbGUubWFwcy5wbGFjZXMudjEuUGxhY2VzLlNlYXJjaFRleHQQAhgEIAA,51.4352294,-0.1042512,Lambeth,
Norwood Road,norwood_road,no,no,no,no,shop,Riviera Cafe,Bistro,Food & Drink,"328 Norwood Rd, London",SE27 9AF,+44 20 8259 3594,,4.8,138,ChIJXfqvczAFdkgRkBCq-PT9Mxw,https://maps.google.com/?cid=2032247085459968144&g_mp=Cidnb29nbGUubWFwcy5wbGFjZXMudjEuUGxhY2VzLlNlYXJjaFRleHQQAhgEIAA,51.4351918,-0.10418949999999999,Lambeth,
Norwood Road,norwood_road,no,no,yes,yes,shop,Platinum Bakery,Bakery,Food & Drink,"330 Norwood Rd, London",SE27 9AF,+44 20 8670 7722,http://www.platinumbakery.co.uk/,4.5,78,ChIJy-BlQQMEdkgRq_zLf45H17I,https://maps.google.com/?cid=12886847536098966699&g_mp=Cidnb29nbGUubWFwcy5wbGFjZXMudjEuUGxhY2VzLlNlYXJjaFRleHQQAhgEIAA,51.4351419,-0.1041694,Lambeth,
Norwood Road,norwood_road,no,no,no,no,shop,Efes Restaurant,Turkish restaurant,Food & Drink,"336 Norwood Rd, London",SE27 9AF,+44 20 8761 8936,,4.1,247,ChIJZwL2QAMEdkgRQhYKBetv7hw,https://maps.google.com/?cid=2084726732711663170&g_mp=Cidnb29nbGUubWFwcy5wbGFjZXMudjEuUGxhY2VzLlNlYXJjaFRleHQQAhgEIAA,51.4349311,-0.1040783,Lambeth,
Norwood Road,norwood_road,no,no,no,no,shop,NPC/Norwood phone centre,Services,Tech & Gadgets,"342 Norwood Rd, London",SE27 9AF,+44 20 8670 7252,,4.6,31,ChIJ2fKUHs8FdkgRDUItXl85OFY,https://maps.google.com/?cid=6212778767722299917&g_mp=Cidnb29nbGUubWFwcy5wbGFjZXMudjEuUGxhY2VzLlNlYXJjaFRleHQQAhgEIAA,51.4348392,-0.10411279999999999,Lambeth,
Norwood Road,norwood_road,no,no,yes,yes,shop,CashUrItems,Services,Tech & Gadgets,"344 Norwood Rd, London",SE27 9AF,+44 20 3759 0515,https://cashuritems.co.uk/,4,98,ChIJPzd0PwMEdkgRSD2_IpDtAZk,https://maps.google.com/?cid=11025354566093716808&g_mp=Cidnb29nbGUubWFwcy5wbGFjZXMudjEuUGxhY2VzLlNlYXJjaFRleHQQAhgEIAA,51.4347838,-0.104115,Lambeth,
Norwood Road,norwood_road,no,no,yes,yes,shop,Siam Niyom,Thai restaurant,Food & Drink,"347 Norwood Rd, London",SE27 9BQ,+44 20 8678 8999,http://www.siamniyom.co.uk/,4.7,613,ChIJT_E8Kh4FdkgRbtfcTIUHxFM,https://maps.google.com/?cid=6035957669684893550&g_mp=Cidnb29nbGUubWFwcy5wbGFjZXMudjEuUGxhY2VzLlNlYXJjaFRleHQQAhgEIAA,51.4405311,-0.1059774,Lambeth,
Norwood Road,norwood_road,no,yes,no,no,shop,Screwfix - Tulse Hill,Hardware store,Home & Living,"350 Norwood Rd, London",SE27 9BQ,+44 333 011 2112,,3.6,11,ChIJeylnGCwFdkgRsYNVReIs5zs,https://maps.google.com/?cid=4316468118195372977&g_mp=Cidnb29nbGUubWFwcy5wbGFjZXMudjEuUGxhY2VzLlNlYXJjaFRleHQQAhgEIAA,51.440598,-0.105904,Lambeth,
Norwood Road,norwood_road,no,no,yes,yes,shop,MicCheck Studio (Podcast studio south London),Store,Books & Music,"Redpath House, 353 Norwood Rd, London",SE27 9BQ,+44 7936 147932,https://www.miccheckstudios.co.uk/,5,35,ChIJFSQAi6wFdkgR9D3Wu3m1cWk,https://maps.google.com/?cid=7598053580797787636&g_mp=Cidnb29nbGUubWFwcy5wbGFjZXMudjEuUGxhY2VzLlNlYXJjaFRleHQQAhgEIAA,51.4403679,-0.1058732,Lambeth,
Norwood Road,norwood_road,no,no,yes,yes,shop,Sage & Poppy,Coffee shop,Food & Drink,"Redpath House, 353 Norwood Rd, London",SE27 9BQ,+44 7784 552082,https://www.sageandpoppy.com/,4.7,98,ChIJyU2o8RYFdkgR9cCZ_wu-T6s,https://maps.google.com/?cid=12344294062388003061&g_mp=Cidnb29nbGUubWFwcy5wbGFjZXMudjEuUGxhY2VzLlNlYXJjaFRleHQQAhgEIAA,51.4403388,-0.1058679,Lambeth,
Norwood Road,norwood_road,no,no,no,no,shop,Mobile2buy,Services,Tech & Gadgets,"354 Norwood Rd, London",SE27 9AA,+44 7864 545678,,4.3,33,ChIJpQ5oOQMEdkgR-RrQHf_KNs8,https://maps.google.com/?cid=14931344811659107065&g_mp=Cidnb29nbGUubWFwcy5wbGFjZXMudjEuUGxhY2VzLlNlYXJjaFRleHQQAhgEIAA,51.4345472,-0.10392549999999999,Lambeth,
Norwood Road,norwood_road,yes,no,yes,no,shop,MoreYoga Tulse Hill,Yoga studio,Services & Experiences,"Redpath House, 357 Norwood Rd, London",SE27 9BQ,+44 808 175 0238,https://www.moreyoga.co.uk/yoga-london/tulse-hill-studio?utm_medium=organic&utm_source=google_maps&utm_campaign=maps&utm_content=maps,4.8,92,ChIJQd-OthoEdkgR_JF33UFsUOE,https://maps.google.com/?cid=16235595686814913020&g_mp=Cidnb29nbGUubWFwcy5wbGFjZXMudjEuUGxhY2VzLlNlYXJjaFRleHQQAhgEIAA,51.440289,-0.105941,Lambeth,
Norwood Road,norwood_road,no,no,yes,no,not_a_shop,Wearabouts Norwood School Uniform,Clothing store,Fashion & Apparel,"358 Norwood Rd, London",SE27 9AA,+44 20 8244 7887,https://wearaboutsonline.com/,4.6,201,ChIJbSWaPQMEdkgReYep0g6xKqI,https://maps.google.com/?cid=11685346860388157305&g_mp=Cidnb29nbGUubWFwcy5wbGFjZXMudjEuUGxhY2VzLlNlYXJjaFRleHQQAhgEIAA,51.4343923,-0.103946,Lambeth,
Norwood Road,norwood_road,no,no,no,no,shop,Restaurante Castelo,Portuguese restaurant,Food & Drink,"369 Norwood Rd, London",SE27 9BQ,+44 20 8671 8527,,4.4,548,ChIJ-bmkyBoEdkgRh8NVVlvKUrM,https://maps.google.com/?cid=12921612774518670215&g_mp=Cidnb29nbGUubWFwcy5wbGFjZXMudjEuUGxhY2VzLlNlYXJjaFRleHQQAhgEIAA,51.4398236,-0.1060675,Lambeth,
Norwood Road,norwood_road,no,no,yes,yes,shop,Floral Hall,Florist,Home & Living,"370-372 Norwood Rd, London",SE27 9AA,+44 20 8670 3200,http://www.floralhall.co.uk/,4.8,173,ChIJ_3ilGAMEdkgRvD_M-P89q4I,https://maps.google.com/?cid=9415687615548243900&g_mp=Cidnb29nbGUubWFwcy5wbGFjZXMudjEuUGxhY2VzLlNlYXJjaFRleHQQAhgEIAA,51.4339109,-0.1038694,Lambeth,
Norwood Road,norwood_road,no,no,no,no,shop,Heera Internet,Internet cafe,Tech & Gadgets,"371 Norwood Rd, London",SE27 9BQ,+44 20 8678 7309,,4.6,133,ChIJpXt3yhoEdkgR2bPsWengQiA,https://maps.google.com/?cid=2324667650517283801&g_mp=Cidnb29nbGUubWFwcy5wbGFjZXMudjEuUGxhY2VzLlNlYXJjaFRleHQQAhgEIAA,51.439759699999996,-0.105963,Lambeth,
Norwood Road,norwood_road,no,no,no,no,shop,Diamonds,Hair salon,Beauty & Wellness,"375 Norwood Rd, London",SE27 9BQ,+44 20 8674 4814,,3.7,6,ChIJCbdvzxoEdkgR3y3B5LNFNlc,https://maps.google.com/?cid=6284286968981433823&g_mp=Cidnb29nbGUubWFwcy5wbGFjZXMudjEuUGxhY2VzLlNlYXJjaFRleHQQAhgEIAA,51.439661,-0.10606489999999999,Lambeth,
Norwood Road,norwood_road,no,no,yes,yes,shop,Hair By Giovanni Gulizia,Hair salon,Beauty & Wellness,"375 Norwood Rd, London",SE27 9BQ,+44 7930 005241,https://widget.treatwell.co.uk/place/100038842/menu/,5,18,ChIJlz6OuOoFdkgRZbK0k6GuHGY,https://maps.google.com/?cid=7357947900207608421&g_mp=Cidnb29nbGUubWFwcy5wbGFjZXMudjEuUGxhY2VzLlNlYXJjaFRleHQQAhgEIAA,51.4396899,-0.1060772,Lambeth,
Norwood Road,norwood_road,no,no,no,no,shop,Hair mission,Hair salon,Beauty & Wellness,"375 Norwood Rd, London",SE27 9BQ,+44 7958 296946,,4.1,9,ChIJR34NG8YFdkgREcy_038Z0F0,https://maps.google.com/?cid=6759931077487217681&g_mp=Cidnb29nbGUubWFwcy5wbGFjZXMudjEuUGxhY2VzLlNlYXJjaFRleHQQAhgEIAA,51.4396419,-0.1060728,Lambeth,
Norwood Road,norwood_road,no,no,yes,yes,shop,Sorrento Pizzeria Ristorante,Restaurant,Food & Drink,"376 Norwood Rd, London",SE27 9AA,+44 20 8670 3938,http://sorrento-norwood.com/,4.8,68,ChIJiyKgwJQFdkgRug4jInxKNmI,https://maps.google.com/?cid=7076925761468436154&g_mp=Cidnb29nbGUubWFwcy5wbGFjZXMudjEuUGxhY2VzLlNlYXJjaFRleHQQAhgEIAA,51.433837000000004,-0.10384,Lambeth,
Norwood Road,norwood_road,yes,no,no,no,shop,The Eagles Barbershop,Barber shop,Beauty & Wellness,"377 Norwood Rd, London",SE27 9BQ,+44 20 8617 3131,,4.7,150,ChIJ36akOiwFdkgRmAF-x16vGGY,https://maps.google.com/?cid=7356822812918415768&g_mp=Cidnb29nbGUubWFwcy5wbGFjZXMudjEuUGxhY2VzLlNlYXJjaFRleHQQAhgEIAA,51.4395998,-0.1060646,Lambeth,
Norwood Road,norwood_road,no,no,no,no,shop,Portucale,Cafe,Food & Drink,"380 Norwood Rd, London",SE27 9AA,+44 20 3621 0451,,4.6,33,ChIJPQ_pDRYFdkgRhsle_DukzVE,https://maps.google.com/?cid=5894548064841943430&g_mp=Cidnb29nbGUubWFwcy5wbGFjZXMudjEuUGxhY2VzLlNlYXJjaFRleHQQAhgEIAA,51.4336505,-0.1038427,Lambeth,
Norwood Road,norwood_road,no,no,yes,yes,shop,BUTTER UP Coffee,Coffee shop,Food & Drink,"381-383 Norwood Rd, London",SE27 9BQ,,http://www.butterupcoffee.com/,4.9,154,ChIJLfUdBYMFdkgRa4orQBlTmc0,https://maps.google.com/?cid=14814963817127840363&g_mp=Cidnb29nbGUubWFwcy5wbGFjZXMudjEuUGxhY2VzLlNlYXJjaFRleHQQAhgEIAA,51.439483499999994,-0.1060362,Lambeth,
Norwood Road,norwood_road,no,no,no,no,shop,Emmy's at Salon 382,Hair salon,Beauty & Wellness,"382 Norwood Rd, London",SE27 9AA,+44 20 8670 9754,,4.6,18,ChIJeebYGAMEdkgRMNrkbsq2F_g,https://maps.google.com/?cid=17876958226430614064&g_mp=Cidnb29nbGUubWFwcy5wbGFjZXMudjEuUGxhY2VzLlNlYXJjaFRleHQQAhgEIAA,51.433617,-0.103887,Lambeth,
Norwood Road,norwood_road,no,no,no,no,shop,O Girasol,Cafe,Food & Drink,"382 Norwood Rd, London",SE27 9AA,,,4.6,164,ChIJgYTBHwMEdkgRIMTs6YH3f-I,https://maps.google.com/?cid=16321035711961416736&g_mp=Cidnb29nbGUubWFwcy5wbGFjZXMudjEuUGxhY2VzLlNlYXJjaFRleHQQAhgEIAA,51.433651499999996,-0.10382609999999999,Lambeth,
Norwood Road,norwood_road,no,no,no,no,shop,Tulse Hill Cafe Restaurant,Cafe,Food & Drink,"385 Norwood Rd, London",SE27 9BQ,+44 20 8671 4784,,4.3,159,ChIJ38jhuRoEdkgRXVN5Mp18wGw,https://maps.google.com/?cid=7836400366223184733&g_mp=Cidnb29nbGUubWFwcy5wbGFjZXMudjEuUGxhY2VzLlNlYXJjaFRleHQQAhgEIAA,51.439400299999996,-0.10604279999999999,Lambeth,
Norwood Road,norwood_road,no,no,no,no,shop,Tressesbyiconicbeauty,Hair salon,Beauty & Wellness,"386 Norwood Rd, London",SE27 9AA,+44 20 3652 7694,,4.4,57,ChIJsXU-4AIEdkgRE5A15kUUA2w,https://maps.google.com/?cid=7783086871473917971&g_mp=Cidnb29nbGUubWFwcy5wbGFjZXMudjEuUGxhY2VzLlNlYXJjaFRleHQQAhgEIAA,51.433464099999995,-0.1039296,Lambeth,
Norwood Road,norwood_road,no,no,no,no,shop,Buondi caffè,Coffee shop,Food & Drink,"387 Norwood Rd, London",SE27 9BQ,,,,,ChIJrex2ZAAFdkgRu6smuf6acPk,https://maps.google.com/?cid=17974036531654339515&g_mp=Cidnb29nbGUubWFwcy5wbGFjZXMudjEuUGxhY2VzLlNlYXJjaFRleHQQAhgEIAA,51.4393487,-0.1058638,Lambeth,
Norwood Road,norwood_road,no,no,yes,yes,shop,Blackbird Bakery West Norwood,Bakery,Food & Drink,"388 Norwood Rd, London",SE27 9AA,+44 20 8670 5874,http://www.blackbirdbakerylondon.co.uk/,4,192,ChIJFbBkKKgGdkgRGtcY98v9lyc,https://maps.google.com/?cid=2853027941428287258&g_mp=Cidnb29nbGUubWFwcy5wbGFjZXMudjEuUGxhY2VzLlNlYXJjaFRleHQQAhgEIAA,51.433414899999995,-0.1038355,Lambeth,
Norwood Road,norwood_road,yes,no,yes,no,shop,Cosy Hair Salon,Hair salon,Beauty & Wellness,"389 Norwood Rd, London",SE27 9BQ,+44 20 8674 0555,https://cosyhairsalon.co.uk/,4.8,122,ChIJUeg7tBoEdkgRMXpkJHkv7d0,https://maps.google.com/?cid=15991490049210612273&g_mp=Cidnb29nbGUubWFwcy5wbGFjZXMudjEuUGxhY2VzLlNlYXJjaFRleHQQAhgEIAA,51.439312699999995,-0.10595869999999999,Lambeth,
Norwood Road,norwood_road,no,no,no,no,shop,Ouch London,Clothing store,Fashion & Apparel,"391 Norwood Rd, London",SE27 9BQ,,,,,ChIJmVA1KRsEdkgRL7LuHuVDMuY,https://maps.google.com/?cid=16587395028904489519&g_mp=Cidnb29nbGUubWFwcy5wbGFjZXMudjEuUGxhY2VzLlNlYXJjaFRleHQQAhgEIAA,51.4392876,-0.10598099999999999,Lambeth,
Norwood Road,norwood_road,no,no,yes,yes,shop,Art Install London - Picture Hanging & Art Installation,Services,Art & Culture,"443 Norwood Rd, London",SE27 9DQ,+44 7740 211169,https://artinstalllondon.com/,5,82,ChIJ6Tj-kTYFdkgR3J1oxzpwfOo,https://maps.google.com/?cid=16896503299743194588&g_mp=Cidnb29nbGUubWFwcy5wbGFjZXMudjEuUGxhY2VzLlNlYXJjaFRleHQQAhgEIAA,51.437323,-0.1047955,Lambeth,
Norwood Road,norwood_road,no,no,yes,yes,shop,Bratzzbeaute,Beauty salon,Beauty & Wellness,"443 Norwood Rd, London",SE27 9DQ,+44 7562 516702,https://bratzzbeautee.as.me/,,,ChIJF7flInYFdkgReexXELjXQnI,https://maps.google.com/?cid=8233380254334839929&g_mp=Cidnb29nbGUubWFwcy5wbGFjZXMudjEuUGxhY2VzLlNlYXJjaFRleHQQAhgEIAA,51.4373228,-0.1047949,Lambeth,
Norwood Road,norwood_road,no,no,yes,yes,shop,Techmart.co,Electronics store,Tech & Gadgets,"443 Norwood Rd, London",SE27 9DQ,,https://technamart.co.uk/,,,ChIJwWbsXXYFdkgRwPLdrGnbCMk,https://maps.google.com/?cid=14486069448355476160&g_mp=Cidnb29nbGUubWFwcy5wbGFjZXMudjEuUGxhY2VzLlNlYXJjaFRleHQQAhgEIAA,51.437311199999996,-0.1047693,Lambeth,
Norwood Road,norwood_road,no,no,yes,yes,shop,ODAK Printing & Computing,Services,Tech & Gadgets,"457 Norwood Rd, London",SE27 9DQ,+44 20 8761 2226,http://www.odak.co.uk/,3.5,55,ChIJ4RvvrwQEdkgRBpr5NUx4T4o,https://maps.google.com/?cid=9966316769112594950&g_mp=Cidnb29nbGUubWFwcy5wbGFjZXMudjEuUGxhY2VzLlNlYXJjaFRleHQQAhgEIAA,51.436743899999996,-0.1046642,Lambeth,
Norwood Road,norwood_road,no,no,yes,yes,shop,David Anthony's Unisex Hairdressers,Hair salon,Beauty & Wellness,"459 Norwood Rd, London",SE27 9DQ,+44 20 8670 0630,https://david-anthonys-unisex-hairdressers.ueniweb.com/?utm_campaign=gmb,5,2,ChIJeQmougQEdkgRo_lfrqAWVkE,https://maps.google.com/?cid=4707975339838536099&g_mp=Cidnb29nbGUubWFwcy5wbGFjZXMudjEuUGxhY2VzLlNlYXJjaFRleHQQAhgEIAA,51.436704399999996,-0.1046365,Lambeth,
Norwood Road,norwood_road,no,no,yes,yes,shop,Monsoon Thai Massage & Spa,Massage service,Beauty & Wellness,"459 Norwood Rd, London",SE27 9DQ,+44 7448 657125,http://monsoontherapy.com/,4.9,259,ChIJsR1utvYFdkgR70cymeBP0NU,https://maps.google.com/?cid=15406902151295944687&g_mp=Cidnb29nbGUubWFwcy5wbGFjZXMudjEuUGxhY2VzLlNlYXJjaFRleHQQAhgEIAA,51.436743799999995,-0.10466249999999999,Lambeth,
Norwood Road,norwood_road,no,no,yes,yes,shop,Thai Duck Deli,Restaurant,Food & Drink,"461 Norwood Rd, London",SE27 9DQ,+44 20 8761 4314,https://m.facebook.com/thaiduckdeli/,4.9,254,ChIJZ7V_pQQEdkgRQNk_Ps3ULNQ,https://maps.google.com/?cid=15288828812993747264&g_mp=Cidnb29nbGUubWFwcy5wbGFjZXMudjEuUGxhY2VzLlNlYXJjaFRleHQQAhgEIAA,51.4366973,-0.10463750000000001,Lambeth,
Norwood Road,norwood_road,no,no,yes,yes,shop,Florentine Bakery,Bakery,Food & Drink,"463 Norwood Rd, London",SE27 9DJ,+44 20 8676 4906,http://www.florentine-bakery.co.uk/,4.7,334,ChIJkZJZRWIFdkgRMGp8qaqY5s0,https://maps.google.com/?cid=14836713881174043184&g_mp=Cidnb29nbGUubWFwcy5wbGFjZXMudjEuUGxhY2VzLlNlYXJjaFRleHQQAhgEIAA,51.436389299999995,-0.10445829999999999,Lambeth,
Norwood Road,norwood_road,no,no,yes,yes,shop,Sweet Portugal,Coffee shop,Food & Drink,"469 Norwood Rd, London",SE27 9DJ,+44 20 8761 4189,https://www.facebook.com/SweetPortugal20/,4.6,130,ChIJJX5TpwQEdkgRngAbh_BS90k,https://maps.google.com/?cid=5329819877028593822&g_mp=Cidnb29nbGUubWFwcy5wbGFjZXMudjEuUGxhY2VzLlNlYXJjaFRleHQQAhgEIAA,51.436287199999995,-0.10433289999999999,Lambeth,
Norwood Road,norwood_road,no,no,yes,yes,shop,Thai Silk Massage,Massage service,Beauty & Wellness,"477 Norwood Rd, London",SE27 9DJ,+44 7455 610358,http://www.thaisilkmassage.com/,4.8,289,ChIJjwsLXwMEdkgRC0Ti_mWubmY,https://maps.google.com/?cid=7381028592397992971&g_mp=Cidnb29nbGUubWFwcy5wbGFjZXMudjEuUGxhY2VzLlNlYXJjaFRleHQQAhgEIAA,51.4360709,-0.1041222,Lambeth,
Norwood Road,norwood_road,no,no,yes,yes,shop,Hollywood Star Nails,Nail salon,Beauty & Wellness,"481 Norwood Rd, London",SE27 9DJ,+44 20 8761 5738,http://hollywoodstarnailswestnorwood.co.uk/,4.5,429,ChIJmbDDXgMEdkgRdYoMR1Ybl28,https://maps.google.com/?cid=8040925717066451573&g_mp=Cidnb29nbGUubWFwcy5wbGFjZXMudjEuUGxhY2VzLlNlYXJjaFRleHQQAhgEIAA,51.435961000000006,-0.104176,Lambeth,
Norwood Road,norwood_road,no,yes,yes,yes,shop,CakeBox Norwood,Cake shop,Food & Drink,"483 Norwood Rd, London",SE27 9DJ,+44 20 8761 7284,http://www.cakebox.com/,4.8,176,ChIJZSPdut4FdkgRdsGfZkEwLTI,https://maps.google.com/?cid=3615599133301129590&g_mp=Cidnb29nbGUubWFwcy5wbGFjZXMudjEuUGxhY2VzLlNlYXJjaFRleHQQAhgEIAA,51.4359262,-0.10404809999999999,Lambeth,
Norwood Road,norwood_road,no,no,yes,yes,shop,Bon Velo West Norwood,Bicycle store,Fashion & Apparel,"495 Norwood Rd, London",SE27 9DJ,+44 20 8766 9001,https://bonvelo.co.uk/,4.6,135,ChIJAcdGXgMEdkgRpxrxh6UvHro,https://maps.google.com/?cid=13411209128352750247&g_mp=Cidnb29nbGUubWFwcy5wbGFjZXMudjEuUGxhY2VzLlNlYXJjaFRleHQQAhgEIAA,51.4356187,-0.10389369999999999,Lambeth,
Norwood Road,norwood_road,no,no,no,no,shop,Gold Stores Ltd,Services,Fashion & Apparel,"503 Norwood Rd, London",SE27 9DL,+44 20 8761 5696,,4.8,13,ChIJQSCYPwMEdkgR6ztaYhVchl0,https://maps.google.com/?cid=6739175139320675307&g_mp=Cidnb29nbGUubWFwcy5wbGFjZXMudjEuUGxhY2VzLlNlYXJjaFRleHQQAhgEIAA,51.435259699999996,-0.1038529,Lambeth,
Norwood Road,norwood_road,no,no,yes,yes,shop,"House Of Cards London - best Balloons, Gifts & Greeting cards shop in London",Gift shop,Home & Living,"507 Norwood Rd, London",SE27 9DL,+44 20 7998 3726,http://www.houseofcardslondon.com/,4.6,43,ChIJ5Q4aagMEdkgRJlbui7ZOZr8,https://maps.google.com/?cid=13791797454807389734&g_mp=Cidnb29nbGUubWFwcy5wbGFjZXMudjEuUGxhY2VzLlNlYXJjaFRleHQQAhgEIAA,51.435157499999995,-0.1037133,Lambeth,
Norwood Road,norwood_road,no,no,yes,yes,shop,Jolie Nails & Spa,Nail salon,Beauty & Wellness,"515 Norwood Rd, London",SE27 9DL,+44 20 8670 0235,http://www.jolienailspa.co.uk/,4.5,346,ChIJawKbkWQFdkgR7-kgsljErqM,https://maps.google.com/?cid=11794580359354575343&g_mp=Cidnb29nbGUubWFwcy5wbGFjZXMudjEuUGxhY2VzLlNlYXJjaFRleHQQAhgEIAA,51.4349831,-0.1037241,Lambeth,
Norwood Road,norwood_road,no,no,yes,yes,shop,Buywise Pet Supplies,Pet store,Kids & Family,"517 Norwood Rd, London",SE27 9DL,+44 20 8670 9697,https://www.buywisepetsupplies.co.uk/,4.7,83,ChIJjZm-agMEdkgRoBfTcFg7x24,https://maps.google.com/?cid=7982414115573536672&g_mp=Cidnb29nbGUubWFwcy5wbGFjZXMudjEuUGxhY2VzLlNlYXJjaFRleHQQAhgEIAA,51.434951999999996,-0.103712,Lambeth,
Norwood Road,norwood_road,no,no,no,no,shop,Brazil Cafe,Brazilian restaurant,Food & Drink,"519 Norwood Rd, London",SE27 9DL,+44 20 4618 3591,,4.4,114,ChIJdc-h_BwHdkgR-4Z-_JPhj0Y,https://maps.google.com/?cid=5084530530037171963&g_mp=Cidnb29nbGUubWFwcy5wbGFjZXMudjEuUGxhY2VzLlNlYXJjaFRleHQQAhgEIAA,51.4348958,-0.1037046,Lambeth,
Norwood Road,norwood_road,no,no,yes,yes,shop,Four Hundred Rabbits: Pizza Restaurant West Norwood,Pizza restaurant,Food & Drink,"521 Norwood Rd, London",SE27 9DL,+44 20 8761 0872,https://www.400rabbits.co.uk/westnorwood,4.4,270,ChIJN6pVHscFdkgRuwwmIUygJ_A,https://maps.google.com/?cid=17304976342028520635&g_mp=Cidnb29nbGUubWFwcy5wbGFjZXMudjEuUGxhY2VzLlNlYXJjaFRleHQQAhgEIAA,51.4348293,-0.1037121,Lambeth,
Norwood Road,norwood_road,no,no,yes,yes,shop,Norwood Discounts,Discount store,Fashion & Apparel,"523 Norwood Rd, London",SE27 9DL,+44 20 8766 8560,https://debbiekhan.wixsite.com/norwooddiscounts,4.9,11,ChIJ7WYTFQMEdkgR70KChe8Z5EM,https://maps.google.com/?cid=4892063611758985967&g_mp=Cidnb29nbGUubWFwcy5wbGFjZXMudjEuUGxhY2VzLlNlYXJjaFRleHQQAhgEIAA,51.4347606,-0.1037706,Lambeth,
Norwood Road,norwood_road,no,no,no,no,shop,Sole Luna,Italian restaurant,Food & Drink,"529 Norwood Rd, London",SE27 9DL,+44 20 7018 5432,,4.8,446,ChIJSdnT8JQFdkgRoKdouTKisqk,https://maps.google.com/?cid=12228014277007026080&g_mp=Cidnb29nbGUubWFwcy5wbGFjZXMudjEuUGxhY2VzLlNlYXJjaFRleHQQAhgEIAA,51.4346244,-0.103574,Lambeth,
Norwood Road,norwood_road,no,no,no,no,shop,Lyca Mobile,Cell phone store,Tech & Gadgets,"533 Norwood Rd, London",SE27 9DL,,,5,1,ChIJjR2hFgMEdkgRFD2S2_bh9m8,https://maps.google.com/?cid=8067884232842820884&g_mp=Cidnb29nbGUubWFwcy5wbGFjZXMudjEuUGxhY2VzLlNlYXJjaFRleHQQAhgEIAA,51.4345114,-0.1036269,Lambeth,
Norwood Road,norwood_road,no,no,no,no,shop,Ace Plaice,Fish & chips restaurant,Food & Drink,"545 Norwood Rd, London",SE27 9DL,+44 20 8670 1515,,4.5,743,ChIJpZb0GQMEdkgRFWHFMMmZMyg,https://maps.google.com/?cid=2896828074715078933&g_mp=Cidnb29nbGUubWFwcy5wbGFjZXMudjEuUGxhY2VzLlNlYXJjaFRleHQQAhgEIAA,51.4340591,-0.1035794,Lambeth,
Norwood Road,norwood_road,no,no,yes,yes,shop,London Decorators Merchants,Building materials store,Home & Living,"547-549 Norwood Rd, London",SE27 9DL,+44 20 8655 9595,http://www.ldmdirect.co.uk/,4.7,154,ChIJ8ep_GQMEdkgRizRnC4VOUO8,https://maps.google.com/?cid=17244369306530559115&g_mp=Cidnb29nbGUubWFwcy5wbGFjZXMudjEuUGxhY2VzLlNlYXJjaFRleHQQAhgEIAA,51.4339924,-0.10354129999999999,Lambeth,
Norwood Road,norwood_road,no,no,no,no,shop,Nutshell Natural Paints,Building materials store,Home & Living,"547-549 Norwood Rd, London",SE27 9DL,+44 1392 823760,,5,4,ChIJz2_xzqKmbUgRCZEmyfqrfDk,https://maps.google.com/?cid=4142374850878935305&g_mp=Cidnb29nbGUubWFwcy5wbGFjZXMudjEuUGxhY2VzLlNlYXJjaFRleHQQAhgEIAA,51.4340547,-0.10330729999999999,Lambeth,
Norwood Road,norwood_road,no,no,no,no,shop,Tipz 24,Nail salon,Beauty & Wellness,"551 Norwood Rd, Norwood W, London",SE27 9DL,,,,,ChIJMbK5g58FdkgRtvjZ9Uj9u4Y,https://maps.google.com/?cid=9708631911531411638&g_mp=Cidnb29nbGUubWFwcy5wbGFjZXMudjEuUGxhY2VzLlNlYXJjaFRleHQQAhgEIAA,51.433913399999994,-0.1032453,Lambeth,
Norwood Road,norwood_road,no,no,yes,yes,shop,South London Makerspace (SLMS),coworking_space,Art & Culture,"Arch 1129, 41 Norwood Road, Bath Factory Estate, London",SE24 9AJ,,https://southlondonmakerspace.org/,4.8,92,ChIJLdzKlwwEdkgRXD1BaEX9fB0,https://maps.google.com/?cid=2124851598755708252&g_mp=Cidnb29nbGUubWFwcy5wbGFjZXMudjEuUGxhY2VzLlNlYXJjaFRleHQQAhgEIAA,51.451574799999996,-0.1009979,Lambeth,
Norwood Road,norwood_road,no,no,yes,yes,shop,THE DnA FACTORY [MRSS],point_of_interest,Art & Culture,"Unit 1146, 41 Norwood Rd, London",SE24 9AJ,+44 20 8671 7205,https://thednafactory.com/,5,4,ChIJl0KPmAwEdkgRHoTJIHttW3o,https://maps.google.com/?cid=8816761071106360350&g_mp=Cidnb29nbGUubWFwcy5wbGFjZXMudjEuUGxhY2VzLlNlYXJjaFRleHQQAhgEIAA,51.451507199999995,-0.10074169999999999,Lambeth,
Norwood Road,norwood_road,no,no,yes,yes,shop,Dita Rosted Events - London Event & Wedding Design Studio + Event Bars,Services,Services & Experiences,"Norwood Rd, London",SE27 9DQ,,http://www.ditarosted.co.uk/,5,21,ChIJZeNWuI8FdkgR-2RDeSsniQ4,https://maps.google.com/?cid=1047411456011887867&g_mp=Cidnb29nbGUubWFwcy5wbGFjZXMudjEuUGxhY2VzLlNlYXJjaFRleHQQAhgEIAA,51.4373599,-0.1047394,Lambeth,
Norwood Road,norwood_road,no,no,yes,yes,shop,MamiYaba Beauty Studio — Tulse Hill,Beauty salon,Beauty & Wellness,"Norwood Rd, London",SE24 9BF,+44 7908 558760,https://www.treatwell.co.uk/place/mamiyaba-beauty-studio/,5,8,ChIJ3RcEQOAFdkgRn_3ILy2gkxw,https://maps.google.com/?cid=2059165570574122399&g_mp=Cidnb29nbGUubWFwcy5wbGFjZXMudjEuUGxhY2VzLlNlYXJjaFRleHQQAhgEIAA,51.444712,-0.10514659999999999,Lambeth,
Streatham High Road,streatham_high_road,no,no,yes,yes,shop,Beard & Barnet Barber Shop,Barber shop,Services & Experiences,"1, Central Parade, 254 Streatham High Rd, London",SW16 1HT,+44 20 7282 6291,https://ariamirzadah.wixsite.com/beardbarnetbarbers-2,4.8,419,ChIJA0h4rDYHdkgRXgCOYTosqm8,https://maps.google.com/?cid=8046292313507233886&g_mp=Cidnb29nbGUubWFwcy5wbGFjZXMudjEuUGxhY2VzLlNlYXJjaFRleHQQAhgEIAA,51.4301147,-0.1302472,Lambeth,
Streatham High Road,streatham_high_road,yes,no,yes,no,shop,Blissful Nail Studio,Nail salon,Beauty & Wellness,"1, Leigham Hall Parade, Streatham High Rd, London",SW16 1DR,+44 20 3732 9350,https://blissfulnailstudio.mytreatwell.co.uk/,4.7,256,ChIJ-4-vQgYFdkgR0Zh_qnHrIGE,https://maps.google.com/?cid=6998852694358071505&g_mp=Cidnb29nbGUubWFwcy5wbGFjZXMudjEuUGxhY2VzLlNlYXJjaFRleHQQAhgEIAA,51.4360236,-0.12775319999999998,Lambeth,
Streatham High Road,streatham_high_road,no,no,yes,yes,shop,"Coooys Studios, 38 Empire Mews, Streatham London SW16 2BF",Services,Services & Experiences,"Coooys, 1 Empire Mews, Streatham High Rd, London",SW16 2BF,+44 20 3905 1817,https://www.coooys.co.uk/,,,ChIJLZZwjicHdkgR9GCPpUiPaCw,https://maps.google.com/?cid=3199965077424791796&g_mp=Cidnb29nbGUubWFwcy5wbGFjZXMudjEuUGxhY2VzLlNlYXJjaFRleHQQAhgEIAA,51.426989600000006,-0.1304002,Lambeth,
Streatham High Road,streatham_high_road,yes,no,yes,no,shop,Valentina Frota Hair,Hair salon,Beauty & Wellness,"Flat 1, 312 Streatham High Rd, London",SW16 6HG,+44 7848 140608,http://valentinafrotahair.mytreatwell.co.uk/,5,17,ChIJKTyrG-IHdkgRjGvYD5zx_bk,https://maps.google.com/?cid=13402133718707497868&g_mp=Cidnb29nbGUubWFwcy5wbGFjZXMudjEuUGxhY2VzLlNlYXJjaFRleHQQAhgEIAA,51.427548699999996,-0.1313972,Lambeth,
Streatham High Road,streatham_high_road,no,yes,yes,yes,shop,Peacocks,Clothing store,Fashion & Apparel,"Units 2 & 3, The Barn Cross Hayes, 210/224 Streatham High Rd, London",SW16 1BB,+44 20 8677 8684,http://www.peacocks.co.uk/,4.1,59,ChIJu0FqHCgEdkgRPYS9Fd8BzII,https://maps.google.com/?cid=9424910177833681981&g_mp=Cidnb29nbGUubWFwcy5wbGFjZXMudjEuUGxhY2VzLlNlYXJjaFRleHQQAhgEIAA,51.431205999999996,-0.12960439999999998,Lambeth,
Streatham High Road,streatham_high_road,no,no,no,no,shop,Stan's Barber London,Barber shop,Services & Experiences,"2-3, Streatham High Rd, London",SW16 6EW,+44 20 3759 5021,,4.6,17,ChIJgeIYZYMGdkgRg7DSsQYfHM4,https://maps.google.com/?cid=14851779784774692995&g_mp=Cidnb29nbGUubWFwcy5wbGFjZXMudjEuUGxhY2VzLlNlYXJjaFRleHQQAhgEIAA,51.426154,-0.130853,Lambeth,
Streatham High Road,streatham_high_road,no,no,yes,yes,shop,Thompson Deli & Baker,Deli,Food & Drink,"Stonehills Mansions, 2 Streatham High Rd, London",SW16 1DB,,http://www.thompsondeliandbaker.co.uk/,4,209,ChIJM8-ZvSUEdkgRBs6qOr86SHA,https://maps.google.com/?cid=8090781323568532998&g_mp=Cidnb29nbGUubWFwcy5wbGFjZXMudjEuUGxhY2VzLlNlYXJjaFRleHQQAhgEIAA,51.4379164,-0.1273144,Lambeth,
Streatham High Road,streatham_high_road,no,no,no,no,shop,Uzbek Corner,Restaurant,Food & Drink,"2, Central Parade, Streatham High Rd, London",SW16 1HT,+44 20 3490 2186,,4.9,1927,ChIJ2aYbjVUFdkgRkeP7FsawL90,https://maps.google.com/?cid=15938151971123094417&g_mp=Cidnb29nbGUubWFwcy5wbGFjZXMudjEuUGxhY2VzLlNlYXJjaFRleHQQAhgEIAA,51.430152899999996,-0.1302935,Lambeth,
Streatham High Road,streatham_high_road,no,no,no,no,shop,G Mobile and Vape,Services,Tech & Gadgets,"4-5, De Montfort Parade, Streatham High Rd, London",SW16 1BU,+44 7913 127229,,5,122,ChIJOaiyOHcFdkgRjcot6iCHq5k,https://maps.google.com/?cid=11073092684258069133&g_mp=Cidnb29nbGUubWFwcy5wbGFjZXMudjEuUGxhY2VzLlNlYXJjaFRleHQQAhgEIAA,51.4361028,-0.128276,Lambeth,
Streatham High Road,streatham_high_road,yes,no,yes,no,shop,Rose & Blossom Nail Spa,Nail salon,Beauty & Wellness,"4, Central Parade, Streatham High Rd, London",SW16 1HT,+44 7424 921174,http://www.roseandblossomnailspa.co.uk/,4.7,111,ChIJb3HdM5YHdkgR7lAnER3gYfQ,https://maps.google.com/?cid=17609602433441812718&g_mp=Cidnb29nbGUubWFwcy5wbGFjZXMudjEuUGxhY2VzLlNlYXJjaFRleHQQAhgEIAA,51.430034799999994,-0.13042589999999998,Lambeth,
Streatham High Road,streatham_high_road,no,no,no,no,shop,The Gadget Exchange,Services,Tech & Gadgets,"4, Streatham High Rd, London",SW16 6EP,+44 7716 828399,,4.2,25,ChIJQWRMe34HdkgRkfVS8UF1ddg,https://maps.google.com/?cid=15597501810549650833&g_mp=Cidnb29nbGUubWFwcy5wbGFjZXMudjEuUGxhY2VzLlNlYXJjaFRleHQQAhgEIAA,51.425451599999995,-0.1305075,Lambeth,
Streatham High Road,streatham_high_road,no,no,no,no,shop,Life Café Restaurant,Cafe,Food & Drink,"5, Astoria Parade, Streatham High Rd, London",SW16 1PR,+44 20 8769 2755,,4.5,285,ChIJUaHV2ycEdkgRrqKQ7NRYFRY,https://maps.google.com/?cid=1591275714870551214&g_mp=Cidnb29nbGUubWFwcy5wbGFjZXMudjEuUGxhY2VzLlNlYXJjaFRleHQQAhgEIAA,51.4326638,-0.1285009,Lambeth,
Streatham High Road,streatham_high_road,yes,no,yes,no,shop,The Hill Streatham,Pub,Food & Drink,"5 Streatham High Rd, London",SW16 1EF,+44 20 3875 3057,https://thehillsw16.com/,4.6,1008,ChIJuRV6wkYFdkgRkABhV-gvZgU,https://maps.google.com/?cid=389051092759019664&g_mp=Cidnb29nbGUubWFwcy5wbGFjZXMudjEuUGxhY2VzLlNlYXJjaFRleHQQAhgEIAA,51.4371023,-0.1270998,Lambeth,
Streatham High Road,streatham_high_road,no,no,no,no,shop,The Story Nest,Wholesaler,Books & Music,"5 Streatham Ct., Streatham High Rd, London",SW16 1DL,+44 7535 475380,,,,ChIJ2bplZcIFdkgRq0blGQEeb4Y,https://maps.google.com/?cid=9686994313575483051&g_mp=Cidnb29nbGUubWFwcy5wbGFjZXMudjEuUGxhY2VzLlNlYXJjaFRleHQQAhgEIAA,51.43587240000001,-0.1274409,Lambeth,
Streatham High Road,streatham_high_road,no,no,no,no,shop,Bartek Express,Grocery store,Food & Drink,"6, Central Parade, Andrews Estate Agents, 254 Streatham High Rd, London",SW16 1HT,+44 20 8696 7534,,4.5,866,ChIJTaKql4IGdkgR4iVVdiQF-6s,https://maps.google.com/?cid=12392504453802304994&g_mp=Cidnb29nbGUubWFwcy5wbGFjZXMudjEuUGxhY2VzLlNlYXJjaFRleHQQAhgEIAA,51.4299077,-0.1304907,Lambeth,
Streatham High Road,streatham_high_road,yes,no,yes,no,shop,London Beauty Spot - Beauty Salon & Aesthetics Practice,Beauty salon,Beauty & Wellness,"6, Leigham Hall Parade, Streatham High Rd, London",SW16 1DR,+44 20 8696 9596,http://www.londonbeautyspot.co.uk/,4.4,74,ChIJSQQrDCYEdkgRb5FKbnP6-xA,https://maps.google.com/?cid=1223847097439785327&g_mp=Cidnb29nbGUubWFwcy5wbGFjZXMudjEuUGxhY2VzLlNlYXJjaFRleHQQAhgEIAA,51.435749099999995,-0.12783819999999999,Lambeth,
Streatham High Road,streatham_high_road,yes,no,yes,no,shop,Tracey Nails,Nail salon,Beauty & Wellness,"Streatleigh Parade, 6 Streatham High Rd, London",SW16 1DB,+44 20 8835 0928,http://traceynails.com/,4.4,558,ChIJh-MiqHsFdkgRieyQDm9bYIk,https://maps.google.com/?cid=9899012513504226441&g_mp=Cidnb29nbGUubWFwcy5wbGFjZXMudjEuUGxhY2VzLlNlYXJjaFRleHQQAhgEIAA,51.437827999999996,-0.1273403,Lambeth,
Streatham High Road,streatham_high_road,no,no,no,no,shop,Urbano Bakery & Café,Cafe,Food & Drink,"6 Streatham High Rd, London",SW16 6EP,,,4.9,24,ChIJS2Oi4b0HdkgRIlFLnebQQT0,https://maps.google.com/?cid=4414038798699811106&g_mp=Cidnb29nbGUubWFwcy5wbGFjZXMudjEuUGxhY2VzLlNlYXJjaFRleHQQAhgEIAA,51.43526620000001,-0.1282779,Lambeth,
Streatham High Road,streatham_high_road,no,no,no,no,shop,BeJustFab1 Limited,Home goods store,Fashion & Apparel,"Unit 7, Streatham Mall, 156 Streatham High Rd, London",SW16 1BJ,+44 7803 713633,,3.7,3,ChIJOTW1vZgFdkgRI4NgF8THLac,https://maps.google.com/?cid=12046504223305663267&g_mp=Cidnb29nbGUubWFwcy5wbGFjZXMudjEuUGxhY2VzLlNlYXJjaFRleHQQAhgEIAA,51.4329593,-0.1289359,Lambeth,
Streatham High Road,streatham_high_road,yes,no,yes,no,shop,Cutting Room,Hair salon,Beauty & Wellness,"8, Astoria Parade, Streatham High Rd, London",SW16 1PR,+44 20 8769 4636,http://www.cuttingroomstreatham.co.uk/,4.8,383,ChIJUaHV2ycEdkgRO2XEg4qq5Xg,https://maps.google.com/?cid=8711556566110987579&g_mp=Cidnb29nbGUubWFwcy5wbGFjZXMudjEuUGxhY2VzLlNlYXJjaFRleHQQAhgEIAA,51.4326638,-0.1285009,Lambeth,
Streatham High Road,streatham_high_road,no,no,no,no,shop,Dream Nails,Beauty salon,Beauty & Wellness,"8, Streatham High Rd, London",SW16 6EP,+44 20 8696 7282,,4.5,142,ChIJ51TtnoQGdkgRarNXj25_Ujs,https://maps.google.com/?cid=4274619109156041578&g_mp=Cidnb29nbGUubWFwcy5wbGFjZXMudjEuUGxhY2VzLlNlYXJjaFRleHQQAhgEIAA,51.425350599999994,-0.13053589999999998,Lambeth,
Streatham High Road,streatham_high_road,no,no,yes,yes,shop,Monkey Leaf Brunch Restaurant,Brunch restaurant,Food & Drink,"Unit 9, Leigham Hall Parade, Streatham High Rd, London",SW16 1DR,+44 20 3149 8285,https://www.monkeyleafcafe.com/,4.8,562,ChIJZ8jImLcFdkgRAaJiQSrPB60,https://maps.google.com/?cid=12468161873791066625&g_mp=Cidnb29nbGUubWFwcy5wbGFjZXMudjEuUGxhY2VzLlNlYXJjaFRleHQQAhgEIAA,51.4356382,-0.1279196,Lambeth,
Streatham High Road,streatham_high_road,yes,no,no,no,shop,Vinyl Bar,Event venue,Books & Music,"10 Streatham High Rd, London",SW16 1DB,+44 7908 066434,,,,ChIJl7TKq0QFdkgRYDZRSlrwXvc,https://maps.google.com/?cid=17824948645763561056&g_mp=Cidnb29nbGUubWFwcy5wbGFjZXMudjEuUGxhY2VzLlNlYXJjaFRleHQQAhgEIAA,51.4375357,-0.1270541,Lambeth,
Streatham High Road,streatham_high_road,no,no,yes,yes,shop,iShine Dry Cleaners,Laundry,Fashion & Apparel,"11, Leigham Hall Parade, Streatham High Rd, London",SW16 1DR,+44 20 8769 2606,https://ishinedrycleaners.com/,4.8,374,ChIJ50BwHukFdkgRl9QUXrQPWiw,https://maps.google.com/?cid=3195884152919741591&g_mp=Cidnb29nbGUubWFwcy5wbGFjZXMudjEuUGxhY2VzLlNlYXJjaFRleHQQAhgEIAA,51.435573,-0.1277806,Lambeth,
Streatham High Road,streatham_high_road,no,no,yes,yes,shop,Luxe Petals London,Florist,Home & Living,"Stonehills Mansions, 12 Streatham High Rd, London",SW16 1DB,+44 20 3759 1977,http://www.luxepetalslondon.com/,4.3,82,ChIJO9TEkt8FdkgRJZaFwWSYAKo,https://maps.google.com/?cid=12249958544958658085&g_mp=Cidnb29nbGUubWFwcy5wbGFjZXMudjEuUGxhY2VzLlNlYXJjaFRleHQQAhgEIAA,51.4377213,-0.1274082,Lambeth,
Streatham High Road,streatham_high_road,no,no,no,no,shop,One Tech Store,Services,Tech & Gadgets,"14, Streatham High Rd, London",SW16 1EQ,+44 7777 201963,,4.6,33,ChIJaRzGwWcFdkgRZIYwwNKYG80,https://maps.google.com/?cid=14779574633081374308&g_mp=Cidnb29nbGUubWFwcy5wbGFjZXMudjEuUGxhY2VzLlNlYXJjaFRleHQQAhgEIAA,51.437430799999994,-0.12712400000000001,Lambeth,
Streatham High Road,streatham_high_road,no,no,yes,yes,shop,Fizz DJ Pro Audio & AV Hire,Store,Books & Music,"Unit 16, Leigham Hall Parade, Streatham High Rd, London",SW16 1DR,+44 20 8677 0800,http://www.fizzdj.co.uk/,4.9,232,ChIJSQQrDCYEdkgRjeaJVmUYepU,https://maps.google.com/?cid=10770948282332604045&g_mp=Cidnb29nbGUubWFwcy5wbGFjZXMudjEuUGxhY2VzLlNlYXJjaFRleHQQAhgEIAA,51.433245899999996,-0.12533529999999998,Lambeth,
Streatham High Road,streatham_high_road,no,no,yes,yes,shop,Trio Pizzeria,Italian restaurant,Food & Drink,"Unit 19, The High Parade, Streatham High Rd, London",SW16 1EX,+44 20 8835 8455,https://triopizzeria-uk.com/,4.4,268,ChIJqbdEPCYEdkgRTWwMs8Dbgmg,https://maps.google.com/?cid=7530823147601030221&g_mp=Cidnb29nbGUubWFwcy5wbGFjZXMudjEuUGxhY2VzLlNlYXJjaFRleHQQAhgEIAA,51.4348235,-0.1281447,Lambeth,
Streatham High Road,streatham_high_road,no,no,yes,yes,shop,No.22 Kitchen & Bar,Restaurant,Food & Drink,"Stonehills Mansions, 22 Streatham High Rd, London",SW16 1DB,+44 20 3916 6622,https://www.no22london.com/,4.5,89,ChIJSTB4Uo4FdkgRov3f5dqVJ2s,https://maps.google.com/?cid=7721304853542075810&g_mp=Cidnb29nbGUubWFwcy5wbGFjZXMudjEuUGxhY2VzLlNlYXJjaFRleHQQAhgEIAA,51.4375425,-0.12765289999999999,Lambeth,
Streatham High Road,streatham_high_road,yes,no,yes,no,shop,St Christopher's,Thrift store,Fashion & Apparel,"23 Streatham High Rd, London",SW16 1DS,+44 20 8769 9084,https://www.stchristophers.org.uk/,4.2,9,ChIJSS914SUEdkgRhPdl28tebco,https://maps.google.com/?cid=14586418997775169412&g_mp=Cidnb29nbGUubWFwcy5wbGFjZXMudjEuUGxhY2VzLlNlYXJjaFRleHQQAhgEIAA,51.436312099999995,-0.127581,Lambeth,
Streatham High Road,streatham_high_road,no,yes,yes,yes,shop,Cake Box Streatham,Cake shop,Food & Drink,"25, The High, Streatham High Rd, London",SW16 1EX,+44 20 3154 8924,https://www.cakebox.com/storelocator,4.7,193,ChIJF0OxWuIFdkgRfqYMeNHHBMw,https://maps.google.com/?cid=14701094786120328830&g_mp=Cidnb29nbGUubWFwcy5wbGFjZXMudjEuUGxhY2VzLlNlYXJjaFRleHQQAhgEIAA,51.434793299999995,-0.1280222,Lambeth,
Streatham High Road,streatham_high_road,no,no,yes,yes,shop,Emba Noir,Coffee shop,Food & Drink,"25, The High Parade, The High, Streatham High Rd, London",SW16 1EX,+44 7470 906670,https://www.instagram.com/embanoir/,4.9,45,ChIJZ2YAVwcFdkgRYe6q4zK8iiE,https://maps.google.com/?cid=2416951076791709281&g_mp=Cidnb29nbGUubWFwcy5wbGFjZXMudjEuUGxhY2VzLlNlYXJjaFRleHQQAhgEIAA,51.4347655,-0.1280443,Lambeth,
Streatham High Road,streatham_high_road,no,no,yes,yes,shop,Shrimp Shack Streatham,Seafood restaurant,Food & Drink,"25, The High Parade, The High, Streatham High Rd, London",SW16 1EX,+44 20 3780 7480,https://shrimpshackco.com/book-table/,4.7,3822,ChIJ0_ftJeUFdkgR5b135Q7t624,https://maps.google.com/?cid=7992742611934232037&g_mp=Cidnb29nbGUubWFwcy5wbGFjZXMudjEuUGxhY2VzLlNlYXJjaFRleHQQAhgEIAA,51.434060699999996,-0.1280276,Lambeth,
Streatham High Road,streatham_high_road,no,no,no,no,shop,Streatham Barber,Barber shop,Services & Experiences,"25 Streatham High Rd, London",SW16 1DS,+44 7403 868933,,4.5,132,ChIJlU6-3yUEdkgRmrlppS056KU,https://maps.google.com/?cid=11954868079066462618&g_mp=Cidnb29nbGUubWFwcy5wbGFjZXMudjEuUGxhY2VzLlNlYXJjaFRleHQQAhgEIAA,51.4362183,-0.1276612,Lambeth,
Streatham High Road,streatham_high_road,no,no,yes,yes,shop,Brooks & Gao,Coffee shop,Food & Drink,"The High Parade, The High, 28 Streatham High Rd, London",SW16 1EX,+44 7714 456474,http://brooksandgao.com/,4.7,340,ChIJHT9mLSYEdkgRuveFdtZXLHI,https://maps.google.com/?cid=8227047197922162618&g_mp=Cidnb29nbGUubWFwcy5wbGFjZXMudjEuUGxhY2VzLlNlYXJjaFRleHQQAhgEIAA,51.433673,-0.1279253,Lambeth,
Streatham High Road,streatham_high_road,no,no,yes,yes,shop,Fettle Bike Repair,Services,Sports & Outdoor,"The High, 41 Streatham High Rd, London",SW16 1ER,+44 20 3910 6683,https://www.fettle.cc/find-a-workshop/streatham?utm_medium=gmb&utm_source=gmb&utm_campaign=Streatham,4.7,166,ChIJDWi3bsQFdkgRkc6HY_N1etw,https://maps.google.com/?cid=15887140323710193297&g_mp=Cidnb29nbGUubWFwcy5wbGFjZXMudjEuUGxhY2VzLlNlYXJjaFRleHQQAhgEIAA,51.433431999999996,-0.1278877,Lambeth,
Streatham High Road,streatham_high_road,no,no,yes,yes,shop,El Chicos,Mexican restaurant,Food & Drink,"62 Streatham High Rd, Streatham Hill, London",SW16 1DA,+44 20 8677 5100,http://www.elchicos.co.uk/,4.3,898,ChIJKSC84iUEdkgR--dWUpK58k4,https://maps.google.com/?cid=5688813317420148731&g_mp=Cidnb29nbGUubWFwcy5wbGFjZXMudjEuUGxhY2VzLlNlYXJjaFRleHQQAhgEIAA,51.436446,-0.1280391,Lambeth,
Streatham High Road,streatham_high_road,no,no,yes,no,not_a_shop,Tate Streatham Library,Library,Books & Music,"Tate Library, 63 Streatham High Rd, London",SW16 1PN,+44 20 7926 6768,https://www.lambeth.gov.uk/libraries-0/streatham-library,4.2,95,ChIJbTFzCSgEdkgRmRnkM7m9eZ8,https://maps.google.com/?cid=11491424527349717401&g_mp=Cidnb29nbGUubWFwcy5wbGFjZXMudjEuUGxhY2VzLlNlYXJjaFRleHQQAhgEIAA,51.4316603,-0.12899739999999998,Lambeth,
Streatham High Road,streatham_high_road,no,no,no,no,shop,Golden Nails,Beauty salon,Beauty & Wellness,"69 Streatham High Rd, London",SW16 1PH,+44 7770 509643,,4.2,147,ChIJ-8AdBCgEdkgR7HCIkFazw3s,https://maps.google.com/?cid=8918168871497134316&g_mp=Cidnb29nbGUubWFwcy5wbGFjZXMudjEuUGxhY2VzLlNlYXJjaFRleHQQAhgEIAA,51.4312675,-0.1290956,Lambeth,
Streatham High Road,streatham_high_road,no,no,no,no,shop,iStyle Barbers,Barber shop,Services & Experiences,"71 Streatham High Rd, London",SW16 1PH,+44 7377 636265,,4.8,359,ChIJjca_zjQFdkgRDinPZv3yW4o,https://maps.google.com/?cid=9969829370280225038&g_mp=Cidnb29nbGUubWFwcy5wbGFjZXMudjEuUGxhY2VzLlNlYXJjaFRleHQQAhgEIAA,51.4312477,-0.1290934,Lambeth,
Streatham High Road,streatham_high_road,no,no,no,no,shop,The George Spot,Takeout restaurant,Food & Drink,"72 Streatham High Rd, London",SW2 4RD,+44 20 3859 6889,,5,24,ChIJHY3xO5cFdkgRhOBb3AHiAJ8,https://maps.google.com/?cid=11457405949650395268&g_mp=Cidnb29nbGUubWFwcy5wbGFjZXMudjEuUGxhY2VzLlNlYXJjaFRleHQQAhgEIAA,51.4413625,-0.1251805,Lambeth,
Streatham High Road,streatham_high_road,no,yes,yes,yes,shop,Snappy Snaps,Services,Services & Experiences,"73 Streatham High Rd, London",SW16 1PH,+44 20 8769 9913,https://www.snappysnaps.co.uk/streatham,4.6,257,ChIJKwlWASgEdkgRYWHzJtBorOE,https://maps.google.com/?cid=16261487597743989089&g_mp=Cidnb29nbGUubWFwcy5wbGFjZXMudjEuUGxhY2VzLlNlYXJjaFRleHQQAhgEIAA,51.431175599999996,-0.1291101,Lambeth,
Streatham High Road,streatham_high_road,no,no,yes,yes,shop,Third coffee,Coffee shop,Food & Drink,"79 Streatham High Rd, London",SW16 1PH,,http://www.thirdcoffee.uk/,4.7,25,ChIJWTIVz0MFdkgRJETc5vcsMng,https://maps.google.com/?cid=8661034476628624420&g_mp=Cidnb29nbGUubWFwcy5wbGFjZXMudjEuUGxhY2VzLlNlYXJjaFRleHQQAhgEIAA,51.4309935,-0.12914789999999998,Lambeth,
Streatham High Road,streatham_high_road,yes,no,yes,no,shop,Clique,Clothing store,Fashion & Apparel,"81 Streatham High Rd, London",SW16 1PH,,https://cliquekara.com/,4.8,73,ChIJ5XgiAigEdkgRJAml5-Rg4AI,https://maps.google.com/?cid=207272119114205476&g_mp=Cidnb29nbGUubWFwcy5wbGFjZXMudjEuUGxhY2VzLlNlYXJjaFRleHQQAhgEIAA,51.4309617,-0.1292112,Lambeth,
Streatham High Road,streatham_high_road,yes,no,yes,no,shop,All Aboard Shops,Thrift store,Fashion & Apparel,"83 Streatham High Rd, London",SW16 1PH,+44 20 8769 9410,http://www.allaboardshops.com/,4.3,38,ChIJ04cPAigEdkgRAlsfl-_7YOY,https://maps.google.com/?cid=16600545232938818306&g_mp=Cidnb29nbGUubWFwcy5wbGFjZXMudjEuUGxhY2VzLlNlYXJjaFRleHQQAhgEIAA,51.4309077,-0.1292075,Lambeth,
Streatham High Road,streatham_high_road,no,no,no,no,shop,Noor Tech Point,Services,Tech & Gadgets,"85 Streatham High Rd, London",SW16 1PH,+44 7446 146190,,4.9,71,ChIJWWyxsAsHdkgRA75iszHozkg,https://maps.google.com/?cid=5246385916093840899&g_mp=Cidnb29nbGUubWFwcy5wbGFjZXMudjEuUGxhY2VzLlNlYXJjaFRleHQQAhgEIAA,51.430870399999996,-0.1292039,Lambeth,
Streatham High Road,streatham_high_road,yes,no,yes,no,shop,Jeans Corner London,Clothing store,Fashion & Apparel,"89 Streatham High Rd, London",SW16 1PH,+44 20 8677 0555,http://www.jeanscorner.co.uk/,4.5,33,ChIJhf2QqYIGdkgRlO0h2eJLDyI,https://maps.google.com/?cid=2454263759617781140&g_mp=Cidnb29nbGUubWFwcy5wbGFjZXMudjEuUGxhY2VzLlNlYXJjaFRleHQQAhgEIAA,51.4307716,-0.1292968,Lambeth,
Streatham High Road,streatham_high_road,no,no,yes,yes,shop,PREMIER COLLECTIONS,Home goods store,Fashion & Apparel,"NEXT TO WESTBURY CHEMIST, OPPOSITE NANDOS RESTAURANT, 98 Streatham High Rd, London",SW16 1BS,+44 20 8769 7140,https://www.premiercollections-london.co.uk/,4.4,5,ChIJwS2miJsFdkgRbzmAhDljP6c,https://maps.google.com/?cid=12051460226554018159&g_mp=Cidnb29nbGUubWFwcy5wbGFjZXMudjEuUGxhY2VzLlNlYXJjaFRleHQQAhgEIAA,51.4349232,-0.1285004,Lambeth,
Streatham High Road,streatham_high_road,no,no,yes,yes,shop,Macteca ¤ Streatham,Services,Tech & Gadgets,"102B Streatham High Rd, London",SW16 1BW,+44 7496 759667,https://mactecastreatham.xyz/,4.9,265,ChIJQ-217TUFdkgR60RYauilXbQ,https://maps.google.com/?cid=12996726517296284907&g_mp=Cidnb29nbGUubWFwcy5wbGFjZXMudjEuUGxhY2VzLlNlYXJjaFRleHQQAhgEIAA,51.434686,-0.1285691,Lambeth,
Streatham High Road,streatham_high_road,yes,no,no,no,shop,Savva's Barber,Barber shop,Services & Experiences,"102 Streatham High Rd, London",SW16 1BW,+44 20 8769 0303,,4.5,295,ChIJjW9FICYEdkgRbCXhUdwJKk0,https://maps.google.com/?cid=5560267531813463404&g_mp=Cidnb29nbGUubWFwcy5wbGFjZXMudjEuUGxhY2VzLlNlYXJjaFRleHQQAhgEIAA,51.4346877,-0.1285307,Lambeth,
Streatham High Road,streatham_high_road,no,no,yes,yes,shop,Slurp,Chinese restaurant,Food & Drink,"104-106 Streatham High Rd, London",SW16 1BW,+44 20 8677 7786,http://www.slurprestaurant.co.uk/,4.2,851,ChIJjTvYIyYEdkgR-zb2ZsevpmA,https://maps.google.com/?cid=6964447144735815419&g_mp=Cidnb29nbGUubWFwcy5wbGFjZXMudjEuUGxhY2VzLlNlYXJjaFRleHQQAhgEIAA,51.4346179,-0.12850219999999998,Lambeth,
Streatham High Road,streatham_high_road,yes,no,yes,no,shop,Emma Wilson Urban Spa,Beauty salon,Beauty & Wellness,"Norfolk Mansions, 108C Streatham High Rd, London",SW16 1BW,+44 20 8769 9764,http://www.emmawilsonurbanspa.co.uk/,4.9,478,ChIJlwa1JiYEdkgRz6ymLUfUSV4,https://maps.google.com/?cid=6794194915038768335&g_mp=Cidnb29nbGUubWFwcy5wbGFjZXMudjEuUGxhY2VzLlNlYXJjaFRleHQQAhgEIAA,51.434488,-0.1285473,Lambeth,
Streatham High Road,streatham_high_road,no,no,yes,yes,shop,ROOTS RESTAURANT,Lebanese restaurant,Food & Drink,"110, 112 Streatham High Rd, London",SW16 1BS,+44 20 8677 4645,https://rootslebanese.foodhutz.co.uk/,4.8,1068,ChIJNz_QEOYFdkgRYARWRifkqRM,https://maps.google.com/?cid=1416914415119631456&g_mp=Cidnb29nbGUubWFwcy5wbGFjZXMudjEuUGxhY2VzLlNlYXJjaFRleHQQAhgEIAA,51.4343832,-0.1284776,Lambeth,
Streatham High Road,streatham_high_road,no,no,no,no,shop,MR Phones & More,Cell phone store,Tech & Gadgets,"111 Streatham High Rd, London",SW16 1HJ,+44 20 8769 7555,,5,18,ChIJ8WrjH24HdkgRmWQGLzHwHUA,https://maps.google.com/?cid=4620112886785008793&g_mp=Cidnb29nbGUubWFwcy5wbGFjZXMudjEuUGxhY2VzLlNlYXJjaFRleHQQAhgEIAA,51.4300558,-0.12992209999999998,Lambeth,
Streatham High Road,streatham_high_road,no,no,yes,yes,shop,Flower Delivery Thornton Heath,point_of_interest,Home & Living,"113 Streatham High Rd, London",SW16 1HJ,+44 20 8146 7873,http://flowerdeliverythorntonheath.co.uk/,5,1,ChIJAQBpvIIGdkgRxO2RqzsfOcM,https://maps.google.com/?cid=14067309252210453956&g_mp=Cidnb29nbGUubWFwcy5wbGFjZXMudjEuUGxhY2VzLlNlYXJjaFRleHQQAhgEIAA,51.4300147,-0.12999059999999998,Lambeth,
Streatham High Road,streatham_high_road,no,no,yes,yes,shop,Mr Phone Streatham,Cell phone store,Tech & Gadgets,"113A Streatham High Rd, London",SW16 1HJ,+44 20 8769 0200,https://mrphonerepair.co.uk/,4.9,799,ChIJqX2zvYIGdkgRjXyaqKHcP44,https://maps.google.com/?cid=10250153863795080333&g_mp=Cidnb29nbGUubWFwcy5wbGFjZXMudjEuUGxhY2VzLlNlYXJjaFRleHQQAhgEIAA,51.429975,-0.1300133,Lambeth,
Streatham High Road,streatham_high_road,yes,no,no,no,shop,Soft Touch Hair & Beauty Salon,Hair salon,Beauty & Wellness,"113 Streatham High Rd, London",SW16 1HJ,+44 7828 009694,,4.8,34,ChIJX0B8vIIGdkgRiNRZqn81v7A,https://maps.google.com/?cid=12735957093662184584&g_mp=Cidnb29nbGUubWFwcy5wbGFjZXMudjEuUGxhY2VzLlNlYXJjaFRleHQQAhgEIAA,51.4300062,-0.1299807,Lambeth,
Streatham High Road,streatham_high_road,no,no,no,no,shop,Streatham Gadget Centre,Services,Tech & Gadgets,"114 Streatham High Rd, London",SW16 1BW,+44 7725 997983,,5,122,ChIJH9VodKcFdkgRWxClirUDgFo,https://maps.google.com/?cid=6521216338682515547&g_mp=Cidnb29nbGUubWFwcy5wbGFjZXMudjEuUGxhY2VzLlNlYXJjaFRleHQQAhgEIAA,51.4343352,-0.12856099999999998,Lambeth,
Streatham High Road,streatham_high_road,no,no,no,no,shop,Danny's Shoe Repairs and Key Cutting Service (Situated within the launderette),Services,Fashion & Apparel,"117 Streatham High Rd, London",SW16 1HJ,+44 7796 246869,,4.8,43,ChIJzY3zvYIGdkgR7LrNJNqweso,https://maps.google.com/?cid=14590168393786964716&g_mp=Cidnb29nbGUubWFwcy5wbGFjZXMudjEuUGxhY2VzLlNlYXJjaFRleHQQAhgEIAA,51.429904699999994,-0.1300783,Lambeth,
Streatham High Road,streatham_high_road,no,no,yes,yes,shop,The Tom Shop,Jewelry store,Fashion & Apparel,"117 Streatham High Rd, London",SW16 1HJ,+44 20 8769 5779,https://www.instagram.com/thetomshop,4.7,56,ChIJvauKvoIGdkgRUTOrHJeU5So,https://maps.google.com/?cid=3091040096001667921&g_mp=Cidnb29nbGUubWFwcy5wbGFjZXMudjEuUGxhY2VzLlNlYXJjaFRleHQQAhgEIAA,51.429924299999996,-0.13011699999999998,Lambeth,
Streatham High Road,streatham_high_road,no,no,yes,yes,shop,REGEN LONDON,Gym,Beauty & Wellness,"121 Streatham High Rd, London",SW16 1HJ,+44 20 8001 9037,http://regen-london.com/,4.8,393,ChIJ3S2FM9QHdkgRt5QGlT0G6Ho,https://maps.google.com/?cid=8856335528787088567&g_mp=Cidnb29nbGUubWFwcy5wbGFjZXMudjEuUGxhY2VzLlNlYXJjaFRleHQQAhgEIAA,51.42969670000001,-0.130138,Lambeth,
Streatham High Road,streatham_high_road,yes,no,yes,no,shop,La Casita Restaurant,Portuguese restaurant,Food & Drink,"122 Streatham High Rd, London",SW16 1BW,+44 20 8664 6033,http://www.lacasitatapas.co.uk/,4.6,1048,ChIJqeerLyYEdkgRZGroA68m73g,https://maps.google.com/?cid=8714226337111894628&g_mp=Cidnb29nbGUubWFwcy5wbGFjZXMudjEuUGxhY2VzLlNlYXJjaFRleHQQAhgEIAA,51.434016,-0.1284869,Lambeth,
Streatham High Road,streatham_high_road,no,no,no,no,shop,I Love Coffee,Coffee shop,Food & Drink,"126 Streatham High Rd, London",SW16 1BW,+44 20 8769 0288,,4.7,466,ChIJp3Tn7YIGdkgRanansaImx6s,https://maps.google.com/?cid=12377904581058197098&g_mp=Cidnb29nbGUubWFwcy5wbGFjZXMudjEuUGxhY2VzLlNlYXJjaFRleHQQAhgEIAA,51.4339127,-0.12854279999999998,Lambeth,
Streatham High Road,streatham_high_road,yes,no,no,no,shop,Kara,Women's clothing store,Fashion & Apparel,"128 Streatham High Rd, London",SW16 1BW,+44 20 8769 6667,,4,22,ChIJmX2mLiYEdkgR5KcI-mTuJhs,https://maps.google.com/?cid=1956513205598070756&g_mp=Cidnb29nbGUubWFwcy5wbGFjZXMudjEuUGxhY2VzLlNlYXJjaFRleHQQAhgEIAA,51.433873,-0.12853599999999998,Lambeth,
Streatham High Road,streatham_high_road,no,no,no,no,shop,Anfani Fashions,Clothing store,Fashion & Apparel,"129 Streatham High Rd, London",SW16 1HS,+44 7483 409059,,5,3,ChIJ34APlYIGdkgRZgq2vu5QgsI,https://maps.google.com/?cid=14015853976662444646&g_mp=Cidnb29nbGUubWFwcy5wbGFjZXMudjEuUGxhY2VzLlNlYXJjaFRleHQQAhgEIAA,51.4296538,-0.1302691,Lambeth,
Streatham High Road,streatham_high_road,no,no,yes,yes,shop,Tumba grill,Bar & grill,Food & Drink,"129 Streatham High Rd, London",SW16 1HJ,+44 7404 053691,https://www.tumbagrill.co.uk/,4.2,32,ChIJY22caYUHdkgRDA4Xy0vfuWs,https://maps.google.com/?cid=7762480949372587532&g_mp=Cidnb29nbGUubWFwcy5wbGFjZXMudjEuUGxhY2VzLlNlYXJjaFRleHQQAhgEIAA,51.4296538,-0.1302691,Lambeth,
Streatham High Road,streatham_high_road,no,no,no,no,shop,IS Repair Mobile Streatham (United Mobile Pvt Ltd),Services,Tech & Gadgets,"131 Streatham High Rd, London",SW16 1HJ,+44 7780 968686,,4.9,40,ChIJk1bmixoHdkgRZIs_9sDN3B4,https://maps.google.com/?cid=2223878544662956900&g_mp=Cidnb29nbGUubWFwcy5wbGFjZXMudjEuUGxhY2VzLlNlYXJjaFRleHQQAhgEIAA,51.4295839,-0.1301947,Lambeth,
Streatham High Road,streatham_high_road,yes,no,no,no,shop,Saj Beaute,Beauty salon,Beauty & Wellness,"131 Streatham High Rd, London",SW16 1HJ,+44 7782 431937,,5,131,ChIJGZ_1v4IGdkgRjMNPtZCrTAM,https://maps.google.com/?cid=237753518349337484&g_mp=Cidnb29nbGUubWFwcy5wbGFjZXMudjEuUGxhY2VzLlNlYXJjaFRleHQQAhgEIAA,51.429578199999995,-0.1301957,Lambeth,
Streatham High Road,streatham_high_road,yes,no,yes,no,shop,Her Definition Salon,Hair salon,Beauty & Wellness,"135 Streatham High Rd, London",SW16 1HJ,+44 20 3196 7070,https://www.herdefinition.co.uk/,4.4,109,ChIJiTzAM6IEdkgRy_8JxgvKQ9k,https://maps.google.com/?cid=15655578881585971147&g_mp=Cidnb29nbGUubWFwcy5wbGFjZXMudjEuUGxhY2VzLlNlYXJjaFRleHQQAhgEIAA,51.4295584,-0.13057349999999998,Lambeth,
Streatham High Road,streatham_high_road,no,no,no,no,not_a_shop,Belly Dance Classes -Streatham,Sports school,Services & Experiences,"136 Streatham High Rd, London",SW16 1BW,,,5,13,ChIJnY8FlSMFdkgRAtbWt56kMJc,https://maps.google.com/?cid=10894388500205327874&g_mp=Cidnb29nbGUubWFwcy5wbGFjZXMudjEuUGxhY2VzLlNlYXJjaFRleHQQAhgEIAA,51.4337063,-0.1286687,Lambeth,
Streatham High Road,streatham_high_road,no,no,yes,no,not_a_shop,Diva Flow Pole Studio,Sports school,Services & Experiences,"136 Streatham High Rd, London",SW16 1BP,,https://www.divaflowpole.com/,5,10,ChIJ2cfORDkFdkgRDa2dKbcXDu4,https://maps.google.com/?cid=17153674106145451277&g_mp=Cidnb29nbGUubWFwcy5wbGFjZXMudjEuUGxhY2VzLlNlYXJjaFRleHQQAhgEIAA,51.433638699999996,-0.1286584,Lambeth,
Streatham High Road,streatham_high_road,no,no,yes,no,not_a_shop,London Pro Dance - ballet school,Sports school,Services & Experiences,"136 Streatham High Rd, London",SW16 6HP,+44 7852 181239,https://london-pro-dance.squarespace.com/,5,7,ChIJAYxIXxYFdkgRNeKiBJ7QR2A,https://maps.google.com/?cid=6937743128088732213&g_mp=Cidnb29nbGUubWFwcy5wbGFjZXMudjEuUGxhY2VzLlNlYXJjaFRleHQQAhgEIAA,51.433638699999996,-0.1286584,Lambeth,
Streatham High Road,streatham_high_road,no,yes,yes,yes,shop,Waterstones,Book store,Books & Music,"136 Streatham High Rd, London",SW16 1BW,+44 20 8153 1145,https://www.waterstones.com/bookshops/london-streatham,4.9,45,ChIJpSXWPgAFdkgReIzaQJCdq38,https://maps.google.com/?cid=9199619906723286136&g_mp=Cidnb29nbGUubWFwcy5wbGFjZXMudjEuUGxhY2VzLlNlYXJjaFRleHQQAhgEIAA,51.4336123,-0.128661,Lambeth,
Streatham High Road,streatham_high_road,yes,yes,yes,no,shop,cardfactory,Store,Home & Living,"144 Streatham High Rd, London",SW16 1BJ,+44 20 8769 4685,https://www.cardfactory.co.uk/storefinder/?utm_source=google&utm_medium=organic&utm_campaign=gmbp-663,4.3,136,ChIJkeuF0ycEdkgRRrfJkBkab9E,https://maps.google.com/?cid=15091309573447464774&g_mp=Cidnb29nbGUubWFwcy5wbGFjZXMudjEuUGxhY2VzLlNlYXJjaFRleHQQAhgEIAA,51.4333075,-0.1287805,Lambeth,
Streatham High Road,streatham_high_road,no,yes,yes,yes,shop,Pep & Co,Clothing store,Fashion & Apparel,"John Kirk House, 148 Streatham High Rd, London",SW16 1DF,+44 121 526 8344,http://www.pepandco.com/,4.2,9,ChIJFQAoeSgEdkgRslFYjzjG22w,https://maps.google.com/?cid=7844081122221248946&g_mp=Cidnb29nbGUubWFwcy5wbGFjZXMudjEuUGxhY2VzLlNlYXJjaFRleHQQAhgEIAA,51.433143400000006,-0.1290091,Lambeth,
Streatham High Road,streatham_high_road,no,no,no,no,shop,HoneyCake Streatham,Dessert shop,Food & Drink,"149 Streatham High Rd, London",SW16 6HE,+44 20 8166 6298,,4.8,128,ChIJ25bOM7UHdkgRQXebfsV_zPk,https://maps.google.com/?cid=17999902296902432577&g_mp=Cidnb29nbGUubWFwcy5wbGFjZXMudjEuUGxhY2VzLlNlYXJjaFRleHQQAhgEIAA,51.429114299999995,-0.1306655,Lambeth,
Streatham High Road,streatham_high_road,no,no,no,no,shop,Sussy Cake London,Bakery,Food & Drink,"149 Streatham High Rd, London",SW16 6HE,,,3.9,7,ChIJH_WbNQAHdkgR9_tgBuPramU,https://maps.google.com/?cid=7307912705659173879&g_mp=Cidnb29nbGUubWFwcy5wbGFjZXMudjEuUGxhY2VzLlNlYXJjaFRleHQQAhgEIAA,51.429114299999995,-0.1306655,Lambeth,
Streatham High Road,streatham_high_road,no,no,no,no,shop,Mediterranean Cake House,Cake shop,Food & Drink,"157 Streatham High Rd, London",SW16 6EG,+44 7537 885714,,4,92,ChIJSRJg4oIGdkgRVZ8oUfuTspA,https://maps.google.com/?cid=10426558794923810645&g_mp=Cidnb29nbGUubWFwcy5wbGFjZXMudjEuUGxhY2VzLlNlYXJjaFRleHQQAhgEIAA,51.428948299999995,-0.1308594,Lambeth,
Streatham High Road,streatham_high_road,no,no,no,no,shop,moroccan sweets Al Marrakech,Bakery,Food & Drink,"160 Streatham High Rd, London",SW16 6EG,+44 7547 571577,,,,ChIJT9YRJRYppqIRtJpfDjkJM9k,https://maps.google.com/?cid=15650863270701537972&g_mp=Cidnb29nbGUubWFwcy5wbGFjZXMudjEuUGxhY2VzLlNlYXJjaFRleHQQAhgEIAA,51.4328662,-0.1290648,Lambeth,
Streatham High Road,streatham_high_road,yes,no,yes,no,shop,"Shop from Crisis, Streatham",Thrift store,Fashion & Apparel,"162 Streatham High Rd, London",SW16 1BJ,+44 20 4546 8334,https://www.crisis.org.uk/get-involved/find-our-charity-shops/streatham/,5,9,ChIJfwioR90FdkgRhWCM_7iXiD0,https://maps.google.com/?cid=4433960653963419781&g_mp=Cidnb29nbGUubWFwcy5wbGFjZXMudjEuUGxhY2VzLlNlYXJjaFRleHQQAhgEIAA,51.4328047,-0.1290874,Lambeth,
Streatham High Road,streatham_high_road,yes,yes,yes,no,shop,CeX,Electronics store,Tech & Gadgets,"164 Streatham High Rd, London",SW16 1BJ,+44 330 123 5986,https://uk.webuy.com/site/storeDetail/?branchId=128,4.1,369,ChIJ3VQadygEdkgRlOGC3QdNTkc,https://maps.google.com/?cid=5138128921052766612&g_mp=Cidnb29nbGUubWFwcy5wbGFjZXMudjEuUGxhY2VzLlNlYXJjaFRleHQQAhgEIAA,51.432755099999994,-0.1291001,Lambeth,
Streatham High Road,streatham_high_road,no,no,no,no,shop,Streatham Super Store London,Convenience store,Home & Living,"165 Streatham High Rd, London",SW16 6EG,+44 7424 297151,,5,3,ChIJk4h9KbwFdkgROUY3t-h9u4w,https://maps.google.com/?cid=10140837424414541369&g_mp=Cidnb29nbGUubWFwcy5wbGFjZXMudjEuUGxhY2VzLlNlYXJjaFRleHQQAhgEIAA,51.4325286,-0.1286713,Lambeth,
Streatham High Road,streatham_high_road,no,yes,no,no,shop,Screwfix - Streatham,Hardware store,Home & Living,"166 Streatham High Rd, London",SW16 1BJ,+44 333 011 2112,,3.9,12,ChIJRwhIsa8FdkgRxi39Kmchc1o,https://maps.google.com/?cid=6517589812721823174&g_mp=Cidnb29nbGUubWFwcy5wbGFjZXMudjEuUGxhY2VzLlNlYXJjaFRleHQQAhgEIAA,51.4327021,-0.12915569999999998,Lambeth,
Streatham High Road,streatham_high_road,no,yes,yes,yes,shop,EE,Cell phone store,Tech & Gadgets,"168 Streatham High Rd, London",SW16 1BJ,+44 20 8835 8100,https://ee.co.uk/stores/england/greater_london/london/streatham,3.5,139,ChIJcRFWh8UFdkgRabYr5wfa5wk,https://maps.google.com/?cid=713778793439540841&g_mp=Cidnb29nbGUubWFwcy5wbGFjZXMudjEuUGxhY2VzLlNlYXJjaFRleHQQAhgEIAA,51.432660999999996,-0.1292013,Lambeth,
Streatham High Road,streatham_high_road,no,no,yes,yes,shop,Streatham Electronics ltd,Cell phone store,Tech & Gadgets,"169 Streatham High Rd, London",SW16 6EG,+44 7459 611007,https://streatham-eletronics-ltd.ueniweb.com/#about_us,4.2,29,ChIJSRJg4oIGdkgRDqDj7fBbwQc,https://maps.google.com/?cid=558828919112048654&g_mp=Cidnb29nbGUubWFwcy5wbGFjZXMudjEuUGxhY2VzLlNlYXJjaFRleHQQAhgEIAA,51.4286104,-0.13085159999999998,Lambeth,
Streatham High Road,streatham_high_road,no,no,yes,yes,shop,JMD Tech & Pound Plus,Electronics store,Tech & Gadgets,"171 Streatham High Rd, London",SW16 6EG,+44 7771 744486,https://jmd-tech-pound-store-9503.dazl.live/,5,37,ChIJsXkqve8HdkgR4C_HDf9A4gU,https://maps.google.com/?cid=423972779118243808&g_mp=Cidnb29nbGUubWFwcy5wbGFjZXMudjEuUGxhY2VzLlNlYXJjaFRleHQQAhgEIAA,51.428557899999994,-0.1307854,Lambeth,
Streatham High Road,streatham_high_road,no,no,no,no,shop,Streatham Discount Centre,Discount store,Kids & Family,"171 Streatham High Rd, London",SW16 6EG,+44 20 8677 3030,,3.7,3,ChIJMxVp44IGdkgRrUbMqgIl5L4,https://maps.google.com/?cid=13755159855282013869&g_mp=Cidnb29nbGUubWFwcy5wbGFjZXMudjEuUGxhY2VzLlNlYXJjaFRleHQQAhgEIAA,51.4285375,-0.1308019,Lambeth,
Streatham High Road,streatham_high_road,yes,no,yes,no,shop,TANNAIL.ldn,Nail salon,Beauty & Wellness,"173 Streatham High Rd, London",SW16 6EG,+44 7402 378899,https://tannail.co.uk/,4.8,135,ChIJ95VnJYUHdkgRh04HLof6zVI,https://maps.google.com/?cid=5966700539835534983&g_mp=Cidnb29nbGUubWFwcy5wbGFjZXMudjEuUGxhY2VzLlNlYXJjaFRleHQQAhgEIAA,51.4284964,-0.130808,Lambeth,
Streatham High Road,streatham_high_road,no,yes,yes,yes,shop,Photo-Me,Services,Services & Experiences,"Wh Smith, 180-182 Streatham High Rd, London",SW16 1BH,+44 800 208 1299,https://help.megroup.uk/photo-me,,,ChIJ1y8ssE8FdkgRPHd09N0GwDA,https://maps.google.com/?cid=3512815259707799356&g_mp=Cidnb29nbGUubWFwcy5wbGFjZXMudjEuUGxhY2VzLlNlYXJjaFRleHQQAhgEIAA,51.4323414,-0.1294051,Lambeth,
Streatham High Road,streatham_high_road,yes,no,yes,no,shop,TGJones,Store,Home & Living,"180-182 Streatham High Rd, London",SW16 1BH,+44 20 4636 7979,https://www.tgjonesonline.co.uk/stores/high-road-london,3.7,307,ChIJCWtZbCgEdkgRMx4VwHLpXgI,https://maps.google.com/?cid=170830514944810547&g_mp=Cidnb29nbGUubWFwcy5wbGFjZXMudjEuUGxhY2VzLlNlYXJjaFRleHQQAhgEIAA,51.432337499999996,-0.1294049,Lambeth,
Streatham High Road,streatham_high_road,no,no,no,no,shop,Electric bike shop Streatham,Bicycle store,Sports & Outdoor,"183 Streatham High Rd, London",SW16 6EG,+44 7398 753737,,4.8,71,ChIJ68lHNpIHdkgR3rU8GMXMuzM,https://maps.google.com/?cid=3727798263466472926&g_mp=Cidnb29nbGUubWFwcy5wbGFjZXMudjEuUGxhY2VzLlNlYXJjaFRleHQQAhgEIAA,51.4282386,-0.1307769,Lambeth,
Streatham High Road,streatham_high_road,no,no,no,no,shop,Quality Houseware,Store,Home & Living,"184 Streatham High Rd, London",SW16 1BJ,+44 7891 018962,,4.1,14,ChIJoe7UcigEdkgRhblyvFvSdic,https://maps.google.com/?cid=2843691506176539013&g_mp=Cidnb29nbGUubWFwcy5wbGFjZXMudjEuUGxhY2VzLlNlYXJjaFRleHQQAhgEIAA,51.432206099999995,-0.1293866,Lambeth,
Streatham High Road,streatham_high_road,no,no,no,no,shop,Caffèe des Amis,Coffee shop,Food & Drink,"185 Streatham High Rd, London",SW16 6EG,,,5,2,ChIJg-qVaAAHdkgRWnn70gigA6s,https://maps.google.com/?cid=12322868965175687514&g_mp=Cidnb29nbGUubWFwcy5wbGFjZXMudjEuUGxhY2VzLlNlYXJjaFRleHQQAhgEIAA,51.4281888,-0.13078370000000003,Lambeth,
Streatham High Road,streatham_high_road,no,no,no,no,shop,Baldo's Barbers London,Barber shop,Services & Experiences,"195 Streatham High Rd, London",SW16 6EG,+44 7448 750613,,3,6,ChIJD4EF7SIHdkgReUJ1lzZbX9I,https://maps.google.com/?cid=15158935160779784825&g_mp=Cidnb29nbGUubWFwcy5wbGFjZXMudjEuUGxhY2VzLlNlYXJjaFRleHQQAhgEIAA,51.428112299999995,-0.13081099999999998,Lambeth,
Streatham High Road,streatham_high_road,no,no,no,no,shop,Nails 2000,Nail salon,Beauty & Wellness,"201 Streatham High Rd, London",SW16 6EG,+44 20 8769 2355,,3.6,158,ChIJSRJg4oIGdkgR5_Sp3VnhZ5o,https://maps.google.com/?cid=11126109180529341671&g_mp=Cidnb29nbGUubWFwcy5wbGFjZXMudjEuUGxhY2VzLlNlYXJjaFRleHQQAhgEIAA,51.4278231,-0.130884,Lambeth,
Streatham High Road,streatham_high_road,no,no,no,no,not_a_shop,Spa Central,Building,Beauty & Wellness,"203 Streatham High Rd, London",SW16 6EG,,,,,ChIJacZ74oIGdkgRLYQcgWX1www,https://maps.google.com/?cid=919848565220344877&g_mp=Cidnb29nbGUubWFwcy5wbGFjZXMudjEuUGxhY2VzLlNlYXJjaFRleHQQAhgEIAA,51.4277477,-0.1308971,Lambeth,
Streatham High Road,streatham_high_road,yes,no,yes,no,shop,Debonair Barbers and Hair Studio,Barber shop,Services & Experiences,"205 Streatham High Rd, London",SW16 6EG,+44 7946 169902,http://instagram.com/debonairhairstudio,4.1,43,ChIJa3fEGoMGdkgRdAK0rklqHpo,https://maps.google.com/?cid=11105430595838411380&g_mp=Cidnb29nbGUubWFwcy5wbGFjZXMudjEuUGxhY2VzLlNlYXJjaFRleHQQAhgEIAA,51.427737699999994,-0.13073579999999999,Lambeth,
Streatham High Road,streatham_high_road,no,no,yes,yes,shop,Debonair Nails,Nail salon,Beauty & Wellness,"205 Streatham High Rd, London",SW16 6EG,+44 7943 741117,https://debonairnails.setmore.com/,5,15,ChIJg8G1p7MHdkgRSDMBK6W0lQ8,https://maps.google.com/?cid=1123002303582909256&g_mp=Cidnb29nbGUubWFwcy5wbGFjZXMudjEuUGxhY2VzLlNlYXJjaFRleHQQAhgEIAA,51.427737699999994,-0.13073579999999999,Lambeth,
Streatham High Road,streatham_high_road,no,no,no,no,shop,Batch & Co Coffee SW16 (Streatham),Coffee shop,Food & Drink,"The Barn Cross Hayes, 212 Streatham High Rd, London",SW16 1BB,,,4.4,66,ChIJm6eiC_cFdkgRfKR-MDnGhkc,https://maps.google.com/?cid=5154024772501152892&g_mp=Cidnb29nbGUubWFwcy5wbGFjZXMudjEuUGxhY2VzLlNlYXJjaFRleHQQAhgEIAA,51.4313066,-0.1295174,Lambeth,
Streatham High Road,streatham_high_road,yes,yes,yes,no,shop,Game,Store,Kids & Family,"213 Streatham High Rd, London",SW16 6EN,+44 344 332 5365,https://www.game.co.uk/london-streatham-store-0365,,,ChIJZ0GNEYMGdkgRtZJyEh92R9I,https://maps.google.com/?cid=15152209347136885429&g_mp=Cidnb29nbGUubWFwcy5wbGFjZXMudjEuUGxhY2VzLlNlYXJjaFRleHQQAhgEIAA,51.427277399999994,-0.13090759999999999,Lambeth,
Streatham High Road,streatham_high_road,yes,no,no,no,shop,Malak's Hair & Beauty,Hair salon,Beauty & Wellness,"221 Streatham High Rd, London",SW16 6EN,+44 7988 903775,,5,6,ChIJj9czc4MGdkgRt_uavV1q1VM,https://maps.google.com/?cid=6040851426032942007&g_mp=Cidnb29nbGUubWFwcy5wbGFjZXMudjEuUGxhY2VzLlNlYXJjaFRleHQQAhgEIAA,51.4269709,-0.1309875,Lambeth,
Streatham High Road,streatham_high_road,no,no,yes,yes,shop,Cash Converters,Store,Books & Music,"228 Streatham High Rd, London",SW16 1BB,+44 20 3031 9797,https://www.cashconverters.co.uk/stores/streatham-high-road,3.9,116,ChIJu0FqHCgEdkgRMR4y3JBsfbs,https://maps.google.com/?cid=13510073826606718513&g_mp=Cidnb29nbGUubWFwcy5wbGFjZXMudjEuUGxhY2VzLlNlYXJjaFRleHQQAhgEIAA,51.430904,-0.1295443,Lambeth,
Streatham High Road,streatham_high_road,no,no,yes,yes,shop,Pro Nails,Nail salon,Beauty & Wellness,"229 Streatham High Rd, London",SW16 6EN,+44 7933 678888,http://pronailsstreatham.uk/,4.5,246,ChIJF4U3g-sHdkgRpE-o0JV5b6U,https://maps.google.com/?cid=11920880423030771620&g_mp=Cidnb29nbGUubWFwcy5wbGFjZXMudjEuUGxhY2VzLlNlYXJjaFRleHQQAhgEIAA,51.4265468,-0.1309293,Lambeth,
Streatham High Road,streatham_high_road,no,no,yes,yes,shop,Streatham Soul Club - White Lion SW16,Bar,Food & Drink,"232 Streatham High Rd, London",SW16 1BB,+44 20 8677 3341,http://www.whitelionsw16.co.uk/,4.3,1091,ChIJT0Tap4IGdkgRFr41SiUlx7U,https://maps.google.com/?cid=13098478883319430678&g_mp=Cidnb29nbGUubWFwcy5wbGFjZXMudjEuUGxhY2VzLlNlYXJjaFRleHQQAhgEIAA,51.430755999999995,-0.129649,Lambeth,
Streatham High Road,streatham_high_road,no,no,no,no,shop,Barham Barbers,Barber shop,Beauty & Wellness,"233 Streatham High Rd, London",SW16 6EN,+44 20 8769 4718,,4.9,396,ChIJoWzBL0MHdkgRi9IpBk36G-0,https://maps.google.com/?cid=17085524820082938507&g_mp=Cidnb29nbGUubWFwcy5wbGFjZXMudjEuUGxhY2VzLlNlYXJjaFRleHQQAhgEIAA,51.4264186,-0.13091709999999998,Lambeth,
Streatham High Road,streatham_high_road,no,no,no,no,shop,The Goldfinch Cafe,Cafe,Food & Drink,"235 Streatham High Rd, London",SW16 6EN,+44 20 8769 3456,,4.7,151,ChIJSZfDb4MGdkgRLwa7fbusUHI,https://maps.google.com/?cid=8237273639728907823&g_mp=Cidnb29nbGUubWFwcy5wbGFjZXMudjEuUGxhY2VzLlNlYXJjaFRleHQQAhgEIAA,51.426390399999995,-0.1309324,Lambeth,
Streatham High Road,streatham_high_road,yes,no,yes,no,shop,Charles Carter Hair,Hair salon,Beauty & Wellness,"Inside Jhanails, 237 Streatham High Rd, London",SW16 6EN,+44 20 8677 4609,https://www.charlescarterhair.com/,4.1,37,ChIJBx0cBoMGdkgRZKwqFXlD5IY,https://maps.google.com/?cid=9719968083097594980&g_mp=Cidnb29nbGUubWFwcy5wbGFjZXMudjEuUGxhY2VzLlNlYXJjaFRleHQQAhgEIAA,51.426337499999995,-0.1309098,Lambeth,
Streatham High Road,streatham_high_road,no,no,yes,yes,shop,Jhanails,Nail salon,Beauty & Wellness,"opposite the Aldi, 237 Streatham High Rd, London",SW16 6EN,+44 7490 836041,https://jhanails.mytreatwell.co.uk/,4.3,25,ChIJXTKmKbkHdkgRKOQgs8n-E4Q,https://maps.google.com/?cid=9517230579811148840&g_mp=Cidnb29nbGUubWFwcy5wbGFjZXMudjEuUGxhY2VzLlNlYXJjaFRleHQQAhgEIAA,51.426337499999995,-0.1309098,Lambeth,
Streatham High Road,streatham_high_road,no,no,yes,yes,shop,Green Cactus Coffee - Streatham,Cafe,Food & Drink,"241 Streatham High Rd, London",SW16 6EN,+44 7553 767918,http://greencactuscoffee.com/,4.8,232,ChIJXSCh58AHdkgR7TTTMLFbAZg,https://maps.google.com/?cid=10953136585328243949&g_mp=Cidnb29nbGUubWFwcy5wbGFjZXMudjEuUGxhY2VzLlNlYXJjaFRleHQQAhgEIAA,51.426219499999995,-0.1308874,Lambeth,
Streatham High Road,streatham_high_road,yes,yes,no,no,shop,Game Galaxy,Store,Tech & Gadgets,"The Barn Cross Hayes, 244 Streatham High Rd, London",SW16 1BB,+44 20 8677 7007,,4.7,345,ChIJ9XFvpIIGdkgRcFb_nsHvHCQ,https://maps.google.com/?cid=2602218299588564592&g_mp=Cidnb29nbGUubWFwcy5wbGFjZXMudjEuUGxhY2VzLlNlYXJjaFRleHQQAhgEIAA,51.4304529,-0.12988059999999998,Lambeth,
Streatham High Road,streatham_high_road,yes,no,yes,no,shop,Yogarise - Yoga and Pilates classes in Streatham,Yoga studio,Services & Experiences,"Central Mansions, 248A Streatham High Rd, London",SW16 1HS,+44 20 3096 3158,http://yogarise.london/,4.9,80,ChIJYwnNeNMFdkgR0Hf9WCJfGa8,https://maps.google.com/?cid=12617220432181688272&g_mp=Cidnb29nbGUubWFwcy5wbGFjZXMudjEuUGxhY2VzLlNlYXJjaFRleHQQAhgEIAA,51.43032660000001,-0.1302278,Lambeth,
Streatham High Road,streatham_high_road,no,no,yes,yes,shop,Castella’s Fish Bar Streatham,Fish & chips restaurant,Food & Drink,"Andrews Estate Agents, 258 Streatham High Rd, London",SW16 1HS,+44 20 4572 4422,https://www.castellafishbar.co.uk/,4.6,205,ChIJtZX4hPoHdkgRSqldKyPUA5s,https://maps.google.com/?cid=11170004748325464394&g_mp=Cidnb29nbGUubWFwcy5wbGFjZXMudjEuUGxhY2VzLlNlYXJjaFRleHQQAhgEIAA,51.4298785,-0.1305296,Lambeth,
Streatham High Road,streatham_high_road,no,no,yes,yes,shop,Chris Pro Decor - South West London,Painter,Home & Living,"264a Streatham High Rd, London",SW16 1HS,+44 7925 217823,http://www.chrisprodecor.co.uk/,4.9,95,ChIJieufztUHdkgRebkxP6-Uo8E,https://maps.google.com/?cid=13953159550924339577&g_mp=Cidnb29nbGUubWFwcy5wbGFjZXMudjEuUGxhY2VzLlNlYXJjaFRleHQQAhgEIAA,51.4297962,-0.13072609999999998,Lambeth,
Streatham High Road,streatham_high_road,no,no,yes,yes,shop,Mikrus,Polish restaurant,Food & Drink,"264 Streatham High Rd, London",SW16 1HS,+44 20 4637 9227,https://www.facebook.com/Mikrusstreatham/,4.5,518,ChIJd_CploIGdkgRFiUGwLtO7og,https://maps.google.com/?cid=9866910401902814486&g_mp=Cidnb29nbGUubWFwcy5wbGFjZXMudjEuUGxhY2VzLlNlYXJjaFRleHQQAhgEIAA,51.4297605,-0.1308173,Lambeth,
Streatham High Road,streatham_high_road,no,no,yes,yes,shop,Forum Safety,Clothing store,Fashion & Apparel,"276 Streatham High Rd, London",SW16 6HE,+44 7944 497071,http://www.forumsafety.com/,3.7,41,ChIJW3Pm-oIGdkgRjhnhoGN4Y-o,https://maps.google.com/?cid=16889475396865694094&g_mp=Cidnb29nbGUubWFwcy5wbGFjZXMudjEuUGxhY2VzLlNlYXJjaFRleHQQAhgEIAA,51.428816499999996,-0.1312527,Lambeth,
Streatham High Road,streatham_high_road,no,no,yes,yes,shop,New Nail Streatham,Nail salon,Beauty & Wellness,"284 Streatham High Rd, London",SW16 6HE,+44 7955 588999,https://appbooking.vdit.co.uk/Beauty/FindService/?cid=2025072413391037986&fbclid=PAQ0xDSwL6FTtleHRuA2FlbQIxMQABpzan_81FXbDXQ9M3jpV38uervOjumL-aHSXLr4OpNN6IsPjzQnw7hj8gj5rb_aem_PfKV2azafh9eM_KowQgR0A,4.6,108,ChIJJy6BrLMHdkgRrrTTLMqo_zA,https://maps.google.com/?cid=3530726219170690222&g_mp=Cidnb29nbGUubWFwcy5wbGFjZXMudjEuUGxhY2VzLlNlYXJjaFRleHQQAhgEIAA,51.428559199999995,-0.1311929,Lambeth,
Streatham High Road,streatham_high_road,no,no,yes,yes,shop,Talash Sewing Centre,Store,Art & Culture,"286-288 Streatham High Rd, London",SW16 6HE,+44 20 8769 2998,http://www.brothermachines.co.uk/,4.6,12,ChIJVSzf-4IGdkgRiJxAjRQ_uhM,https://maps.google.com/?cid=1421517989890530440&g_mp=Cidnb29nbGUubWFwcy5wbGFjZXMudjEuUGxhY2VzLlNlYXJjaFRleHQQAhgEIAA,51.428543999999995,-0.13122499999999998,Lambeth,
Streatham High Road,streatham_high_road,no,no,no,no,shop,Streatham Mobile & Vape,Convenience store,Tech & Gadgets,"288 Streatham High Rd, London",SW16 6HE,+44 7746 582282,,4.9,55,ChIJpxcITgAHdkgRvcuYY8ZjO4s,https://maps.google.com/?cid=10032722298623544253&g_mp=Cidnb29nbGUubWFwcy5wbGFjZXMudjEuUGxhY2VzLlNlYXJjaFRleHQQAhgEIAA,51.428489,-0.13126359999999998,Lambeth,
Streatham High Road,streatham_high_road,no,no,no,no,shop,ELEGANCE HEIGHTS SHOP,Gift shop,Home & Living,"290 Streatham High Rd, London",SW16 6HE,+44 7507 771652,,4,2,ChIJdSOz_YIGdkgRNLl8ip9go5I,https://maps.google.com/?cid=10566395389080811828&g_mp=Cidnb29nbGUubWFwcy5wbGFjZXMudjEuUGxhY2VzLlNlYXJjaFRleHQQAhgEIAA,51.428445100000005,-0.13118159999999998,Lambeth,
Streatham High Road,streatham_high_road,no,no,yes,yes,shop,Roslyn's Kitchen & Bar,Brunch restaurant,Food & Drink,"292 Streatham High Rd, London",SW16 6HG,+44 7344 172649,http://www.roslynscafe.co.uk/,4.2,57,ChIJZRBir5YHdkgRFmssMyfVFSo,https://maps.google.com/?cid=3032564288442886934&g_mp=Cidnb29nbGUubWFwcy5wbGFjZXMudjEuUGxhY2VzLlNlYXJjaFRleHQQAhgEIAA,51.428036299999995,-0.1311684,Lambeth,
Streatham High Road,streatham_high_road,no,no,no,no,shop,icosium Mediterranean café,Mediterranean restaurant,Food & Drink,"Konica Photo Express, 296 Streatham High Rd, London",SW16 6HG,+44 20 8677 8207,,4.7,58,ChIJU1sTeywHdkgRassoTd6VhJU,https://maps.google.com/?cid=10773900990586866538&g_mp=Cidnb29nbGUubWFwcy5wbGFjZXMudjEuUGxhY2VzLlNlYXJjaFRleHQQAhgEIAA,51.4279115,-0.1312519,Lambeth,
Streatham High Road,streatham_high_road,no,no,no,no,shop,SW CAMEL COFFEE SHOP,Coffee shop,Food & Drink,"Konica Photo Express, 302 Streatham High Rd, London",SW16 6HG,+44 7895 880702,,5,27,ChIJXdYOw7cHdkgR_BwJcHW_4qo,https://maps.google.com/?cid=12313614842296081660&g_mp=Cidnb29nbGUubWFwcy5wbGFjZXMudjEuUGxhY2VzLlNlYXJjaFRleHQQAhgEIAA,51.4278209,-0.1312371,Lambeth,
Streatham High Road,streatham_high_road,no,no,no,no,not_a_shop,Spa House,Building,Beauty & Wellness,"303 Streatham High Rd, London",SW16 3NQ,,,,,ChIJ7SauUpAGdkgRkgZaNe2fduQ,https://maps.google.com/?cid=16462521329050584722&g_mp=Cidnb29nbGUubWFwcy5wbGFjZXMudjEuUGxhY2VzLlNlYXJjaFRleHQQAhgEIAA,51.417808,-0.1264793,Lambeth,
Streatham High Road,streatham_high_road,no,no,no,no,shop,Khartoum Market,Store,Home & Living,"304-306 Streatham High Rd, London",SW16 6HG,+44 20 3417 3320,,4.1,17,ChIJ922XI2MHdkgRb9hWYzNp-L0,https://maps.google.com/?cid=13688806736823507055&g_mp=Cidnb29nbGUubWFwcy5wbGFjZXMudjEuUGxhY2VzLlNlYXJjaFRleHQQAhgEIAA,51.427768199999996,-0.1312557,Lambeth,
Streatham High Road,streatham_high_road,yes,no,yes,no,shop,Lael,Hair salon,Beauty & Wellness,"308 Streatham High Rd, London",SW16 6HG,+44 20 8677 2180,https://laellondon.com/,3.8,37,ChIJgabxTp0HdkgR0swl8p-cwV4,https://maps.google.com/?cid=6827910720846679250&g_mp=Cidnb29nbGUubWFwcy5wbGFjZXMudjEuUGxhY2VzLlNlYXJjaFRleHQQAhgEIAA,51.42765,-0.1312942,Lambeth,
Streatham High Road,streatham_high_road,yes,no,no,no,shop,Deka's Boutique,Clothing store,Fashion & Apparel,"310 Streatham High Rd, London",SW16 6HG,,,5,1,ChIJ15ljd6IHdkgRSTCw8l4Jnbk,https://maps.google.com/?cid=13374856771763449929&g_mp=Cidnb29nbGUubWFwcy5wbGFjZXMudjEuUGxhY2VzLlNlYXJjaFRleHQQAhgEIAA,51.427572999999995,-0.13133039999999999,Lambeth,
Streatham High Road,streatham_high_road,no,no,no,no,shop,Khalid Phone Shop,Cell phone store,Tech & Gadgets,"316A Streatham High Rd, London",SW16 6HG,+44 7384 000619,,5,2,ChIJvSigHKsHdkgRjIax44rkr6w,https://maps.google.com/?cid=12443415580624651916&g_mp=Cidnb29nbGUubWFwcy5wbGFjZXMudjEuUGxhY2VzLlNlYXJjaFRleHQQAhgEIAA,51.4274683,-0.1313329,Lambeth,
Streatham High Road,streatham_high_road,no,no,yes,yes,shop,TheeBrowFix,Beauty salon,Beauty & Wellness,"324 Streatham High Rd, London",SW16 6HH,+44 7496 587833,https://theebrowfix.as.me/schedule.php,5,76,ChIJL_P5tlkHdkgRZ_e6P7MMpuc,https://maps.google.com/?cid=16692043032903219047&g_mp=Cidnb29nbGUubWFwcy5wbGFjZXMudjEuUGxhY2VzLlNlYXJjaFRleHQQAhgEIAA,51.4270911,-0.13138539999999999,Lambeth,
Streatham High Road,streatham_high_road,yes,no,yes,no,shop,Yemaya London Beauty,Beauty salon,Beauty & Wellness,"324 Streatham High Rd, London",SW16 6HH,+44 20 8616 9090,http://www.yemayalondonbeauty.com/,4.8,253,ChIJk4xKdSEHdkgRIaEzbMLWKLw,https://maps.google.com/?cid=13558322808726200609&g_mp=Cidnb29nbGUubWFwcy5wbGFjZXMudjEuUGxhY2VzLlNlYXJjaFRleHQQAhgEIAA,51.4270911,-0.13138539999999999,Lambeth,
Streatham High Road,streatham_high_road,no,no,yes,yes,shop,"MM home improvement, bathrooms and kitchens fitters streatham",General contractor,Home & Living,"Premier House, 325 Streatham High Rd, London",SW16 3NT,+44 7476 699497,https://mm-home-improvement.com/,5,38,ChIJCTpK4BqhXm4RF9O5msjifrc,https://maps.google.com/?cid=13222254907223560983&g_mp=Cidnb29nbGUubWFwcy5wbGFjZXMudjEuUGxhY2VzLlNlYXJjaFRleHQQAhgEIAA,51.4173706,-0.1262637,Lambeth,
Streatham High Road,streatham_high_road,yes,no,no,no,shop,Ayan Hair and Beauty,Cosmetics store,Beauty & Wellness,"334 Streatham High Rd, London",SW16 6HH,+44 20 8677 3844,,4.9,1014,ChIJsw921ZsHdkgRFwKETEzSqa0,https://maps.google.com/?cid=12513764264768700951&g_mp=Cidnb29nbGUubWFwcy5wbGFjZXMudjEuUGxhY2VzLlNlYXJjaFRleHQQAhgEIAA,51.4269104,-0.1314723,Lambeth,
Streatham High Road,streatham_high_road,no,no,yes,yes,shop,Café Barcelona,Cafe,Food & Drink,"Gleneagle Court, 344 Streatham High Rd, London",SW16 6HH,+44 20 8769 9169,http://www.cafebarcelonalondon.co.uk/,4.6,575,ChIJzdEXeoMGdkgRin-VlonsvmE,https://maps.google.com/?cid=7043326942935089034&g_mp=Cidnb29nbGUubWFwcy5wbGFjZXMudjEuUGxhY2VzLlNlYXJjaFRleHQQAhgEIAA,51.426542299999994,-0.1315963,Lambeth,
Streatham High Road,streatham_high_road,yes,no,yes,no,shop,Raw Bella AVEDA,Hair salon,Beauty & Wellness,"Gleneagle Court, 344B Streatham High Rd, London",SW16 6HH,+44 20 7018 2830,https://rawbella.co.uk/,4.6,387,ChIJz8gxdIMGdkgRpZI_RMorYpE,https://maps.google.com/?cid=10475983830945600165&g_mp=Cidnb29nbGUubWFwcy5wbGFjZXMudjEuUGxhY2VzLlNlYXJjaFRleHQQAhgEIAA,51.4266643,-0.13151169999999998,Lambeth,
Streatham High Road,streatham_high_road,no,no,yes,yes,shop,Discount Carpets,Building materials store,Home & Living,"Streatham Railway Station, 380 Streatham High Rd, London",SW16 6HP,+44 20 8677 7010,https://discountcarpets.shop/,3.9,39,ChIJadFtgoQGdkgRWdpVTw-neY4,https://maps.google.com/?cid=10266420509765130841&g_mp=Cidnb29nbGUubWFwcy5wbGFjZXMudjEuUGxhY2VzLlNlYXJjaFRleHQQAhgEIAA,51.4255972,-0.1311887,Lambeth,
Streatham High Road,streatham_high_road,no,no,yes,yes,shop,Creams Cafe Streatham,Dessert restaurant,Food & Drink,"Tesco Extra, 384 Streatham High Rd, London",SW16 6HP,+44 20 8050 1814,https://www.creamscafe.com/,4.2,173,ChIJi2MCRWwHdkgR1sCk0M5sPWI,https://maps.google.com/?cid=7078933824815808726&g_mp=Cidnb29nbGUubWFwcy5wbGFjZXMudjEuUGxhY2VzLlNlYXJjaFRleHQQAhgEIAA,51.4249922,-0.13133809999999999,Lambeth,
Streatham High Road,streatham_high_road,no,yes,yes,yes,shop,F&F Clothing,Clothing store,Fashion & Apparel,"384 Streatham High Rd, London",SW16 6HP,+44 345 610 2912,https://www.tesco.com/store-locator/london/384-streatham-high-road/f-f-clothing?sc_cmp=ref*yg*stc*4342&utm_source=yext_google&utm_campaign=local_f-f_England&utm_medium=organic,,,ChIJ95PWROMHdkgRC3NT95hok3c,https://maps.google.com/?cid=8616345518283649803&g_mp=Cidnb29nbGUubWFwcy5wbGFjZXMudjEuUGxhY2VzLlNlYXJjaFRleHQQAhgEIAA,51.4247474,-0.130903,Lambeth,
Streatham High Road,streatham_high_road,yes,no,yes,no,not_a_shop,Streatham Ice and Leisure Centre - Active Lambeth,ice_skating_rink,Services & Experiences,"390 Streatham High Rd, London",SW16 6HX,+44 20 8677 5758,https://active.lambeth.gov.uk/locations/streatham/,4.1,1917,ChIJo956kYQGdkgR64Fe7TxsUcQ,https://maps.google.com/?cid=14146206913483669995&g_mp=Cidnb29nbGUubWFwcy5wbGFjZXMudjEuUGxhY2VzLlNlYXJjaFRleHQQAhgEIAA,51.423774099999996,-0.1310796,Lambeth,
Streatham High Road,streatham_high_road,no,no,yes,yes,shop,Streatham Skate Shop,Sporting goods store,Fashion & Apparel,"390 Streatham High Rd, London",SW16 6HX,+44 20 3441 1311,https://www.skatebooth.co.uk/,4.9,233,ChIJwVSWyuYHdkgRqN359txju1s,https://maps.google.com/?cid=6609986678783860136&g_mp=Cidnb29nbGUubWFwcy5wbGFjZXMudjEuUGxhY2VzLlNlYXJjaFRleHQQAhgEIAA,51.4237489,-0.13125520000000002,Lambeth,
Streatham High Road,streatham_high_road,yes,no,no,no,shop,Royal Barbers (Men’s Barbers Streatham),Barber shop,Services & Experiences,"Chimes Corner News, 392 Streatham High Rd, London",SW16 6HX,+44 20 8769 7335,,4.9,220,ChIJ1eiozuAHdkgRtuXJ8Ar8_Dg,https://maps.google.com/?cid=4106434084174685622&g_mp=Cidnb29nbGUubWFwcy5wbGFjZXMudjEuUGxhY2VzLlNlYXJjaFRleHQQAhgEIAA,51.4237915,-0.1303346,Lambeth,
Streatham High Road,streatham_high_road,no,no,yes,yes,shop,Ahsan Scooters Streatham,Services,Sports & Outdoor,"408 Streatham High Rd, London",SW16 6EX,+44 20 8677 9995,http://www.ahsanscooters.co.uk/,4.5,169,ChIJ4d-fJoUGdkgR066qt9-E8BI,https://maps.google.com/?cid=1364736783487250131&g_mp=Cidnb29nbGUubWFwcy5wbGFjZXMudjEuUGxhY2VzLlNlYXJjaFRleHQQAhgEIAA,51.4227552,-0.129806,Lambeth,
Streatham High Road,streatham_high_road,no,no,yes,yes,shop,Cut The Mustard,Coffee shop,Food & Drink,"Greyhound Courier & Car Servic, 420 Streatham High Rd, London",SW16 3SN,,https://cutthemustardcafe.com/,4.6,51,ChIJ9Z19RQAHdkgRPCUo6YuWlnw,https://maps.google.com/?cid=8977528434866005308&g_mp=Cidnb29nbGUubWFwcy5wbGFjZXMudjEuUGxhY2VzLlNlYXJjaFRleHQQAhgEIAA,51.4221359,-0.1293942,Lambeth,
Streatham High Road,streatham_high_road,no,no,no,no,shop,Tudorel Ltd,Liquor store,Home & Living,"Greyhound Courier & Car Servic, 420 Streatham High Rd, London",SW16 3SN,+44 20 8835 0065,,4.5,35,ChIJS00JOoUGdkgRNAhohvfRrnY,https://maps.google.com/?cid=8552003603465242676&g_mp=Cidnb29nbGUubWFwcy5wbGFjZXMudjEuUGxhY2VzLlNlYXJjaFRleHQQAhgEIAA,51.4221016,-0.1294456,Lambeth,
Streatham High Road,streatham_high_road,no,no,yes,yes,shop,Brazilian Style,Beauty salon,Beauty & Wellness,"422A Streatham High Rd, London",SW16 3SN,+44 20 8333 7563,https://brazilian-style.ueniweb.com/?utm_campaign=gmb,4.2,15,ChIJL-AqN4UGdkgR7pv0-5M6qcc,https://maps.google.com/?cid=14387094891873475566&g_mp=Cidnb29nbGUubWFwcy5wbGFjZXMudjEuUGxhY2VzLlNlYXJjaFRleHQQAhgEIAA,51.422022999999996,-0.12933509999999998,Lambeth,
Streatham High Road,streatham_high_road,yes,no,yes,no,shop,The Black Kitchen,Soul food restaurant,Food & Drink,"426 Streatham High Rd, London",SW16 3PX,+44 7598 228096,https://www.theblackkitchen.co.uk/,4.4,332,ChIJxXRuPQAHdkgRBhNQ9LU4VEk,https://maps.google.com/?cid=5283910616951558918&g_mp=Cidnb29nbGUubWFwcy5wbGFjZXMudjEuUGxhY2VzLlNlYXJjaFRleHQQAhgEIAA,51.4215938,-0.1292567,Lambeth,
Streatham High Road,streatham_high_road,no,no,no,no,shop,La Panna,Coffee shop,Food & Drink,"436 Streatham High Rd, London",SW16 3PX,+44 20 3441 5565,,4.6,68,ChIJo9faRfAHdkgRaAeJ0TgggWk,https://maps.google.com/?cid=7602393074383783784&g_mp=Cidnb29nbGUubWFwcy5wbGFjZXMudjEuUGxhY2VzLlNlYXJjaFRleHQQAhgEIAA,51.421355299999995,-0.1289903,Lambeth,
Streatham High Road,streatham_high_road,no,no,yes,yes,shop,Xo-Tikka,Indian restaurant,Food & Drink,"437, 439 Streatham High Rd, London",SW16 3PH,+44 20 8623 1515,https://www.xotikka.co.uk/,4.8,716,ChIJD2z1eJYHdkgRFugnesfKOdw,https://maps.google.com/?cid=15868937720113391638&g_mp=Cidnb29nbGUubWFwcy5wbGFjZXMudjEuUGxhY2VzLlNlYXJjaFRleHQQAhgEIAA,51.4141182,-0.124142,Lambeth,
Streatham High Road,streatham_high_road,no,no,yes,yes,shop,Waakye Joint Streatham,Restaurant,Food & Drink,"440 Streatham High Rd, London",SW16 3PX,+44 20 8679 9055,https://waakyejointt.com/,4.2,134,ChIJEZxl8rEHdkgReXsdFug2-Io,https://maps.google.com/?cid=10013814141889641337&g_mp=Cidnb29nbGUubWFwcy5wbGFjZXMudjEuUGxhY2VzLlNlYXJjaFRleHQQAhgEIAA,51.421248,-0.128996,Lambeth,
Streatham High Road,streatham_high_road,no,no,yes,yes,shop,Norbury E-cycle & Scooter’s,Bicycle store,Sports & Outdoor,"441 Streatham High Rd, London",SW16 3PH,+44 7473 700383,https://www.instagram.com/norbury_e_cycle?igsh=MTExcjJ3MWJiemM0YQ==&utm_source=qr,4.7,83,ChIJx_-jjwQHdkgRZZP21aieAyQ,https://maps.google.com/?cid=2595092258276938597&g_mp=Cidnb29nbGUubWFwcy5wbGFjZXMudjEuUGxhY2VzLlNlYXJjaFRleHQQAhgEIAA,51.4139962,-0.12418340000000001,Lambeth,
Streatham High Road,streatham_high_road,no,no,yes,yes,shop,Moorish Lounge,Moroccan restaurant,Food & Drink,"Celita Court, 447 Streatham High Rd, London",SW16 3PH,+44 20 8764 6919,https://moorishlounge.co.uk/,4.8,188,ChIJafWn6pMGdkgRhxe10vhK75s,https://maps.google.com/?cid=11236282027860105095&g_mp=Cidnb29nbGUubWFwcy5wbGFjZXMudjEuUGxhY2VzLlNlYXJjaFRleHQQAhgEIAA,51.4138557,-0.12426229999999999,Lambeth,
Streatham High Road,streatham_high_road,yes,no,yes,no,shop,Always Natural,Hair salon,Beauty & Wellness,"450 Streatham High Rd, London",SW16 3PX,+44 7852 307528,https://alwaysnaturalsalon.co.uk/,4.8,109,ChIJ5eoHdr0HdkgRjU3RsbwTU2Y,https://maps.google.com/?cid=7373258716093697421&g_mp=Cidnb29nbGUubWFwcy5wbGFjZXMudjEuUGxhY2VzLlNlYXJjaFRleHQQAhgEIAA,51.4209423,-0.1289754,Lambeth,
Streatham High Road,streatham_high_road,no,no,yes,yes,shop,Rico's Barbers London,Barber shop,Services & Experiences,"Celita Court, 451 Streatham High Rd, London",SW16 3PH,+44 7984 336773,http://www.ricosbarbers.com/,4.5,70,ChIJU4_L6pMGdkgRSapcEgJADwc,https://maps.google.com/?cid=508695660558330441&g_mp=Cidnb29nbGUubWFwcy5wbGFjZXMudjEuUGxhY2VzLlNlYXJjaFRleHQQAhgEIAA,51.413771,-0.12431600000000001,Lambeth,
Streatham High Road,streatham_high_road,no,no,yes,yes,shop,Fit by Sonic,Health,Services & Experiences,"Immanuel & St Andrew Church, Immanuel and St Andrew’s Church Hall, 452 Streatham High Rd, Streatham Common S, London",SW16 3PY,+44 7765 256405,http://www.fitbysonic.com/,5,28,ChIJHaWCWJkxm2cROhAqWMhIeTk,https://maps.google.com/?cid=4141421357653692474&g_mp=Cidnb29nbGUubWFwcy5wbGFjZXMudjEuUGxhY2VzLlNlYXJjaFRleHQQAhgEIAA,51.4205907,-0.1286179,Lambeth,
Streatham High Road,streatham_high_road,no,no,no,no,shop,Twin Hair Lounge limited,Hair salon,Beauty & Wellness,"Celita Court, 453 Streatham High Rd, London",SW16 3PH,+44 7494 862320,,4.9,7,ChIJz-nfXpsHdkgReb8Euqr47og,https://maps.google.com/?cid=9867097245764337529&g_mp=Cidnb29nbGUubWFwcy5wbGFjZXMudjEuUGxhY2VzLlNlYXJjaFRleHQQAhgEIAA,51.413741599999994,-0.12432839999999999,Lambeth,
Streatham High Road,streatham_high_road,no,no,yes,yes,shop,Melta Norbury,Hamburger restaurant,Food & Drink,"457, 459 Streatham High Rd, London",SW16 3PH,+44 20 4568 7640,http://meltasmashburgers.co.uk/,4.9,149,ChIJx5FplGIHdkgRbDB4BXDh4F0,https://maps.google.com/?cid=6764654511554834540&g_mp=Cidnb29nbGUubWFwcy5wbGFjZXMudjEuUGxhY2VzLlNlYXJjaFRleHQQAhgEIAA,51.413633399999995,-0.1245073,Lambeth,
Streatham High Road,streatham_high_road,yes,no,yes,no,shop,The Bull,Pub,Food & Drink,"498 Streatham High Rd, London",SW16 3QB,+44 20 8764 4003,https://www.thebullstreatham.co.uk/,4.5,2400,ChIJ2fCVI5AGdkgR-ovtHBbXlKU,https://maps.google.com/?cid=11931397802785868794&g_mp=Cidnb29nbGUubWFwcy5wbGFjZXMudjEuUGxhY2VzLlNlYXJjaFRleHQQAhgEIAA,51.4194257,-0.1284189,Lambeth,
Streatham High Road,streatham_high_road,no,no,yes,no,not_a_shop,Another Planet,Indoor playground,Kids & Family,"524-528 Streatham High Rd, London",SW16 3QF,+44 7379 594560,https://www.anotherplanetplay.com/,4.8,404,ChIJIR2yE7oHdkgRLR0ZU2-NW0I,https://maps.google.com/?cid=4781570938658954541&g_mp=Cidnb29nbGUubWFwcy5wbGFjZXMudjEuUGxhY2VzLlNlYXJjaFRleHQQAhgEIAA,51.417991,-0.12731119999999999,Lambeth,
Streatham High Road,streatham_high_road,yes,no,yes,no,shop,Little Jannah Organic Hair & Beauty Spa (Ladies Only),Beauty salon,Beauty & Wellness,"530, 532 Streatham High Rd, London",SW16 3QF,+44 20 8765 9443,http://www.littlejannah.co.uk/,4.2,90,ChIJlej1s5EGdkgR5CwBrM9pOmo,https://maps.google.com/?cid=7654546857334484196&g_mp=Cidnb29nbGUubWFwcy5wbGFjZXMudjEuUGxhY2VzLlNlYXJjaFRleHQQAhgEIAA,51.417870799999996,-0.127154,Lambeth,
Streatham High Road,streatham_high_road,no,no,yes,yes,shop,Spectra Tiles,Building materials store,Home & Living,"544 Streatham High Rd, London",SW16 3QF,+44 7949 160609,https://www.spectratileandhome.com/,5,42,ChIJs9zF1fEHdkgRJmDG9h72vL0,https://maps.google.com/?cid=13672073181639630886&g_mp=Cidnb29nbGUubWFwcy5wbGFjZXMudjEuUGxhY2VzLlNlYXJjaFRleHQQAhgEIAA,51.417553899999994,-0.1270928,Lambeth,
Streatham High Road,streatham_high_road,yes,no,no,no,shop,Images Of Streatham,Hair salon,Beauty & Wellness,"Copes Pharmacy, 568 Streatham High Rd, London",SW16 3QQ,+44 20 8679 3208,,4.4,22,ChIJw3C-o5EGdkgR5A2BabgRrFQ,https://maps.google.com/?cid=6101271078921899492&g_mp=Cidnb29nbGUubWFwcy5wbGFjZXMudjEuUGxhY2VzLlNlYXJjaFRleHQQAhgEIAA,51.4167804,-0.12623689999999999,Lambeth,
Streatham High Road,streatham_high_road,no,no,yes,yes,shop,Snak Tank Coffee Shop & Restaurant Streatham,Coffee shop,Food & Drink,"580 Streatham High Rd, London",SW16 3QQ,+44 20 3876 7836,http://snaktank.co.uk/,4.8,91,ChIJi-_vnxYHdkgRwjrqJyugz1g,https://maps.google.com/?cid=6399509702730463938&g_mp=Cidnb29nbGUubWFwcy5wbGFjZXMudjEuUGxhY2VzLlNlYXJjaFRleHQQAhgEIAA,51.4165358,-0.1260366,Lambeth,
Streatham High Road,streatham_high_road,no,no,no,no,shop,Computec Computer Solutions Ltd,electronics_store,Tech & Gadgets,"630 Streatham High Rd, London",SW16 3QL,+44 20 8679 1717,,5,16,ChIJw3C-o5EGdkgRZldSzqTMidM,https://maps.google.com/?cid=15242939422020360038&g_mp=Cidnb29nbGUubWFwcy5wbGFjZXMudjEuUGxhY2VzLlNlYXJjaFRleHQQAhgEIAA,51.414755,-0.12431800000000001,Lambeth,
Streatham High Road,streatham_high_road,no,no,yes,yes,shop,De Ver Cycles,Bicycle store,Sports & Outdoor,"632-636 Streatham High Rd, London",SW16 3QL,+44 20 8679 6197,http://www.devercycles.co.uk/,4.4,247,ChIJdQEN55MGdkgRskipuwPs-WY,https://maps.google.com/?cid=7420221361847093426&g_mp=Cidnb29nbGUubWFwcy5wbGFjZXMudjEuUGxhY2VzLlNlYXJjaFRleHQQAhgEIAA,51.4147037,-0.1243142,Lambeth,
Streatham High Road,streatham_high_road,no,no,yes,yes,shop,Team De Ver Cycling Club,Sports club,Sports & Outdoor,"632-636 Streatham High Rd, London",SW16 3QL,+44 20 8679 6197,http://www.teamdever.co.uk/,5,22,ChIJfZBOD2cHdkgRYGZDklq-qeo,https://maps.google.com/?cid=16909255572149462624&g_mp=Cidnb29nbGUubWFwcy5wbGFjZXMudjEuUGxhY2VzLlNlYXJjaFRleHQQAhgEIAA,51.4146188,-0.1242639,Lambeth,
Streatham High Road,streatham_high_road,no,yes,yes,yes,shop,Toolstation Norbury,Hardware store,Home & Living,"668 Streatham High Rd, London",SW16 3QL,+44 330 333 3303,https://www.toolstation.com/?utm_source=google&utm_medium=local&utm_campaign=LH&y_source=1_NTU1ODg3NjQtNzE1LWxvY2F0aW9uLndlYnNpdGU%3D,4.4,232,ChIJw5oBzdEHdkgRuL__u2EalT8,https://maps.google.com/?cid=4581597202987597752&g_mp=Cidnb29nbGUubWFwcy5wbGFjZXMudjEuUGxhY2VzLlNlYXJjaFRleHQQAhgEIAA,51.4136223,-0.1248045,Lambeth,
Streatham High Road,streatham_high_road,no,no,yes,yes,shop,AZ Bright Store,Cell phone store,Tech & Gadgets,"Streatham High Rd, London",SW16 1BU,+44 7405 037449,https://www.azbrightstore.com/,,,ChIJN36MEvgFdkgRGWqGjsj2ND4,https://maps.google.com/?cid=4482478870385551897&g_mp=Cidnb29nbGUubWFwcy5wbGFjZXMudjEuUGxhY2VzLlNlYXJjaFRleHQQAhgEIAA,51.4359612,-0.1280536,Lambeth,
Streatham High Road,streatham_high_road,yes,no,yes,no,shop,Belles Mains Couture,tailor,Fashion & Apparel,"Streatham Ct., Streatham High Rd, London",SW16 1DL,+44 7475 590912,https://www.bellesmainscouture.co.uk/,5,1,ChIJQ7LY0rsFdkgRRfgx5Uh25BM,https://maps.google.com/?cid=1433400636865640517&g_mp=Cidnb29nbGUubWFwcy5wbGFjZXMudjEuUGxhY2VzLlNlYXJjaFRleHQQAhgEIAA,51.436172299999996,-0.1284534,Lambeth,
Streatham High Road,streatham_high_road,no,no,yes,yes,shop,Bless Bakes,Bakery,Food & Drink,"Previously in Tooting Market, Streatham High Rd, London",SW16 1DL,+44 7341 220494,https://blessbakes.co.uk/,5,255,ChIJ6VM04q4HdkgRls434eahD5w,https://maps.google.com/?cid=11245384807560498838&g_mp=Cidnb29nbGUubWFwcy5wbGFjZXMudjEuUGxhY2VzLlNlYXJjaFRleHQQAhgEIAA,51.4358674,-0.12740959999999998,Lambeth,
Streatham High Road,streatham_high_road,no,no,no,no,not_a_shop,Children's playground,Playground,Kids & Family,"Streatham High Rd, London",SW16 3NN,,,4.5,88,ChIJRTrLtZoGdkgRexgWpDo1bkQ,https://maps.google.com/?cid=4930937167994558587&g_mp=Cidnb29nbGUubWFwcy5wbGFjZXMudjEuUGxhY2VzLlNlYXJjaFRleHQQAhgEIAA,51.4215435,-0.1280272,Lambeth,
Streatham High Road,streatham_high_road,no,no,no,no,shop,"Dream stitches bespoke interiors London, UK",General contractor,Home & Living,"Streatham High Rd, London",SW16 1AR,+44 7983 802373,,,,ChIJgb-BgYYHdkgR-YjijT5BcPI,https://maps.google.com/?cid=17469534691494365433&g_mp=Cidnb29nbGUubWFwcy5wbGFjZXMudjEuUGxhY2VzLlNlYXJjaFRleHQQAhgEIAA,51.4255978,-0.1308087,Lambeth,
Streatham High Road,streatham_high_road,no,no,no,no,shop,Fluffiiknot,Store,Art & Culture,"Streatham High Rd, London",SW16 5AS,,,,,ChIJRebNu-sHdkgR-YIcev0fbAM,https://maps.google.com/?cid=246607253134410489&g_mp=Cidnb29nbGUubWFwcy5wbGFjZXMudjEuUGxhY2VzLlNlYXJjaFRleHQQAhgEIAA,51.4253352,-0.1305288,Lambeth,
Streatham High Road,streatham_high_road,no,no,no,no,shop,George's Mobile Barber London,Barber shop,Services & Experiences,"Konica Photo Express, Streatham High Rd, London",SW16 6HG,+44 7962 362632,,4.9,56,ChIJ51TtnoQGdkgRu7dO7QbLr3k,https://maps.google.com/?cid=8768450230125246395&g_mp=Cidnb29nbGUubWFwcy5wbGFjZXMudjEuUGxhY2VzLlNlYXJjaFRleHQQAhgEIAA,51.427836799999994,-0.1312204,Lambeth,
Streatham High Road,streatham_high_road,no,no,yes,yes,shop,ODAK,Manufacturer,Fashion & Apparel,"Streatleigh Parade, Streatham High Rd, London",SW16 1EQ,+44 20 8677 1177,http://www.odak.co.uk/,4.5,76,ChIJPxTBuSUEdkgRGNBpqQKpFtg,https://maps.google.com/?cid=15570818590577381400&g_mp=Cidnb29nbGUubWFwcy5wbGFjZXMudjEuUGxhY2VzLlNlYXJjaFRleHQQAhgEIAA,51.438055299999995,-0.1271148,Lambeth,
Streatham High Road,streatham_high_road,no,no,yes,yes,shop,OhanaBeautyUK,Beauty salon,Beauty & Wellness,"Streatham High Rd, London",SW16 1HJ,+44 7429 831956,http://ohanabeautyuk.as.me/,5,9,ChIJL78CzQZCcKIR3FH5Mjn514A,https://maps.google.com/?cid=9284163180911219164&g_mp=Cidnb29nbGUubWFwcy5wbGFjZXMudjEuUGxhY2VzLlNlYXJjaFRleHQQAhgEIAA,51.425225499999996,-0.1306737,Lambeth,
Streatham High Road,streatham_high_road,yes,yes,yes,no,shop,Tapi Carpets & Floors,Building materials store,Home & Living,"Astoria Parade, Streatham High Rd, London",SW16 1PR,+44 20 8092 7680,https://www.tapi.co.uk/stores/streatham?utm_source=google&utm_medium=organic&utm_content=streatham&utm_campaign=g+business,4.8,171,ChIJpwmCLIsFdkgRLoE_F7msyNg,https://maps.google.com/?cid=15620925218493530414&g_mp=Cidnb29nbGUubWFwcy5wbGFjZXMudjEuUGxhY2VzLlNlYXJjaFRleHQQAhgEIAA,51.4328493,-0.1284669,Lambeth,
Streatham High Road,streatham_high_road,no,yes,yes,yes,shop,Timpson,Services,Fashion & Apparel,"Tesco, Streatham High Rd, London",SW16 6HW,+44 20 8769 7976,https://www.timpson.co.uk/stores/streatham-tesco-1/,4.2,130,ChIJadFtgoQGdkgRryFd8a4reUg,https://maps.google.com/?cid=5222253273286517167&g_mp=Cidnb29nbGUubWFwcy5wbGFjZXMudjEuUGxhY2VzLlNlYXJjaFRleHQQAhgEIAA,51.4246882,-0.1314098,Lambeth,
Streatham High Road,streatham_high_road,no,no,no,no,shop,WOMEN HEALTH & WELLNESS صحت المرأة و الرفاهية,Massage spa,Beauty & Wellness,"Streatham High Rd, London",SW16 6EG,+44 7547 571577,,,,ChIJV2ZsBYoHdkgR34267TUuyAM,https://maps.google.com/?cid=272518586612485599&g_mp=Cidnb29nbGUubWFwcy5wbGFjZXMudjEuUGxhY2VzLlNlYXJjaFRleHQQAhgEIAA,51.42831030000001,-0.13087759999999998,Lambeth,
