placeId,name,category,categories,type,address,postcode,district,corridor,city,phone,website,instagram,facebook,email,googleMapsUri,lat,lng,rating,reviews,businessStatus,borough
"ChIJdQKvO1Az30cReJ2kSwhjcfw","Beta Fine Art","Art & Culture","Art & Culture","Art gallery","Unit 1b, Hillgate Place, 18-20 Hillgate Pl, London","SW12 9ER","SW12","Balham","London","+44 20 8145 6781","http://www.betafineart.com/","","","","https://maps.google.com/?cid=18190429257206111608&g_mp=Cidnb29nbGUubWFwcy5wbGFjZXMudjEuUGxhY2VzLlNlYXJjaFRleHQQAhgEIAA","51.4504837","-0.14852079999999998","5","12","OPERATIONAL","Wandsworth"
"ChIJvWrlHbYFdkgRurY9VAh8nrA","Landon Design - London Art Gallery Events Paintings & Mirrors","Art & Culture","Art & Culture","Event venue","Grand Parade, 37 Balham Hill, London","SW12 9DX","SW12","Balham","London","+44 7763 056820","https://www.landondesign.co.uk/","","","","https://maps.google.com/?cid=12726745972210513594&g_mp=Cidnb29nbGUubWFwcy5wbGFjZXMudjEuUGxhY2VzLlNlYXJjaFRleHQQAhgEIAA","51.4519143","-0.147567","4.3","68","OPERATIONAL","Wandsworth"
"ChIJ9aBAO88FdkgRMcYElw7meyU","Mimi V Artworks","Art & Culture","Art & Culture","Store","81 Balham High Rd, London","SW12 9AP","SW12","Balham","London","+44 7506 069300","http://www.mimivartworks.com/","","","","https://maps.google.com/?cid=2701005351876347441&g_mp=Cidnb29nbGUubWFwcy5wbGFjZXMudjEuUGxhY2VzLlNlYXJjaFRleHQQAhgEIAA","51.4457034","-0.1502355","4.7","58","OPERATIONAL","Wandsworth"
"ChIJ_e2eAcIFdkgR94BDHa0kF38","Platform 1 Gallery","Art & Culture","Art & Culture","Art gallery","Jaggard Way, Platform1, Wandsworth Common Station, London","SW12 8SG","SW12","Balham","London","+44 7950 773779","http://www.platform1gallery.com/","","","","https://maps.google.com/?cid=9157828693220098295&g_mp=Cidnb29nbGUubWFwcy5wbGFjZXMudjEuUGxhY2VzLlNlYXJjaFRleHQQAhgEIAA","51.446443800000004","-0.16366419999999998","4","4","OPERATIONAL","Wandsworth"
"ChIJlw71VXUFdkgRgNL2Vwps1gY","Art Movement Gallery","Art & Culture","Art & Culture","Art gallery","163A St John's Hl, London","SW11 1TQ","SW11","Battersea","London","+44 7973 692494","http://www.art-movement.com/","","","","https://maps.google.com/?cid=492700000924914304&g_mp=Cidnb29nbGUubWFwcy5wbGFjZXMudjEuUGxhY2VzLlNlYXJjaFRleHQQAhgEIAA","51.4601356","-0.1770974","5","9","OPERATIONAL","Wandsworth"
"ChIJPzZkBqMFdkgRUSjanwPITYw","Battersea Arts Centre","Art & Culture","Art & Culture","Performing arts theater","Lavender Hill, London","SW11 5TN","SW11","Battersea","London","+44 20 7223 2223","http://www.bac.org.uk/","","","","https://maps.google.com/?cid=10109956656408963153&g_mp=Cidnb29nbGUubWFwcy5wbGFjZXMudjEuUGxhY2VzLlNlYXJjaFRleHQQAhgEIAA","51.4648502","-0.16069529999999999","4.6","1526","OPERATIONAL","Wandsworth"
"ChIJN6lSdUEFdkgRuKBz3wEnZYE","Clarendon Fine Art","Art & Culture","Art & Culture","Art gallery","Floor, Turbine Hall, Upper Ground, A The Power Station, The Power Station, London","SW11 8BZ","SW11","Battersea","London","+44 20 3745 8370","https://www.clarendonfineart.com/galleries/battersea-power-station/","","","","https://maps.google.com/?cid=9323901492537827512&g_mp=Cidnb29nbGUubWFwcy5wbGFjZXMudjEuUGxhY2VzLlNlYXJjaFRleHQQAhgEIAA","51.48167","-0.1456514","4.8","30","OPERATIONAL","Wandsworth"
"ChIJhTwNgN0FdkgRI4lY5q9qFzQ","Clarendon Fine Art Battersea","Art & Culture","Art & Culture","Art gallery","50 Northcote Rd, London","SW11 1PA","SW11","Battersea","London","+44 20 3475 5204","https://clarendonfineart.com/collections/battersea?utm_source=google&utm_medium=organic&utm_campaign=gbp-listing&utm_content=battersea","","","","https://maps.google.com/?cid=3753586118152980771&g_mp=Cidnb29nbGUubWFwcy5wbGFjZXMudjEuUGxhY2VzLlNlYXJjaFRleHQQAhgEIAA","51.458971399999996","-0.1664774","5","16","OPERATIONAL","Wandsworth"
"ChIJe50ItXcFdkgRcq6NX6whOiQ","Cooke Latham Gallery","Art & Culture","Art & Culture","Art gallery","41 Parkgate Rd, London","SW11 4NP","SW11","Battersea","London","","http://www.cookelathamgallery.com/","","","","https://maps.google.com/?cid=2610435958235836018&g_mp=Cidnb29nbGUubWFwcy5wbGFjZXMudjEuUGxhY2VzLlNlYXJjaFRleHQQAhgEIAA","51.4791087","-0.1674101","5","4","OPERATIONAL","Wandsworth"
"ChIJf-bG6HMFdkgRTDR4s9O0XTE","JGM Gallery","Art & Culture","Art & Culture","Art gallery","24 Howie St, London","SW11 4AY","SW11","Battersea","London","+44 20 7228 6027","http://www.jgmgallery.com/","","","","https://maps.google.com/?cid=3557198102034658380&g_mp=Cidnb29nbGUubWFwcy5wbGFjZXMudjEuUGxhY2VzLlNlYXJjaFRleHQQAhgEIAA","51.4792026","-0.169324","4.6","12","OPERATIONAL","Wandsworth"
"ChIJp8wTIQoFdkgRfj2LIu5mKkM","L & V Art and Design","Art & Culture","Art & Culture","Art gallery","Unit E7, The Imperial Laundry, 87 Warriner Gardens, London","SW11 4XW","SW11","Battersea","London","+44 7867 800178","https://www.landvdesign.com/","","","","https://maps.google.com/?cid=4839793922530819454&g_mp=Cidnb29nbGUubWFwcy5wbGFjZXMudjEuUGxhY2VzLlNlYXJjaFRleHQQAhgEIAA","51.4742391","-0.15864979999999998","5","1","OPERATIONAL","Wandsworth"
"ChIJN0GfraUFdkgRzi1OP5zpNiM","London Fine Art Studios","Art & Culture","Art & Culture","Educational institution","Unit 101, Battersea Business Centre, 99-109 Lavender Hill, London","SW11 5QL","SW11","Battersea","London","+44 20 7223 2360","http://www.londonfineartstudios.com/","","","","https://maps.google.com/?cid=2537472297356111310&g_mp=Cidnb29nbGUubWFwcy5wbGFjZXMudjEuUGxhY2VzLlNlYXJjaFRleHQQAhgEIAA","51.4652776","-0.15512209999999998","4.8","26","OPERATIONAL","Wandsworth"
"ChIJTRg8beoFdkgR_DiMSvow9eU","Lucinda Dalton Gallery","Art & Culture","Art & Culture","Art gallery","Northcote Rd, London","SW11 6HX","SW11","Battersea","London","","","","","","https://maps.google.com/?cid=16570204255530268924&g_mp=Cidnb29nbGUubWFwcy5wbGFjZXMudjEuUGxhY2VzLlNlYXJjaFRleHQQAhgEIAA","51.4536188","-0.1638579","","","OPERATIONAL","Wandsworth"
"ChIJJ4PM8S0ddkgR4K2IQV7SNvk","Matt's Gallery","Art & Culture","Art & Culture","Art gallery","6 Charles Clowes Walk, London","SW11 7AN","SW11","Battersea","London","+44 20 8067 3842","https://www.mattsgallery.org/","","","","https://maps.google.com/?cid=17957771866454666720&g_mp=Cidnb29nbGUubWFwcy5wbGFjZXMudjEuUGxhY2VzLlNlYXJjaFRleHQQAhgEIAA","51.4810376","-0.1324285","4.8","44","OPERATIONAL","Wandsworth"
"ChIJG3mjUegFdkgRUEcI0Zgul3k","Mulryan Gallery","Art & Culture","Art & Culture","Art gallery","47 Nine Elms Ln, London","SW11 7DH","SW11","Battersea","London","","http://www.mulryan-gallery.com/","","","","https://maps.google.com/?cid=8761522833949476688&g_mp=Cidnb29nbGUubWFwcy5wbGFjZXMudjEuUGxhY2VzLlNlYXJjaFRleHQQAhgEIAA","51.4822026","-0.1358266","","","OPERATIONAL","Wandsworth"
"ChIJ82LqlQUFdkgRU9nnDRZ-9Jo","Pump House Gallery","Art & Culture","Art & Culture","Art gallery","Battersea Park, London","SW11 4NJ","SW11","Battersea","London","+44 20 3959 0021","https://enablelc.org/events/venuehire/battersea-park-pump-house-gallery/","","","","https://maps.google.com/?cid=11165688009345980755&g_mp=Cidnb29nbGUubWFwcy5wbGFjZXMudjEuUGxhY2VzLlNlYXJjaFRleHQQAhgEIAA","51.479016099999996","-0.1547568","4.1","64","OPERATIONAL","Wandsworth"
"ChIJ63JmiQkFdkgRtfy6WuBS-Ps","Quantum Contemporary Art","Art & Culture","Art & Culture","Art gallery","87 Warriner Gardens, London","SW11 4XW","SW11","Battersea","London","+44 20 7498 6868","http://www.quantumart.co.uk/","","","","https://maps.google.com/?cid=18156353021292510389&g_mp=Cidnb29nbGUubWFwcy5wbGFjZXMudjEuUGxhY2VzLlNlYXJjaFRleHQQAhgEIAA","51.4742891","-0.1587264","5","7","OPERATIONAL","Wandsworth"
"ChIJS0b4_ksFdkgRPy8PBx-i0UA","The Artist's Cup","Art & Culture","Art & Culture","Art gallery","22 Battersea Rise, London","SW11 1EE","SW11","Battersea","London","","https://theartistscup.com/","","","","https://maps.google.com/?cid=4670692542706036543&g_mp=Cidnb29nbGUubWFwcy5wbGFjZXMudjEuUGxhY2VzLlNlYXJjaFRleHQQAhgEIAA","51.4610838","-0.1642257","5","15","OPERATIONAL","Wandsworth"
"ChIJ5R48bb4FdkgRMjAZ8aH5n30","THE LAST SUPPER art gallery","Art & Culture","Art & Culture","Art gallery","38 Webb's Rd, London","SW11 6SF","SW11","Battersea","London","+44 20 7223 8900","http://www.the-lastsupper.com/","","","","https://maps.google.com/?cid=9052228249967996978&g_mp=Cidnb29nbGUubWFwcy5wbGFjZXMudjEuUGxhY2VzLlNlYXJjaFRleHQQAhgEIAA","51.4564435","-0.1627533","5","8","OPERATIONAL","Wandsworth"
"ChIJT6jGbb4FdkgRT8AOd4rStDU","Webbs Fine Art Gallery","Art & Culture","Art & Culture","Art gallery","1 Burland Rd, London","SW11 6SA","SW11","Battersea","London","+44 20 7223 1733","http://www.webbsfineartgallery.co.uk/","","","","https://maps.google.com/?cid=3869949471962873935&g_mp=Cidnb29nbGUubWFwcy5wbGFjZXMudjEuUGxhY2VzLlNlYXJjaFRleHQQAhgEIAA","51.456393","-0.1623642","4.7","42","OPERATIONAL","Wandsworth"
"ChIJ39hWsssPdkgRgLTwhgAA4EY","BobCat Gallery","Art & Culture","Art & Culture","point_of_interest","Putney Exchange Shopping Centre, London","SW15 1TW","SW15","Putney","London","","http://www.bobcatgallery.co.uk/","","","","https://maps.google.com/?cid=5107081979702064256&g_mp=Cidnb29nbGUubWFwcy5wbGFjZXMudjEuUGxhY2VzLlNlYXJjaFRleHQQAhgEIAA","51.4632054","-0.21662789999999998","4.7","7","OPERATIONAL","Wandsworth"
"ChIJZ-9cyg4PdkgRR9-Rd1gnZBQ","The Russell Gallery","Art & Culture","Art & Culture","Art gallery","12 Lower Richmond Rd., London","SW15 1JP","SW15","Putney","London","+44 20 8780 5228","http://www.russell-gallery.com/","","","","https://maps.google.com/?cid=1469342639346278215&g_mp=Cidnb29nbGUubWFwcy5wbGFjZXMudjEuUGxhY2VzLlNlYXJjaFRleHQQAhgEIAA","51.467234399999995","-0.2180614","4.8","12","OPERATIONAL","Wandsworth"
"ChIJ4UHib4MPdkgRmv2XnLoQwSU","The Upstart Gallery","Art & Culture","Art & Culture","Art gallery","161 Lower Richmond Rd., London","SW15 1HH","SW15","Putney","London","+44 7989 906415","http://www.theartbuyer.co.uk/","","","","https://maps.google.com/?cid=2720474043585658266&g_mp=Cidnb29nbGUubWFwcy5wbGFjZXMudjEuUGxhY2VzLlNlYXJjaFRleHQQAhgEIAA","51.4683016","-0.2242799","5","1","OPERATIONAL","Wandsworth"
"ChIJF4qerAMPdkgRjt7QHYHjeaY","Daphne Stephenson Art","Art & Culture","Art & Culture","art_studio","10, Wimbledon Art Studios, Riverside Yard, London","SW17 0BB","SW17","Tooting","London","+44 7709 431680","https://www.daphne-stephenson.com/www.daphnestephensonshop.com","","","","https://maps.google.com/?cid=11995869226168540814&g_mp=Cidnb29nbGUubWFwcy5wbGFjZXMudjEuUGxhY2VzLlNlYXJjaFRleHQQAhgEIAA","51.432612999999996","-0.18767699999999998","5","3","OPERATIONAL","Wandsworth"
"ChIJ7dscdFUPdkgR0h2X0fPhpHA","Delta House Studios","Art & Culture","Art & Culture","Art studio","The Swan Centre, Riverside Rd, London","SW17 0BA","SW17","Tooting","London","+44 330 122 6771","http://deltahousestudios.co.uk/","","","","https://maps.google.com/?cid=8116860865738120658&g_mp=Cidnb29nbGUubWFwcy5wbGFjZXMudjEuUGxhY2VzLlNlYXJjaFRleHQQAhgEIAA","51.4333343","-0.1886302","4.8","52","OPERATIONAL","Wandsworth"
"ChIJ3ziIrtsFdkgRdKt9qx51lD4","gallerymidnight","Art & Culture","Art & Culture","Art gallery","12 Ritherdon Rd, London","SW17 8QD","SW17","Tooting","London","+44 20 8772 4747","http://www.gallerymidnight.com/?utm_source=google&utm_medium=local&utm_campaign=1&utm_content=primary","","","","https://maps.google.com/?cid=4509357901491317620&g_mp=Cidnb29nbGUubWFwcy5wbGFjZXMudjEuUGxhY2VzLlNlYXJjaFRleHQQAhgEIAA","51.438185499999996","-0.15550490000000003","4.9","19","OPERATIONAL","Wandsworth"
"ChIJpb7ghQkHdkgRRRG9bxI3Vck","Love Art Tooting","Art & Culture","Art & Culture|Kids & Family","Art gallery","Unit 24b, 21-23 Tooting High St, London","SW17 0SN","SW17","Tooting","London","","https://www.instagram.com/love_art_tooting/","https://www.instagram.com/love_art_tooting/","","","https://maps.google.com/?cid=14507562326967521605&g_mp=Cidnb29nbGUubWFwcy5wbGFjZXMudjEuUGxhY2VzLlNlYXJjaFRleHQQAhgEIAA","51.428810899999995","-0.16587449999999998","5","8","OPERATIONAL","Wandsworth"
"ChIJvRWSoEwHdkgRBy_MFLzSvJU","Maat African Art","Art & Culture","Art & Culture","Art gallery","Until 16, 21 - 23 Tooting High St, London","SW17 0SN","SW17","Tooting","London","+44 7939 076033","https://maatafricanart.co.uk/","","","","https://maps.google.com/?cid=10789730512517476103&g_mp=Cidnb29nbGUubWFwcy5wbGFjZXMudjEuUGxhY2VzLlNlYXJjaFRleHQQAhgEIAA","51.4289129","-0.1663327","5","68","OPERATIONAL","Wandsworth"
"ChIJAzebnd4FdkgRGks-ygfhKBg","MAGAN Gallery London","Art & Culture","Art & Culture","Art gallery","16 Trinity Rd, London","SW17 7RE","SW17","Tooting","London","+44 7934 220685","http://magangallery.com/","","","","https://maps.google.com/?cid=1740888679552797466&g_mp=Cidnb29nbGUubWFwcy5wbGFjZXMudjEuUGxhY2VzLlNlYXJjaFRleHQQAhgEIAA","51.436056","-0.16015649999999998","4.2","10","OPERATIONAL","Wandsworth"
"ChIJAxMFmOkFdkgRVzPYQ74xlFM","Oliver Contemporary","Art & Culture","Art & Culture","Art gallery","17 Bellevue Rd, London","SW17 7EG","SW17","Tooting","London","+44 20 8767 8822","http://www.olivercontemporary.co.uk/","","","","https://maps.google.com/?cid=6022493294952985431&g_mp=Cidnb29nbGUubWFwcy5wbGFjZXMudjEuUGxhY2VzLlNlYXJjaFRleHQQAhgEIAA","51.445206999999996","-0.16637249999999998","4.8","4","OPERATIONAL","Wandsworth"
"ChIJj1Ocb1UPdkgRYqSGxmuwgFc","Wimbledon Art Studios","Art & Culture","Art & Culture","Art studio","Riverside Yard, 10 Riverside Yard, London","SW17 0BB","SW17","Tooting","London","+44 20 8947 1183","http://wimbledonartstudios.co.uk/","","","","https://maps.google.com/?cid=6305233455257396322&g_mp=Cidnb29nbGUubWFwcy5wbGFjZXMudjEuUGxhY2VzLlNlYXJjaFRleHQQAhgEIAA","51.432612999999996","-0.18767699999999998","4.8","175","OPERATIONAL","Wandsworth"
"ChIJnfoutOUFdkgRM33OexvymKM","art-K Wandsworth","Art & Culture","Art & Culture","Educational institution","93 East Hill, London","SW18 2QD","SW18","Wandsworth / Earlsfield","London","+44 20 4635 5750","https://www.art-k.co.uk/class-wandsworth","","","","https://maps.google.com/?cid=11788438224497442099&g_mp=Cidnb29nbGUubWFwcy5wbGFjZXMudjEuUGxhY2VzLlNlYXJjaFRleHQQAhgEIAA","51.4572381","-0.1868212","5","9","OPERATIONAL","Wandsworth"
"ChIJVVXyAVkPdkgRkRKxdX-mJr0","Atkinsons'Kram Gallery","Art & Culture","Art & Culture","Art gallery","302 Garratt Ln, London","SW18 4EH","SW18","Wandsworth / Earlsfield","London","+44 7903 816492","http://kram-gallery.org/","","","","https://maps.google.com/?cid=13629764388648981137&g_mp=Cidnb29nbGUubWFwcy5wbGFjZXMudjEuUGxhY2VzLlNlYXJjaFRleHQQAhgEIAA","51.444235299999995","-0.1905964","5","1","OPERATIONAL","Wandsworth"
"ChIJMc1rAlkPdkgRD6ZTm0njUcY","La Galleria","Art & Culture","Art & Culture","Store","298 Garratt Ln, London","SW18 4EH","SW18","Wandsworth / Earlsfield","London","+44 20 8874 9838","http://www.lagallerialondon.com/","","","","https://maps.google.com/?cid=14290452997901362703&g_mp=Cidnb29nbGUubWFwcy5wbGFjZXMudjEuUGxhY2VzLlNlYXJjaFRleHQQAhgEIAA","51.444342899999995","-0.1906347","4.6","52","OPERATIONAL","Wandsworth"
"ChIJR59ALdcEdkgRJnhr62IZ8yI","Studio Artnuances Ltd","Art & Culture","Art & Culture","Art gallery","Battersea Reach, unit A, Ensign House, Juniper Dr, London","SW18 1TA","SW18","Wandsworth / Earlsfield","London","+39 324 889 4309","http://www.artnuances.com/","","","","https://maps.google.com/?cid=2518384529277417510&g_mp=Cidnb29nbGUubWFwcy5wbGFjZXMudjEuUGxhY2VzLlNlYXJjaFRleHQQAhgEIAA","51.4639811","-0.184103","5","1","OPERATIONAL","Wandsworth"
"ChIJtw2VQocFdkgR3S4ExhsxCN4","The FTSQ Gallery","Art & Culture","Art & Culture","Art gallery","25 John Archer Way, London","SW18 2TQ","SW18","Wandsworth / Earlsfield","London","+44 7971 858894","http://www.ftsqgallery.co.uk/","","","","https://maps.google.com/?cid=15999091671589727965&g_mp=Cidnb29nbGUubWFwcy5wbGFjZXMudjEuUGxhY2VzLlNlYXJjaFRleHQQAhgEIAA","51.4543073","-0.17539059999999998","5","1","OPERATIONAL","Wandsworth"
"ChIJSaUO3w0FdkgRnNOVX14hEyQ","WIP Space Studios","Art & Culture","Art & Culture","point_of_interest","Wentworth House, Dormay St, London","SW18 1EY","SW18","Wandsworth / Earlsfield","London","","http://www.wipspace.co.uk/","","","","https://maps.google.com/?cid=2599458099137205148&g_mp=Cidnb29nbGUubWFwcy5wbGFjZXMudjEuUGxhY2VzLlNlYXJjaFRleHQQAhgEIAA","51.459279599999995","-0.1942777","4.8","12","OPERATIONAL","Wandsworth"
"ChIJEfgOUc4PdkgRonNNpdhwDHk","Your Creative Space","Art & Culture","Art & Culture","Educational institution","345 Garratt Ln, London","SW18 4DX","SW18","Wandsworth / Earlsfield","London","+44 20 8037 8286","http://www.yourcreativespace.org/","","","","https://maps.google.com/?cid=8722470654098371490&g_mp=Cidnb29nbGUubWFwcy5wbGFjZXMudjEuUGxhY2VzLlNlYXJjaFRleHQQAhgEIAA","51.4460853","-0.1891671","4.9","71","OPERATIONAL","Wandsworth"
"ChIJ_3GxtbsLdkgRBUYUTscCFgw","Ad Lib Gallery","Art & Culture","Art & Culture","Art gallery","10 Church Rd, London","SW19 5DL","SW19","Wimbledon / Southfields edge","London","+44 20 8944 8909","https://adlib.online/","","","","https://maps.google.com/?cid=870886632974468613&g_mp=Cidnb29nbGUubWFwcy5wbGFjZXMudjEuUGxhY2VzLlNlYXJjaFRleHQQAhgEIAA","51.4257467","-0.21706050000000002","4.9","20","OPERATIONAL","Wandsworth"
"ChIJeYQ3fB4JdkgRaBhCF3tIIjA","art-K Wimbledon Chase","Art & Culture","Art & Culture","Educational institution","152 Merton Hall Rd, London","SW19 3PZ","SW19","Wimbledon / Southfields edge","London","+44 20 4641 7442","https://www.art-k.co.uk/class-wimbledon-chase/","","","","https://maps.google.com/?cid=3468414356537088104&g_mp=Cidnb29nbGUubWFwcy5wbGFjZXMudjEuUGxhY2VzLlNlYXJjaFRleHQQAhgEIAA","51.4110367","-0.2094547","4.7","23","OPERATIONAL","Wandsworth"
"ChIJbWD7Xv4JdkgRuqvrKw3bBuM","Artfully Sorted","Art & Culture","Art & Culture","general_contractor","Brewery Tap, 60 High St, London","SW19 5EE","SW19","Wimbledon / Southfields edge","London","+44 7907 154383","http://www.artfullysorted.com/","","","","https://maps.google.com/?cid=16359003546087828410&g_mp=Cidnb29nbGUubWFwcy5wbGFjZXMudjEuUGxhY2VzLlNlYXJjaFRleHQQAhgEIAA","51.425441","-0.2187211","5","19","OPERATIONAL","Wandsworth"
"ChIJgXfTjtsJdkgRjg5GT0yotPE","Arty Corner","Art & Culture","Art & Culture","Art gallery","2-4 Leopold Rd, London","SW19 7BD","SW19","Wimbledon / Southfields edge","London","+44 800 644 2789","https://artycorner.uk/","","","","https://maps.google.com/?cid=17416730704649522830&g_mp=Cidnb29nbGUubWFwcy5wbGFjZXMudjEuUGxhY2VzLlNlYXJjaFRleHQQAhgEIAA","51.427319399999995","-0.20008279999999998","5","45","OPERATIONAL","Wandsworth"
"ChIJySVLqbAIdkgR9_qxY4p2WlU","Aubergine Art Gallery & Picture Framing","Art & Culture","Art & Culture","Art gallery","1 Queen's Rd, London","SW19 8NG","SW19","Wimbledon / Southfields edge","London","+44 20 8947 7838","http://aubergineart.co.uk/","","","","https://maps.google.com/?cid=6150358577878006519&g_mp=Cidnb29nbGUubWFwcy5wbGFjZXMudjEuUGxhY2VzLlNlYXJjaFRleHQQAhgEIAA","51.4205737","-0.2044587","4.5","47","OPERATIONAL","Wandsworth"
"ChIJ_6Slf84IdkgRGy3JgSLcC48","Clarendon Fine Art Wimbledon","Art & Culture","Art & Culture","Art gallery","37 High Street Wimbledon, London","SW19 5BY","SW19","Wimbledon / Southfields edge","London","+44 20 8947 9210","https://clarendonfineart.com/collections/wimbledon?utm_source=google&utm_medium=organic&utm_campaign=gbp-listing&utm_content=wimbledon","","","","https://maps.google.com/?cid=10307574212931955995&g_mp=Cidnb29nbGUubWFwcy5wbGFjZXMudjEuUGxhY2VzLlNlYXJjaFRleHQQAhgEIAA","51.4253869","-0.21988719999999998","4.8","21","OPERATIONAL","Wandsworth"
"ChIJs8wgZvYJdkgRycIVXqM8ndI","Delta House Studios 2","Art & Culture","Art & Culture","Art studio","Studio Way Lombard Industrial Estate, London","SW19 3EU","SW19","Wimbledon / Southfields edge","London","+44 330 122 6771","http://www.deltahousestudios.co.uk/","","","","https://maps.google.com/?cid=15176352991664259785&g_mp=Cidnb29nbGUubWFwcy5wbGFjZXMudjEuUGxhY2VzLlNlYXJjaFRleHQQAhgEIAA","51.4099502","-0.1897694","4.4","14","OPERATIONAL","Wandsworth"
"ChIJ-cMLp7wIdkgRe2m0SMJLcus","Gallery 128","Art & Culture","Art & Culture","Store","128 Kingston Rd, London","SW19 1LY","SW19","Wimbledon / Southfields edge","London","+44 20 8540 6479","http://www.gallery128.co.uk/","","","","https://maps.google.com/?cid=16965706044073601403&g_mp=Cidnb29nbGUubWFwcy5wbGFjZXMudjEuUGxhY2VzLlNlYXJjaFRleHQQAhgEIAA","51.414932099999994","-0.1999984","4.8","33","OPERATIONAL","Wandsworth"
"ChIJQRj7qLcIdkgRxHjxby4FqjY","Merton Arts Space","Art & Culture","Art & Culture","Event venue","Wimbledon Reference Library, Compton Rd, London","SW19 7QA","SW19","Wimbledon / Southfields edge","London","+44 20 8274 5757","http://www.merton.gov.uk/artsspace","","","","https://maps.google.com/?cid=3938966521093650628&g_mp=Cidnb29nbGUubWFwcy5wbGFjZXMudjEuUGxhY2VzLlNlYXJjaFRleHQQAhgEIAA","51.4225096","-0.2078331","4.6","45","OPERATIONAL","Wandsworth"
"ChIJU4vAqA8JdkgRCfCAA4NwurE","Norman Plastow Gallery","Art & Culture","Art & Culture","Art gallery","26 Lingfield Rd, London","SW19 4QD","SW19","Wimbledon / Southfields edge","London","","http://wimbledonvht.org.uk/the-village-hall-gallery/","","","","https://maps.google.com/?cid=12806672198383235081&g_mp=Cidnb29nbGUubWFwcy5wbGFjZXMudjEuUGxhY2VzLlNlYXJjaFRleHQQAhgEIAA","51.4232738","-0.2167356","","","OPERATIONAL","Wandsworth"
"ChIJIZgzCMwIdkgRlmyifz29-xQ","Stafford Gallery","Art & Culture","Art & Culture","Art gallery","41 Church Rd, London","SW19 5DQ","SW19","Wimbledon / Southfields edge","London","","http://www.staffordgallery.co.uk/","","","","https://maps.google.com/?cid=1512010171744939158&g_mp=Cidnb29nbGUubWFwcy5wbGFjZXMudjEuUGxhY2VzLlNlYXJjaFRleHQQAhgEIAA","51.426316","-0.21687009999999998","","","OPERATIONAL","Wandsworth"
"ChIJp7UEpTYHdkgRLArhkgwiozY","The Gallery Art Studio","Art & Culture","Art & Culture","Art studio","Unit 10, The Long Shop, Abbey Mills, Merton Abbey Mills, London","SW19 2RD","SW19","Wimbledon / Southfields edge","London","+44 7792 681556","","","","","https://maps.google.com/?cid=3937027936651119148&g_mp=Cidnb29nbGUubWFwcy5wbGFjZXMudjEuUGxhY2VzLlNlYXJjaFRleHQQAhgEIAA","51.4129936","-0.18317029999999998","5","1","OPERATIONAL","Wandsworth"
"ChIJIypnC80IdkgRS2tF3rwJ8y0","Tingari Arts of Central Australia & Eastern Desert Art","Art & Culture","Art & Culture","Art gallery","Parkside Ave, London","SW19 5ES","SW19","Wimbledon / Southfields edge","London","+44 20 8944 1396","http://www.aboriginal-artists.co.uk/","","","","https://maps.google.com/?cid=3311000857835039563&g_mp=Cidnb29nbGUubWFwcy5wbGFjZXMudjEuUGxhY2VzLlNlYXJjaFRleHQQAhgEIAA","51.4289098","-0.2209301","5","4","OPERATIONAL","Wandsworth"
"ChIJecAKXR4GdkgRFRLu4PVCHmQ","Wheelhouse Art","Art & Culture","Art & Culture","Store","Merton Abbey Mills, Watermill Wy, London","SW19 2RD","SW19","Wimbledon / Southfields edge","London","+44 7812 131360","http://www.wheelhouseart.co.uk/","","","","https://maps.google.com/?cid=7214277276902232597&g_mp=Cidnb29nbGUubWFwcy5wbGFjZXMudjEuUGxhY2VzLlNlYXJjaFRleHQQAhgEIAA","51.4134069","-0.1837075","4.7","24","OPERATIONAL","Wandsworth"
"ChIJK4TGCcwIdkgRUFL62Bgoc0I","Wimbledon Fine Art","Art & Culture","Art & Culture","Art gallery","Eldon House, 41 Church Rd, London","SW19 5DQ","SW19","Wimbledon / Southfields edge","London","+44 20 8944 6593","http://www.wimbledonfineart.com/","","","","https://maps.google.com/?cid=4788214916009579088&g_mp=Cidnb29nbGUubWFwcy5wbGFjZXMudjEuUGxhY2VzLlNlYXJjaFRleHQQAhgEIAA","51.426343200000005","-0.2168548","4.8","12","OPERATIONAL","Wandsworth"
"ChIJR-aiHMkIdkgRG05lpKOPzwI","Wimbledon Museum","Art & Culture","Art & Culture","Museum","22 Ridgway, London","SW19 4QN","SW19","Wimbledon / Southfields edge","London","","https://wimbledonsociety.org.uk/museum/","","","","https://maps.google.com/?cid=202538441255505435&g_mp=Cidnb29nbGUubWFwcy5wbGFjZXMudjEuUGxhY2VzLlNlYXJjaFRleHQQAhgEIAA","51.4233354","-0.2166459","4.6","98","OPERATIONAL","Wandsworth"
"ChIJv81vHVgFdkgREMEFhfZpzC4","&BROWHAUS","Beauty & Wellness","Beauty & Wellness","Beauty salon","78 Balham High Rd, London","SW12 9AG","SW12","Balham","London","+44 20 3393 1238","https://andbrowhaus.com/","","","","https://maps.google.com/?cid=3372186728508277008&g_mp=Cidnb29nbGUubWFwcy5wbGFjZXMudjEuUGxhY2VzLlNlYXJjaFRleHQQAhgEIAA","51.4466037","-0.1496881","4.9","366","OPERATIONAL","Wandsworth"
"ChIJN1NgHw8FdkgRW34uSEnqRbA","Alice’s Studio","Beauty & Wellness","Beauty & Wellness","Nail salon","63 Balham Hill, London","SW12 9DR","SW12","Balham","London","+44 20 8673 9091","http://www.alicesstudio.uk/","","","","https://maps.google.com/?cid=12701815924532870747&g_mp=Cidnb29nbGUubWFwcy5wbGFjZXMudjEuUGxhY2VzLlNlYXJjaFRleHQQAhgEIAA","51.4512158","-0.1475725","4.8","178","OPERATIONAL","Wandsworth"
"ChIJOfvzQ8UFdkgRlgpHQBVEuZ8","Anya Salon Balham","Beauty & Wellness","Beauty & Wellness","Beauty salon","9Station Parade, Balham High Rd, London","SW12 9AZ","SW12","Balham","London","+44 20 8675 4507","","","","","https://maps.google.com/?cid=11509305180785412758&g_mp=Cidnb29nbGUubWFwcy5wbGFjZXMudjEuUGxhY2VzLlNlYXJjaFRleHQQAhgEIAA","51.4423221","-0.153532","4.4","616","OPERATIONAL","Wandsworth"
"ChIJfZLDi2IFdkgRQROMVkUFitI","Balham Beauty Clinic","Beauty & Wellness","Beauty & Wellness","Nail salon","93 Balham High Rd, London","SW12 9AP","SW12","Balham","London","+44 20 8675 1721","","","","","https://maps.google.com/?cid=15170944090113839937&g_mp=Cidnb29nbGUubWFwcy5wbGFjZXMudjEuUGxhY2VzLlNlYXJjaFRleHQQAhgEIAA","51.445495","-0.15053039999999998","4.8","363","OPERATIONAL","Wandsworth"
"ChIJca5Gbc8FdkgRjVQxymSoR30","Balham Nails & Beauty","Beauty & Wellness","Beauty & Wellness","Nail salon","12 Bedford Hill, London","SW12 9RG","SW12","Balham","London","+44 20 8616 2037","http://balhamnailsandbeauty.co.uk/","","","","https://maps.google.com/?cid=9027369128929875085&g_mp=Cidnb29nbGUubWFwcy5wbGFjZXMudjEuUGxhY2VzLlNlYXJjaFRleHQQAhgEIAA","51.4447044","-0.1509692","4.7","553","OPERATIONAL","Wandsworth"
"ChIJA1aPL8kFdkgR1tAAVxW6sIE","Beauties Spa","Beauty & Wellness","Beauty & Wellness","Nail salon","29 Balham High Rd, London","SW12 9AL","SW12","Balham","London","+44 20 3602 4294","https://www.treatwell.co.uk/place/beauties-spa-balham/?utm_medium=paid-search-nonbrand&utm_source=google&utm_campaign=UK_EN_DSA_Treatwell&utm_content=all-venues&utm_term=&gclid=EAIaIQobChMI54vOsLKf3wIV7JztCh14ggC9EAAYASAAEgK12fD_BwE&gclsrc=aw.ds","","","","https://maps.google.com/?cid=9345173827610530006&g_mp=Cidnb29nbGUubWFwcy5wbGFjZXMudjEuUGxhY2VzLlNlYXJjaFRleHQQAhgEIAA","51.4472102","-0.1486253","4.1","88","OPERATIONAL","Wandsworth"
"ChIJEcZrV_gFdkgR7XgQ-u5JuLA","BIAB Nails Balham","Beauty & Wellness","Beauty & Wellness","Nail salon","92 Balham High Rd, London","SW12 9AG","SW12","Balham","London","+44 7904 170738","https://instagram.com/biab_nail?igshid=OGQ5ZDc2ODk2ZA==","https://instagram.com/biab_nail?igshid=OGQ5ZDc2ODk2ZA==","","","https://maps.google.com/?cid=12734009237136505069&g_mp=Cidnb29nbGUubWFwcy5wbGFjZXMudjEuUGxhY2VzLlNlYXJjaFRleHQQAhgEIAA","51.446242999999996","-0.14989120000000003","4.5","160","OPERATIONAL","Wandsworth"
"ChIJpUTeuoIGdkgRRR3iGcWru7c","Charlotte Cave Hair Balham","Beauty & Wellness","Beauty & Wellness","Hair salon","105 Balham High Rd, London","SW12 9AP","SW12","Balham","London","+44 20 8673 4343","http://charlottecave.com/","","","","https://maps.google.com/?cid=13239364392616860997&g_mp=Cidnb29nbGUubWFwcy5wbGFjZXMudjEuUGxhY2VzLlNlYXJjaFRleHQQAhgEIAA","51.4453518","-0.1508993","4.9","438","OPERATIONAL","Wandsworth"
"ChIJwe9UOlkFdkgR34jOrlDvon4","Eco Vision Salon","Beauty & Wellness","Beauty & Wellness","Beauty salon","14 Bedford Hill, London","SW12 9RG","SW12","Balham","London","+44 20 3601 0505","https://www.ecovisionsalon.com/","","","","https://maps.google.com/?cid=9125118924815239391&g_mp=Cidnb29nbGUubWFwcy5wbGFjZXMudjEuUGxhY2VzLlNlYXJjaFRleHQQAhgEIAA","51.444632999999996","-0.1509613","5","1","OPERATIONAL","Wandsworth"
"ChIJ0e00KjQFdkgR_N6LtVZaoyo","Edward James London - Balham","Beauty & Wellness","Beauty & Wellness","Hair salon","162 Balham High Rd, London","SW12 9BW","SW12","Balham","London","+44 20 3978 4415","http://www.edwardjameslondon.com/","","","","https://maps.google.com/?cid=3072398699256340220&g_mp=Cidnb29nbGUubWFwcy5wbGFjZXMudjEuUGxhY2VzLlNlYXJjaFRleHQQAhgEIAA","51.444624000000005","-0.1520649","4.8","435","OPERATIONAL","Wandsworth"
"ChIJ03YKK88FdkgRtUeYl_7mQ8Y","Fabulous Hair & Beauty","Beauty & Wellness","Beauty & Wellness","Beauty salon","53 Balham High Rd, London","SW12 9AW","SW12","Balham","London","+44 20 8673 0983","http://fabulous-beauty.co.uk/","","","","https://maps.google.com/?cid=14286516424088766389&g_mp=Cidnb29nbGUubWFwcy5wbGFjZXMudjEuUGxhY2VzLlNlYXJjaFRleHQQAhgEIAA","51.4463873","-0.1493044","4.5","269","OPERATIONAL","Wandsworth"
"ChIJ-e_7ku0FdkgRiYHR4hdv7mI","Headmasters Balham","Beauty & Wellness","Beauty & Wellness","Hair salon","23 Bedford Hill, London","SW12 9EX","SW12","Balham","London","+44 345 459 7742","https://www.headmasters.com/find-a-salon/balham","","","","https://maps.google.com/?cid=7128757408554385801&g_mp=Cidnb29nbGUubWFwcy5wbGFjZXMudjEuUGxhY2VzLlNlYXJjaFRleHQQAhgEIAA","51.444596399999995","-0.1505702","4.7","269","OPERATIONAL","Wandsworth"
"ChIJb6OAasUFdkgRg7ab0fSAhbM","Michelle Louise Hair Salon | Balham","Beauty & Wellness","Beauty & Wellness","Hair salon","214 Balham High Rd, London","SW12 9BS","SW12","Balham","London","+44 20 8675 5346","https://www.michellelouise.co.uk/","","","","https://maps.google.com/?cid=12935887293668636291&g_mp=Cidnb29nbGUubWFwcy5wbGFjZXMudjEuUGxhY2VzLlNlYXJjaFRleHQQAhgEIAA","51.4429585","-0.1535243","4.4","85","OPERATIONAL","Wandsworth"
"ChIJt3jrds8FdkgR2c55zfXMEe0","Milano","Beauty & Wellness","Beauty & Wellness","Hair salon","unit1 Hildreth Street Mews, London","SW12 9RZ","SW12","Balham","London","+44 20 8675 7178","http://www.milano-hairandbeauty.co.uk/","","","","https://maps.google.com/?cid=17082660217679367897&g_mp=Cidnb29nbGUubWFwcy5wbGFjZXMudjEuUGxhY2VzLlNlYXJjaFRleHQQAhgEIAA","51.4442635","-0.15158639999999998","4.9","102","OPERATIONAL","Wandsworth"
"ChIJsb_5f7wFdkgRKpOoAKmCooo","Nail.Bar Lounge Balham","Beauty & Wellness","Beauty & Wellness","Nail salon","Philips House, 6 Ravenswood Rd, London","SW12 9PJ","SW12","Balham","London","+44 20 8259 3990","","","","","https://maps.google.com/?cid=9989690585833313066&g_mp=Cidnb29nbGUubWFwcy5wbGFjZXMudjEuUGxhY2VzLlNlYXJjaFRleHQQAhgEIAA","51.4474363","-0.1483296","4.9","54","OPERATIONAL","Wandsworth"
"ChIJQz5Z2P8FdkgRBg67ujnWIlA","NAILPRO BALHAM","Beauty & Wellness","Beauty & Wellness","Beauty salon","69 Balham High Rd, London","SW12 9AP","SW12","Balham","London","+44 20 3941 0630","https://www.mynailpro.co.uk/","","","","https://maps.google.com/?cid=5774413215676698118&g_mp=Cidnb29nbGUubWFwcy5wbGFjZXMudjEuUGxhY2VzLlNlYXJjaFRleHQQAhgEIAA","51.4458565","-0.1498272","4.6","31","OPERATIONAL","Wandsworth"
"ChIJa2D9Zc8FdkgRT5C7YSCDsLc","Rush Hair Balham","Beauty & Wellness","Beauty & Wellness","Hair salon","154 Balham High Rd, London","SW12 9BN","SW12","Balham","London","+44 20 3474 5042","https://www.rush.co.uk/salons/balham","","","","https://maps.google.com/?cid=13236223479943761999&g_mp=Cidnb29nbGUubWFwcy5wbGFjZXMudjEuUGxhY2VzLlNlYXJjaFRleHQQAhgEIAA","51.44497020000001","-0.1516563","4.1","333","OPERATIONAL","Wandsworth"
"ChIJP9DtGkMFdkgRjUArK0bsKAY","The Cuts Beauty & Massage in Balham London","Beauty & Wellness","Beauty & Wellness","Massage service","11 Chestnut Grove, London","SW12 8JA","SW12","Balham","London","+44 20 7362 1036","https://www.thecutsbeautyandmassage.co.uk/","","","","https://maps.google.com/?cid=443864349412114573&g_mp=Cidnb29nbGUubWFwcy5wbGFjZXMudjEuUGxhY2VzLlNlYXJjaFRleHQQAhgEIAA","51.443686299999996","-0.1534549","4.9","60","OPERATIONAL","Wandsworth"
"ChIJv8BB7TQFdkgRZoUDT8BSg0k","USA star beauty","Beauty & Wellness","Beauty & Wellness","Beauty salon","33 Balham Hill, London","SW12 9DX","SW12","Balham","London","+44 7405 729898","https://linktr.ee/usastarbeauty","","","","https://maps.google.com/?cid=5297168572630664550&g_mp=Cidnb29nbGUubWFwcy5wbGFjZXMudjEuUGxhY2VzLlNlYXJjaFRleHQQAhgEIAA","51.4520414","-0.1475292","5","23","OPERATIONAL","Wandsworth"
"ChIJGZBMnLHbz0wRx3yEDDsP5Jk","Bamby Beauty","Beauty & Wellness","Beauty & Wellness","Beauty salon","178 Lavender Hill, London","SW11 5TQ","SW11","Battersea","London","+44 20 7967 0366","http://www.bambybeauty.co.uk/","","","","https://maps.google.com/?cid=11089004928780500167&g_mp=Cidnb29nbGUubWFwcy5wbGFjZXMudjEuUGxhY2VzLlNlYXJjaFRleHQQAhgEIAA","51.464486","-0.1628317","4.8","201","OPERATIONAL","Wandsworth"
"ChIJfZV4aZAFdkgRrKPqG_cwyR0","Battersea Nails & Beauty","Beauty & Wellness","Beauty & Wellness","Nail salon","107 St John's Hl, London","SW11 1SY","SW11","Battersea","London","+44 20 3620 8143","https://nailsalonsuk.co.uk/greater-london/london/battersea-nails-beauty-london/","","","","https://maps.google.com/?cid=2146300535302169516&g_mp=Cidnb29nbGUubWFwcy5wbGFjZXMudjEuUGxhY2VzLlNlYXJjaFRleHQQAhgEIAA","51.461211299999995","-0.17402209999999999","4.2","374","OPERATIONAL","Wandsworth"
"ChIJqx7NQuoFdkgRT_XBkHwS2NE","Beauty Clinic Brazzini","Beauty & Wellness","Beauty & Wellness","Beauty salon","185 Battersea High St, London","SW11 3JS","SW11","Battersea","London","+44 7367 257675","https://beautyclinicbrazzini.co.uk/","","","","https://maps.google.com/?cid=15120856075110315343&g_mp=Cidnb29nbGUubWFwcy5wbGFjZXMudjEuUGxhY2VzLlNlYXJjaFRleHQQAhgEIAA","51.4702804","-0.1716339","4.9","71","OPERATIONAL","Wandsworth"
"ChIJCz9cyHUFdkgRxI-Q7JymAFo","Gold Beautique LTD","Beauty & Wellness","Beauty & Wellness","Beauty salon","TT's Nails & Beauty, 303a Battersea Park Road (inside, London","SW11 4LX","SW11","Battersea","London","+44 7507 881335","http://www.goldbeautique.com/","","","","https://maps.google.com/?cid=6485366656327520196&g_mp=Cidnb29nbGUubWFwcy5wbGFjZXMudjEuUGxhY2VzLlNlYXJjaFRleHQQAhgEIAA","51.4741971","-0.15372139999999998","5","145","OPERATIONAL","Wandsworth"
"ChIJs9NZfdkFdkgRyOGbw_QdoLc","House of Beauty London","Beauty & Wellness","Beauty & Wellness","Beauty salon","Andrew Kent & Partners Ltd, 93 Northcote Rd, London","SW11 6PL","SW11","Battersea","London","+44 20 8062 4406","http://www.houseofbeautylondon.com/","","","","https://maps.google.com/?cid=13231608642305515976&g_mp=Cidnb29nbGUubWFwcy5wbGFjZXMudjEuUGxhY2VzLlNlYXJjaFRleHQQAhgEIAA","51.4578815","-0.1657107","4.8","108","OPERATIONAL","Wandsworth"
"ChIJe_W0LJoFdkgR5fVhrU_GX4o","Kiran's Beauty","Beauty & Wellness","Beauty & Wellness","Beauty salon","Inside Ben health, 96 St John's Rd, London","SW11 1PX","SW11","Battersea","London","+44 7597 949493","","","","","https://maps.google.com/?cid=9970906145535161829&g_mp=Cidnb29nbGUubWFwcy5wbGFjZXMudjEuUGxhY2VzLlNlYXJjaFRleHQQAhgEIAA","51.4610163","-0.16729249999999998","4.9","233","OPERATIONAL","Wandsworth"
"ChIJlSGdFgoZdkgR6EsnptZWuWA","Labelle et Lebeau","Beauty & Wellness","Beauty & Wellness","Beauty salon","15 Falcon Rd, Battersea, Workzhouse","SW11 2PJ","SW11","Battersea","Workzhouse","+44 7464 049321","https://www.labelleetlebeau.com/","","","","https://maps.google.com/?cid=6969697378243136488&g_mp=Cidnb29nbGUubWFwcy5wbGFjZXMudjEuUGxhY2VzLlNlYXJjaFRleHQQAhgEIAA","51.469547","-0.1710854","4.9","97","OPERATIONAL","Wandsworth"
"ChIJ9Z5RRb4FdkgR-iblTdkClwY","Lemon Tree","Beauty & Wellness","Beauty & Wellness","Beauty salon","66 Webb's Rd, London","SW11 6SE","SW11","Battersea","London","+44 20 7228 1020","https://www.lemontreebattersea.com/","","","","https://maps.google.com/?cid=474851418048898810&g_mp=Cidnb29nbGUubWFwcy5wbGFjZXMudjEuUGxhY2VzLlNlYXJjaFRleHQQAhgEIAA","51.4554441","-0.1619222","4.7","68","OPERATIONAL","Wandsworth"
"ChIJCzCubwoFdkgRqMY-taCJgOE","Lux Nails and Beauty","Beauty & Wellness","Beauty & Wellness","Nail salon","178 Battersea Park Rd, London","SW11 4ND","SW11","Battersea","London","+44 20 3441 8030","http://www.luxnailsandbeauty.co.uk/","","","","https://maps.google.com/?cid=16249138778881312424&g_mp=Cidnb29nbGUubWFwcy5wbGFjZXMudjEuUGxhY2VzLlNlYXJjaFRleHQQAhgEIAA","51.473687","-0.16041329999999998","4.5","159","OPERATIONAL","Wandsworth"
"ChIJ31LjTSIFdkgRPiQfwXdNa_A","MamiYaba Beauty Studio - Clapham","Beauty & Wellness","Beauty & Wellness","Beauty salon","We are inside ‘Envy Nails & Beauty, 15 St John's Hl, London","SW11 1TN","SW11","Battersea","London","+44 7908 558760","","","","","https://maps.google.com/?cid=17324025568347235390&g_mp=Cidnb29nbGUubWFwcy5wbGFjZXMudjEuUGxhY2VzLlNlYXJjaFRleHQQAhgEIAA","51.4632455","-0.1688482","5","140","OPERATIONAL","Wandsworth"
"ChIJTeU6Z4oFdkgRPny9JFc2WWw","Manjeet Beauty & Spa","Beauty & Wellness","Beauty & Wellness","Beauty salon","231 Lavender Hill, London","SW11 1JR","SW11","Battersea","London","+44 20 7350 1900","http://www.manjeetbeauty.co.uk/","","","","https://maps.google.com/?cid=7807331176929918014&g_mp=Cidnb29nbGUubWFwcy5wbGFjZXMudjEuUGxhY2VzLlNlYXJjaFRleHQQAhgEIAA","51.4643381","-0.1622663","5","53","OPERATIONAL","Wandsworth"
"ChIJU7mlVA4FdkgRtkQA-KIkglA","Noor Hair & Beauty Salon","Beauty & Wellness","Beauty & Wellness","Beauty salon","84 Falcon Rd, London","SW11 2LH","SW11","Battersea","London","+44 7956 071243","http://noorhairandbeauty.co.uk/","","","","https://maps.google.com/?cid=5801239552370689206&g_mp=Cidnb29nbGUubWFwcy5wbGFjZXMudjEuUGxhY2VzLlNlYXJjaFRleHQQAhgEIAA","51.468524099999996","-0.1708012","4.9","278","OPERATIONAL","Wandsworth"
"ChIJJ3t0o5IFdkgR6SRqniP1-i4","Saba beauty","Beauty & Wellness","Beauty & Wellness","Beauty salon","Battersea Hair Boutique, 18 Battersea Rise, London","SW11 1EE","SW11","Battersea","London","+44 7345 811243","","","","","https://maps.google.com/?cid=3385287603252765929&g_mp=Cidnb29nbGUubWFwcy5wbGFjZXMudjEuUGxhY2VzLlNlYXJjaFRleHQQAhgEIAA","51.461095","-0.1640662","5","19","OPERATIONAL","Wandsworth"
"ChIJKSXQfZcFdkgRhVqkLMSehtM","So Me Beauty & Wellness (Clapham Junction)","Beauty & Wellness","Beauty & Wellness","Beauty salon","43 St John's Rd, London","SW11 1QW","SW11","Battersea","London","+44 20 7924 1247","http://www.so.me/","","","","https://maps.google.com/?cid=15242044554281769605&g_mp=Cidnb29nbGUubWFwcy5wbGFjZXMudjEuUGxhY2VzLlNlYXJjaFRleHQQAhgEIAA","51.4622697","-0.16739279999999998","4.8","653","OPERATIONAL","Wandsworth"
"ChIJs7W_V5kFdkgRNOaZqbWi2zQ","Sole Beauty Clapham Junction","Beauty & Wellness","Beauty & Wellness","Beauty salon","194 Lavender Hill, London","SW11 1JA","SW11","Battersea","London","","http://www.solebeautysalon.co.uk/","","","","https://maps.google.com/?cid=3808816810990102068&g_mp=Cidnb29nbGUubWFwcy5wbGFjZXMudjEuUGxhY2VzLlNlYXJjaFRleHQQAhgEIAA","51.4644075","-0.1636134","4.3","89","OPERATIONAL","Wandsworth"
"ChIJexGeV5kFdkgRWyHmJpWzhU0","Stylon Beauty","Beauty & Wellness","Beauty & Wellness","Beauty salon","95 Falcon Rd, London","SW11 2PF","SW11","Battersea","London","+44 20 3565 1270","","","","","https://maps.google.com/?cid=5586068366007083355&g_mp=Cidnb29nbGUubWFwcy5wbGFjZXMudjEuUGxhY2VzLlNlYXJjaFRleHQQAhgEIAA","51.467002199999996","-0.1699148","4.7","66","OPERATIONAL","Wandsworth"
"ChIJee3PY0gFdkgRHXBlijTsewY","Suki's Beauty","Beauty & Wellness","Beauty & Wellness","Beauty salon","Caius House, 2 Holman Rd, London","SW11 3RL","SW11","Battersea","London","+44 7826 286091","https://widget.treatwell.co.uk/place/293497/menu/","","","","https://maps.google.com/?cid=467226696767336477&g_mp=Cidnb29nbGUubWFwcy5wbGFjZXMudjEuUGxhY2VzLlNlYXJjaFRleHQQAhgEIAA","51.4704203","-0.1758904","5","40","OPERATIONAL","Wandsworth"
"ChIJO2lz1mMFdkgR7nIFGVOAK4E","The Beauty Parlour by Kimberly Graham Ltd","Beauty & Wellness","Beauty & Wellness","Beauty salon","194 Lavender Hill, London","SW11 1JA","SW11","Battersea","London","+44 20 7228 1573","http://bykimberlygraham.co.uk/","","","","https://maps.google.com/?cid=9307674149281690350&g_mp=Cidnb29nbGUubWFwcy5wbGFjZXMudjEuUGxhY2VzLlNlYXJjaFRleHQQAhgEIAA","51.464439","-0.1636484","4.3","32","OPERATIONAL","Wandsworth"
"ChIJh2cZTJgFdkgRNLR8M-_Oc9Q","The Beauty Spot","Beauty & Wellness","Beauty & Wellness","Beauty salon","151 Lavender Hill, London","SW11 5QJ","SW11","Battersea","London","+44 7548 315007","http://beautyspotclapham.co.uk/","","","","https://maps.google.com/?cid=15308807085118764084&g_mp=Cidnb29nbGUubWFwcy5wbGFjZXMudjEuUGxhY2VzLlNlYXJjaFRleHQQAhgEIAA","51.4649605","-0.1582017","4.6","46","OPERATIONAL","Wandsworth"
"ChIJpwU6jpEFdkgRW1NEAJieWs8","The Glow Room Battersea","Beauty & Wellness","Beauty & Wellness","Beautician","539 Battersea Park Rd, London","SW11 3BL","SW11","Battersea","London","+44 7586 465419","","","","","https://maps.google.com/?cid=14941429089431737179&g_mp=Cidnb29nbGUubWFwcy5wbGFjZXMudjEuUGxhY2VzLlNlYXJjaFRleHQQAhgEIAA","51.471578","-0.167259","5","8","OPERATIONAL","Wandsworth"
"ChIJx54JTxIPdkgRB0FMaLCyPSA","Adam&Bross Hair Salon","Beauty & Wellness","Beauty & Wellness","Hair salon","68 Lower Richmond Rd., London","SW15 1LL","SW15","Putney","London","+44 20 3343 6813","https://adambross.co.uk/","","","","https://maps.google.com/?cid=2323209453526860039&g_mp=Cidnb29nbGUubWFwcy5wbGFjZXMudjEuUGxhY2VzLlNlYXJjaFRleHQQAhgEIAA","51.4676973","-0.2206367","5","86","OPERATIONAL","Wandsworth"
"ChIJ-f2pEYEPdkgRqt9xMxwWscY","Antonella Beauty & Microblading","Beauty & Wellness","Beauty & Wellness","Beauty salon","Brewhouse Ln, London","SW15 2JX","SW15","Putney","London","+44 7402 932332","http://www.antonellabeauty.co.uk/","","","","https://maps.google.com/?cid=14317249000765513642&g_mp=Cidnb29nbGUubWFwcy5wbGFjZXMudjEuUGxhY2VzLlNlYXJjaFRleHQQAhgEIAA","51.4648379","-0.213294","5","151","OPERATIONAL","Wandsworth"
"ChIJrdpsVO0PdkgRv1PMojAmIjM","Arta Beauty Clinic","Beauty & Wellness","Beauty & Wellness","Hair salon","16 Lower Richmond Rd., London","SW15 1JP","SW15","Putney","London","+44 7386 968917","http://artabeautyclinic.com/","","","","https://maps.google.com/?cid=3684549435474072511&g_mp=Cidnb29nbGUubWFwcy5wbGFjZXMudjEuUGxhY2VzLlNlYXJjaFRleHQQAhgEIAA","51.467274499999995","-0.2181681","4.8","137","OPERATIONAL","Wandsworth"
"ChIJAQCE1hIPdkgR0affb1R6ax0","Beauty Marble Arch","Beauty & Wellness","Beauty & Wellness","Beauty salon","108 Upper Richmond Rd, London","SW15 2SP","SW15","Putney","London","+44 7507 443233","","","","","https://maps.google.com/?cid=2119922552680720337&g_mp=Cidnb29nbGUubWFwcy5wbGFjZXMudjEuUGxhY2VzLlNlYXJjaFRleHQQAhgEIAA","51.4598324","-0.21157789999999999","4.2","44","OPERATIONAL","Wandsworth"
"ChIJY7VXI84OdkgRG7rFfPVXVlo","D Hair and Beauty","Beauty & Wellness","Beauty & Wellness","Hair salon","8A Frensham Dr, London","SW15 3EA","SW15","Putney","London","+44 20 3784 9011","http://dhairandbeauty.com/","","","","https://maps.google.com/?cid=6509487023282567707&g_mp=Cidnb29nbGUubWFwcy5wbGFjZXMudjEuUGxhY2VzLlNlYXJjaFRleHQQAhgEIAA","51.4375832","-0.24691620000000003","4.9","122","OPERATIONAL","Wandsworth"
"ChIJwwk2uQ0PdkgRSt1DwJkADeg","Edward James","Beauty & Wellness","Beauty & Wellness","Hair salon","77 Putney High St, London","SW15 1SR","SW15","Putney","London","+44 20 8789 9639","http://www.edwardjameslondon.com/","","","","https://maps.google.com/?cid=16721021651852189002&g_mp=Cidnb29nbGUubWFwcy5wbGFjZXMudjEuUGxhY2VzLlNlYXJjaFRleHQQAhgEIAA","51.463692699999996","-0.21543160000000003","4.8","544","OPERATIONAL","Wandsworth"
"ChIJ6aplLRAPdkgRky8OIsQWGOs","Ellie Hair & Beauty Salon","Beauty & Wellness","Beauty & Wellness","Hair salon","256 Upper Richmond Rd, London","SW15 6TQ","SW15","Putney","London","+44 20 8780 5444","http://www.ellieuk.co.uk/","","","","https://maps.google.com/?cid=16940315029994876819&g_mp=Cidnb29nbGUubWFwcy5wbGFjZXMudjEuUGxhY2VzLlNlYXJjaFRleHQQAhgEIAA","51.4615477","-0.2198118","4.9","2040","OPERATIONAL","Wandsworth"
"ChIJB7c5UgwPdkgRP_PvT2eSeKQ","Headmasters Putney","Beauty & Wellness","Beauty & Wellness","Hair salon","34 Putney High St, London","SW15 1SQ","SW15","Putney","London","+44 345 459 7708","https://www.headmasters.com/find-a-salon/putney","","","","https://maps.google.com/?cid=11851383391845872447&g_mp=Cidnb29nbGUubWFwcy5wbGFjZXMudjEuUGxhY2VzLlNlYXJjaFRleHQQAhgEIAA","51.4651552","-0.21483629999999998","4.5","281","OPERATIONAL","Wandsworth"
"ChIJlXs4wREPdkgR0ZkxpS01Zng","Kleo Beauty Putney","Beauty & Wellness","Beauty & Wellness","Beauty salon","193 Upper Richmond Rd, London","SW15 6SG","SW15","Putney","London","+44 20 8788 1102","http://www.kleobeautyputney.com/","","","","https://maps.google.com/?cid=8675680202337130961&g_mp=Cidnb29nbGUubWFwcy5wbGFjZXMudjEuUGxhY2VzLlNlYXJjaFRleHQQAhgEIAA","51.4611356","-0.2189719","4.6","190","OPERATIONAL","Wandsworth"
"ChIJY33ieQYPdkgR87zcu3OTbc4","Kristina.E.J.hair","Beauty & Wellness","Beauty & Wellness","Hair salon","283 Upper Richmond Rd, London","SW15 6SP","SW15","Putney","London","+44 7801 294816","https://book.heygoldie.com/KristinaE-J-hair","","","","https://maps.google.com/?cid=14874707269556944115&g_mp=Cidnb29nbGUubWFwcy5wbGFjZXMudjEuUGxhY2VzLlNlYXJjaFRleHQQAhgEIAA","51.4627694","-0.2263982","5","31","OPERATIONAL","Wandsworth"
"ChIJB6nCHucPdkgROSv9Qftel2s","Lelia Hair Putney","Beauty & Wellness","Beauty & Wellness","Hair salon","26 Lacy Rd, London","SW15 1NL","SW15","Putney","London","+44 7518 405219","https://www.instagram.com/lelia_hairstylist?igsh=eDE0ZWtjOXJkdHk0","https://www.instagram.com/lelia_hairstylist?igsh=eDE0ZWtjOXJkdHk0","","","https://maps.google.com/?cid=7752769716778511161&g_mp=Cidnb29nbGUubWFwcy5wbGFjZXMudjEuUGxhY2VzLlNlYXJjaFRleHQQAhgEIAA","51.4646566","-0.21780619999999998","5","134","OPERATIONAL","Wandsworth"
"ChIJMyghGkkPdkgRPbfKFJ7sgvU","Marafet Hair and Beauty","Beauty & Wellness","Beauty & Wellness","Hair salon","299 Upper Richmond Rd, London","SW15 6SS","SW15","Putney","London","+44 7988 011219","http://www.marafet.uk/","","","","https://maps.google.com/?cid=17690962449962547005&g_mp=Cidnb29nbGUubWFwcy5wbGFjZXMudjEuUGxhY2VzLlNlYXJjaFRleHQQAhgEIAA","51.4628376","-0.22705550000000002","4.8","208","OPERATIONAL","Wandsworth"
"ChIJoRM28rcPdkgR8L8naG6AdyQ","Monika's Hair","Beauty & Wellness","Beauty & Wellness","Hair salon","195A Upper Richmond Rd, London","SW15 6SG","SW15","Putney","London","+44 7882 689722","","","","","https://maps.google.com/?cid=2627710119276167152&g_mp=Cidnb29nbGUubWFwcy5wbGFjZXMudjEuUGxhY2VzLlNlYXJjaFRleHQQAhgEIAA","51.461146199999995","-0.2190723","5","87","OPERATIONAL","Wandsworth"
"ChIJmwSxSw0PdkgR-pThnYaBof4","Peterpenny's Hair & Beauty Salon","Beauty & Wellness","Beauty & Wellness","Hair salon","277 Putney Bridge Rd, London","SW15 2PT","SW15","Putney","London","+44 20 8780 5512","https://peterpennys.co.uk/","","","","https://maps.google.com/?cid=18348088772058518778&g_mp=Cidnb29nbGUubWFwcy5wbGFjZXMudjEuUGxhY2VzLlNlYXJjaFRleHQQAhgEIAA","51.4633859","-0.2115434","4.9","158","OPERATIONAL","Wandsworth"
"ChIJR-VO2RIPdkgRP-XDMKTqtHQ","Re:treat Medispa","Beauty & Wellness","Beauty & Wellness","Beauty salon","126 Upper Richmond Rd, London","SW15 2SP","SW15","Putney","London","+44 20 8788 5619","https://retreatlondon.co.uk/?utm_source=google&utm_medium=maps","","","","https://maps.google.com/?cid=8409604395121239359&g_mp=Cidnb29nbGUubWFwcy5wbGFjZXMudjEuUGxhY2VzLlNlYXJjaFRleHQQAhgEIAA","51.4599291","-0.2122922","4.9","301","OPERATIONAL","Wandsworth"
"ChIJA2Nfww0PdkgRv1hOXCCu2q8","Sia Hair & Beauty Salon Putney","Beauty & Wellness","Beauty & Wellness","Beauty salon","Unit 34, Lower Mall, Putney Exchange Shopping Centre, 3 Putney High St, London","SW15 1TW","SW15","Putney","London","+44 20 8704 1329","https://siabeauty.co.uk/putney/","","","","https://maps.google.com/?cid=12671631955571136703&g_mp=Cidnb29nbGUubWFwcy5wbGFjZXMudjEuUGxhY2VzLlNlYXJjaFRleHQQAhgEIAA","51.463941","-0.217077","4.6","360","OPERATIONAL","Wandsworth"
"ChIJjTLf0AQPdkgRaqi71wlw2Ss","Studio 283 Hair & Beauty","Beauty & Wellness","Beauty & Wellness","Hair salon","283 Upper Richmond Rd, London","SW15 6SP","SW15","Putney","London","+44 20 3538 7660","http://studio283.co.uk/","","","","https://maps.google.com/?cid=3159679801153529962&g_mp=Cidnb29nbGUubWFwcy5wbGFjZXMudjEuUGxhY2VzLlNlYXJjaFRleHQQAhgEIAA","51.462777800000005","-0.22638889999999998","4.9","67","OPERATIONAL","Wandsworth"
"ChIJBYxMmq0PdkgR8y49fB88aXI","The Forest Beauty & Spa","Beauty & Wellness","Beauty & Wellness","Beauty salon","226a Upper Richmond Rd, London","SW15 6TG","SW15","Putney","London","+44 7487 894514","https://www.theforestbeauty.co.uk/","","","","https://maps.google.com/?cid=8244186698804440819&g_mp=Cidnb29nbGUubWFwcy5wbGFjZXMudjEuUGxhY2VzLlNlYXJjaFRleHQQAhgEIAA","51.461347499999995","-0.21854269999999998","5","29","OPERATIONAL","Wandsworth"
"ChIJy_Xpyw4PdkgRHk3RI392Ivo","The Magnolia Room","Beauty & Wellness","Beauty & Wellness","Beauty salon","32 Lower Richmond Rd., London","SW15 1JP","SW15","Putney","London","+44 20 8785 1891","http://www.themagnoliaroom.co.uk/","","","","https://maps.google.com/?cid=18024098947123989790&g_mp=Cidnb29nbGUubWFwcy5wbGFjZXMudjEuUGxhY2VzLlNlYXJjaFRleHQQAhgEIAA","51.4673285","-0.21870789999999998","4.9","290","OPERATIONAL","Wandsworth"
"ChIJnXCMZNoPdkgRdlKWb05JZ_w","Yves Beauty","Beauty & Wellness","Beauty & Wellness","Beauty salon","277 Putney Bridge Rd, London","SW15 2PT","SW15","Putney","London","+44 7931 766269","https://www.yves-beauty.com/","","","","https://maps.google.com/?cid=18187586221387436662&g_mp=Cidnb29nbGUubWFwcy5wbGFjZXMudjEuUGxhY2VzLlNlYXJjaFRleHQQAhgEIAA","51.4633854","-0.21154959999999998","5","18","OPERATIONAL","Wandsworth"
"ChIJgfhUATIHdkgRV2EJ9yqFeHk","About YU","Beauty & Wellness","Beauty & Wellness","Beauty salon","The Trafalgar Arms, 166 Tooting High St, London","SW17 0RT","SW17","Tooting","London","+44 20 8073 2020","https://www.aboutyu.co.uk/","","","","https://maps.google.com/?cid=8752892295374266711&g_mp=Cidnb29nbGUubWFwcy5wbGFjZXMudjEuUGxhY2VzLlNlYXJjaFRleHQQAhgEIAA","51.424659999999996","-0.17137","4.8","227","OPERATIONAL","Wandsworth"
"ChIJiay9g2kFdkgRP-y8bLlAe4k","Adam Alexander London","Beauty & Wellness","Beauty & Wellness","Hair salon","11 Upper Tooting Rd, London","SW17 7TS","SW17","Tooting","London","+44 20 7173 5222","http://www.adamalexanderlondon.com/","","","","https://maps.google.com/?cid=9906582970468985919&g_mp=Cidnb29nbGUubWFwcy5wbGFjZXMudjEuUGxhY2VzLlNlYXJjaFRleHQQAhgEIAA","51.435330099999995","-0.1600328","5","376","OPERATIONAL","Wandsworth"
"ChIJByr_0t0FdkgRpHtye_izK5c","AG nail bar & beauty 2 Ltd","Beauty & Wellness","Beauty & Wellness","Beauty salon","51 Trinity Rd, London","SW17 7SD","SW17","Tooting","London","+44 7434 553846","https://agbeautytootingbec.co.uk/","","","","https://maps.google.com/?cid=10892998003530038180&g_mp=Cidnb29nbGUubWFwcy5wbGFjZXMudjEuUGxhY2VzLlNlYXJjaFRleHQQAhgEIAA","51.436609399999995","-0.16127829999999999","4.4","114","OPERATIONAL","Wandsworth"
"ChIJO_xplfkHdkgRGTf4JMvG-F4","Anchal Massage & Beauty Salon","Beauty & Wellness","Beauty & Wellness","Store","86 Mitcham Rd, London","SW17 9NG","SW17","Tooting","London","+44 7404 765668","https://trea.tw/e6WyFf9LrKzm29eNz","","","","https://maps.google.com/?cid=6843438209590376217&g_mp=Cidnb29nbGUubWFwcy5wbGFjZXMudjEuUGxhY2VzLlNlYXJjaFRleHQQAhgEIAA","51.4258881","-0.16568429999999998","5","33","OPERATIONAL","Wandsworth"
"ChIJ9TaFZ14FdkgRD-0c0riF8AE","Club LoveYourself","Beauty & Wellness","Beauty & Wellness","Beauty salon","13 Chetwode Rd, London","SW17 7RF","SW17","Tooting","London","+44 7576 571370","https://londoneyelashes.co.uk/","","","","https://maps.google.com/?cid=139758617294073103&g_mp=Cidnb29nbGUubWFwcy5wbGFjZXMudjEuUGxhY2VzLlNlYXJjaFRleHQQAhgEIAA","51.436776599999995","-0.1595712","4.9","174","OPERATIONAL","Wandsworth"
"ChIJ5Wi90t8FdkgR5mm8NDFG6tk","Diiva hair&beauty","Beauty & Wellness","Beauty & Wellness","Beauty salon","104 Upper Tooting Rd, London","SW17 7EN","SW17","Tooting","London","+44 7479 876316","","","","","https://maps.google.com/?cid=15702440227932760550&g_mp=Cidnb29nbGUubWFwcy5wbGFjZXMudjEuUGxhY2VzLlNlYXJjaFRleHQQAhgEIAA","51.4334497","-0.1632855","4.8","51","OPERATIONAL","Wandsworth"
"ChIJ1TnjZ94FdkgRwuOAHsMH3Eg","Dimple's Beauty & Spa – Tooting","Beauty & Wellness","Beauty & Wellness","Beauty salon","54 Upper Tooting Rd, London","SW17 7PD","SW17","Tooting","London","+44 20 8767 4444","http://www.dimplesbeauty.co.uk/","","","","https://maps.google.com/?cid=5250079800218936258&g_mp=Cidnb29nbGUubWFwcy5wbGFjZXMudjEuUGxhY2VzLlNlYXJjaFRleHQQAhgEIAA","51.4344702","-0.1621331","3.3","340","OPERATIONAL","Wandsworth"
"ChIJhXzIOwAFdkgRhpl8VsLhppY","Elegance Beauty Bar","Beauty & Wellness","Beauty & Wellness","Beauty salon","739 Garratt Ln, London","SW17 0PD","SW17","Tooting","London","+44 20 3340 6088","","","","","https://maps.google.com/?cid=10855612176614070662&g_mp=Cidnb29nbGUubWFwcy5wbGFjZXMudjEuUGxhY2VzLlNlYXJjaFRleHQQAhgEIAA","51.434326899999995","-0.1852","5","77","OPERATIONAL","Wandsworth"
"ChIJU2EW20MFdkgRirT6gbjj914","Fabulous Spa","Beauty & Wellness","Beauty & Wellness","Beauty salon","259 Balham High Rd, London","SW17 7BD","SW17","Tooting","London","+44 20 3417 6459","http://www.fabulousspa.co.uk/?utm_source=google&utm_medium=wix_google_business_profile&utm_campaign=6889134483345492654","","","","https://maps.google.com/?cid=6843188540406936714&g_mp=Cidnb29nbGUubWFwcy5wbGFjZXMudjEuUGxhY2VzLlNlYXJjaFRleHQQAhgEIAA","51.4369544","-0.1574185","4.6","123","OPERATIONAL","Wandsworth"
"ChIJ9RM2-goGdkgRBXAnzbnK5m8","Fiza Hair And Beauty","Beauty & Wellness","Beauty & Wellness","Beauty salon","Broadway Market, 75-77 Broadway Market Tooting Broadway Market Tooting 43, Tooting High St, London","SW17 0RJ","SW17","Tooting","London","+44 20 8672 2030","","","","","https://maps.google.com/?cid=8063355082213126149&g_mp=Cidnb29nbGUubWFwcy5wbGFjZXMudjEuUGxhY2VzLlNlYXJjaFRleHQQAhgEIAA","51.428933","-0.16658499999999998","4.9","114","OPERATIONAL","Wandsworth"
"ChIJH0RHBA8GdkgRHygWoodaAbo","Head Hunters Beauty Salon","Beauty & Wellness","Beauty & Wellness","Beauty salon","208-210 Tooting High St, London","SW17 0SG","SW17","Tooting","London","+44 7542 030770","http://head-hunters24.co.uk/","","","","https://maps.google.com/?cid=13403093504617752607&g_mp=Cidnb29nbGUubWFwcy5wbGFjZXMudjEuUGxhY2VzLlNlYXJjaFRleHQQAhgEIAA","51.4234752","-0.1730688","4.5","284","OPERATIONAL","Wandsworth"
"ChIJD299iHAHdkgRTBhaldCH9WA","House of Stella Beauty Salon","Beauty & Wellness","Beauty & Wellness","Hair salon","Market, Tooting High Street Unit 46A Broadway, London","SW17 0RJ","SW17","Tooting","London","+44 7548 751339","","","","","https://maps.google.com/?cid=6986639726863849548&g_mp=Cidnb29nbGUubWFwcy5wbGFjZXMudjEuUGxhY2VzLlNlYXJjaFRleHQQAhgEIAA","51.428253399999996","-0.1680399","5","1","OPERATIONAL","Wandsworth"
"ChIJ5Vj7iN4FdkgR2Aickcys8NA","Karima and Saira","Beauty & Wellness","Beauty & Wellness","Beauty salon","26C Upper Tooting Rd, London","SW17 7PG","SW17","Tooting","London","+44 20 8672 5040","https://www.karimaandsaira.co.uk/","","","","https://maps.google.com/?cid=15055723548915796184&g_mp=Cidnb29nbGUubWFwcy5wbGFjZXMudjEuUGxhY2VzLlNlYXJjaFRleHQQAhgEIAA","51.4350758","-0.1611598","4.7","69","OPERATIONAL","Wandsworth"
"ChIJQ4_RGqYHdkgRXhBNZKi0Na8","KRISHAV BEAUTY SALON","Beauty & Wellness","Beauty & Wellness","Beauty salon","2 Selkirk Rd, London","SW17 0ES","SW17","Tooting","London","+44 7429 517063","https://www.krishavbeautysalon.co.uk/","","","","https://maps.google.com/?cid=12625195765733331038&g_mp=Cidnb29nbGUubWFwcy5wbGFjZXMudjEuUGxhY2VzLlNlYXJjaFRleHQQAhgEIAA","51.4294503","-0.167023","4.9","132","OPERATIONAL","Wandsworth"
"ChIJL1grs-EFdkgR0AK4mVQ57nU","Latta Pathak","Beauty & Wellness","Beauty & Wellness","Make-up artist","Tooting High St, London","SW17 7LL","SW17","Tooting","London","+44 7951 114915","https://www.lattapathak.co.uk/","","","","https://maps.google.com/?cid=8497792582413714128&g_mp=Cidnb29nbGUubWFwcy5wbGFjZXMudjEuUGxhY2VzLlNlYXJjaFRleHQQAhgEIAA","51.4253808","-0.16949619999999999","5","54","OPERATIONAL","Wandsworth"
"ChIJN7e6vGEPdkgRSAG6xixO0jw","Lotus Spa - Wandsworth Common","Beauty & Wellness","Beauty & Wellness","Beauty salon","2 Bellevue Parade, London","SW17 7EQ","SW17","Tooting","London","+44 20 3133 0088","https://www.lotusspawandsworth.com/","","","","https://maps.google.com/?cid=4382651341604520264&g_mp=Cidnb29nbGUubWFwcy5wbGFjZXMudjEuUGxhY2VzLlNlYXJjaFRleHQQAhgEIAA","51.444509599999996","-0.16710310000000003","4.8","306","OPERATIONAL","Wandsworth"
"ChIJlbr_VoIHdkgRvIrsE1e7nQE","Sajna Ladies Only","Beauty & Wellness","Beauty & Wellness","Hair salon","244 Basement, Upper Tooting Rd, London","SW17 7EX","SW17","Tooting","London","+44 20 7501 0001","https://www.sajna.co.uk/","","","","https://maps.google.com/?cid=116455148052318908&g_mp=Cidnb29nbGUubWFwcy5wbGFjZXMudjEuUGxhY2VzLlNlYXJjaFRleHQQAhgEIAA","51.4300163","-0.16575189999999998","4.6","40","OPERATIONAL","Wandsworth"
"ChIJGatZmgoGdkgROp4tq0GqQ7c","Sajna Ltd","Beauty & Wellness","Beauty & Wellness","Beauty salon","234a Upper Tooting Rd, London","SW17 7EX","SW17","Tooting","London","+44 20 7501 0001","http://www.sajna.co.uk/","","","","https://maps.google.com/?cid=13205585731401915962&g_mp=Cidnb29nbGUubWFwcy5wbGFjZXMudjEuUGxhY2VzLlNlYXJjaFRleHQQAhgEIAA","51.430457000000004","-0.16574229999999998","4.2","637","OPERATIONAL","Wandsworth"
"ChIJEb168goGdkgRCvzlbUgFoVg","STYLE SALOON HAIR & BEAUTY","Beauty & Wellness","Beauty & Wellness","Hair salon","9 Tooting High St, London","SW17 0SN","SW17","Tooting","London","+44 7413 037888","https://stylesalontooting.wixsite.com/website","","","","https://maps.google.com/?cid=6386391555227646986&g_mp=Cidnb29nbGUubWFwcy5wbGFjZXMudjEuUGxhY2VzLlNlYXJjaFRleHQQAhgEIAA","51.4294783","-0.1663131","4.2","15","OPERATIONAL","Wandsworth"
"ChIJo7_R6goGdkgRZKT3mWZFMJ4","Uzma's Hair & Beauty Care","Beauty & Wellness","Beauty & Wellness","Beauty salon","1B Totterdown St, London","SW17 8TB","SW17","Tooting","London","+44 20 3105 2433","https://uzmashairandbeauty.mytreatwell.co.uk/","","","","https://maps.google.com/?cid=11398686963846849636&g_mp=Cidnb29nbGUubWFwcy5wbGFjZXMudjEuUGxhY2VzLlNlYXJjaFRleHQQAhgEIAA","51.42951","-0.165564","4.7","293","OPERATIONAL","Wandsworth"
"ChIJU6ZYU3MGdkgR6fIN-mFdKY0","Visage Hair & Beauty Studio","Beauty & Wellness","Beauty & Wellness","Hair salon","127 Mitcham Rd, London","SW17 9NN","SW17","Tooting","London","+44 20 8682 4253","http://visagehb.co.uk/","","","","https://maps.google.com/?cid=10171763908781404905&g_mp=Cidnb29nbGUubWFwcy5wbGFjZXMudjEuUGxhY2VzLlNlYXJjaFRleHQQAhgEIAA","51.4252912","-0.16403099999999998","4.6","281","OPERATIONAL","Wandsworth"
"ChIJU8WmwXIPdkgRjdzXHzZEHNw","BL Beauty Lounge","Beauty & Wellness","Beauty & Wellness","Skin care clinic","Northfields Prospects, 14 Putney Bridge Rd, London","SW18 1HU","SW18","Wandsworth / Earlsfield","London","+44 20 4572 9909","https://www.beautyloungeallin1.co.uk/","","","","https://maps.google.com/?cid=15860626986945207437&g_mp=Cidnb29nbGUubWFwcy5wbGFjZXMudjEuUGxhY2VzLlNlYXJjaFRleHQQAhgEIAA","51.4575896","-0.1976582","4.3","12","OPERATIONAL","Wandsworth"
"ChIJoS09DF8PdkgRdaD0cuxbRl4","Fahmina's Hair and Beauty","Beauty & Wellness","Beauty & Wellness","Beauty salon","184 Garratt Ln, London","SW18 4ED","SW18","Wandsworth / Earlsfield","London","+44 20 8617 9889","https://fahminas.co.uk/","","","","https://maps.google.com/?cid=6793218159034015861&g_mp=Cidnb29nbGUubWFwcy5wbGFjZXMudjEuUGxhY2VzLlNlYXJjaFRleHQQAhgEIAA","51.4484705","-0.18977349999999998","4.6","217","OPERATIONAL","Wandsworth"
"ChIJY-cJtr4FdkgRjPPgNOryqw8","Glitz And Glam Beauty","Beauty & Wellness","Beauty & Wellness","Beauty salon","9 Huguenot Pl, London","SW18 2EN","SW18","Wandsworth / Earlsfield","London","+44 20 8874 6664","https://sitelift.site/glitz-and-glam-beauty/","","","","https://maps.google.com/?cid=1129263219309867916&g_mp=Cidnb29nbGUubWFwcy5wbGFjZXMudjEuUGxhY2VzLlNlYXJjaFRleHQQAhgEIAA","51.4577357","-0.183574","4.8","75","OPERATIONAL","Wandsworth"
"ChIJudef4eEPdkgRqHcsnk4BS0A","Glo Wandsworth","Beauty & Wellness","Beauty & Wellness","Hair salon","5 Smugglers Way, New Acres, London","SW18 1FJ","SW18","Wandsworth / Earlsfield","London","+44 7939 061869","https://www.glo-london.com/","","","","https://maps.google.com/?cid=4632798078853478312&g_mp=Cidnb29nbGUubWFwcy5wbGFjZXMudjEuUGxhY2VzLlNlYXJjaFRleHQQAhgEIAA","51.461031299999995","-0.191512","4.8","76","OPERATIONAL","Wandsworth"
"ChIJy2HdOmQPdkgRKcDIjH3i3mo","Hair Resort","Beauty & Wellness","Beauty & Wellness","Hair salon","W G Child & Sons Ltd, 104a Wandsworth High St, London","SW18 4LA","SW18","Wandsworth / Earlsfield","London","+44 7834 377024","http://www.hairresort.co.uk/","","","","https://maps.google.com/?cid=7700841441710882857&g_mp=Cidnb29nbGUubWFwcy5wbGFjZXMudjEuUGxhY2VzLlNlYXJjaFRleHQQAhgEIAA","51.4574534","-0.19613509999999998","4.7","124","OPERATIONAL","Wandsworth"
"ChIJextzTTAPdkgRD3JgqRXEMj0","Headmasters Wandsworth","Beauty & Wellness","Beauty & Wellness","Hair salon","537 Old York Rd, London","SW18 1TG","SW18","Wandsworth / Earlsfield","London","+44 345 459 7715","https://www.headmasters.com/find-a-salon/wandsworth/","","","","https://maps.google.com/?cid=4409802582464164367&g_mp=Cidnb29nbGUubWFwcy5wbGFjZXMudjEuUGxhY2VzLlNlYXJjaFRleHQQAhgEIAA","51.4598187","-0.1889672","4.6","193","OPERATIONAL","Wandsworth"
"ChIJDb7oPEkPdkgRtyYf9EfWYeY","iLuvo Beauty – Wandsworth Beauty Salon","Beauty & Wellness","Beauty & Wellness","Beauty salon","Ram Quarter, 5 Ryeland Blvd, London","SW18 1UN","SW18","Wandsworth / Earlsfield","London","+44 20 3877 0822","https://www.iluvo.co.uk/","","","","https://maps.google.com/?cid=16600785305991063223&g_mp=Cidnb29nbGUubWFwcy5wbGFjZXMudjEuUGxhY2VzLlNlYXJjaFRleHQQAhgEIAA","51.458241199999996","-0.1930449","4.9","316","OPERATIONAL","Wandsworth"
"ChIJVVV6YvgFdkgRRBu6uQi3APk","J Beauty Salon","Beauty & Wellness","Beauty & Wellness","Beauty salon","Inside The Nail studio, 587 Garratt Ln, London","SW18 4ST","SW18","Wandsworth / Earlsfield","London","+44 7824 393953","http://www.jbeautysalon.co.uk/","","","","https://maps.google.com/?cid=17942542163547659076&g_mp=Cidnb29nbGUubWFwcy5wbGFjZXMudjEuUGxhY2VzLlNlYXJjaFRleHQQAhgEIAA","51.439461699999995","-0.18667129999999998","5","47","OPERATIONAL","Wandsworth"
"ChIJJ9yczssPdkgRsxhyKvG_OW0","Lady J Nail Beauty","Beauty & Wellness","Beauty & Wellness","Nail salon","505 Old York Rd, London","SW18 1TF","SW18","Wandsworth / Earlsfield","London","+44 20 8871 4154","https://widget.treatwell.co.uk/place/404693/menu/","","","","https://maps.google.com/?cid=7870532866326796467&g_mp=Cidnb29nbGUubWFwcy5wbGFjZXMudjEuUGxhY2VzLlNlYXJjaFRleHQQAhgEIAA","51.4604539","-0.1879198","4.4","136","OPERATIONAL","Wandsworth"
"ChIJN7e6vGEPdkgREDcl_PxiCx8","Lotus Spa - Wandsworth Town","Beauty & Wellness","Beauty & Wellness","Spa","535 Old York Rd, London","SW18 1TG","SW18","Wandsworth / Earlsfield","London","+44 20 8875 1199","https://www.lotus-spa-wandsworth.com/","","","","https://maps.google.com/?cid=2236990478621161232&g_mp=Cidnb29nbGUubWFwcy5wbGFjZXMudjEuUGxhY2VzLlNlYXJjaFRleHQQAhgEIAA","51.459806799999996","-0.1888913","4.6","108","OPERATIONAL","Wandsworth"
"ChIJvw3EsWYPdkgRPUegmusW9DE","Smart Look Beauty","Beauty & Wellness","Beauty & Wellness","Beauty salon","123, Wandsworth High St, London","SW18 4TF","SW18","Wandsworth / Earlsfield","London","+44 20 3302 1460","http://www.smartlookbeauty.com/","","","","https://maps.google.com/?cid=3599527203343189821&g_mp=Cidnb29nbGUubWFwcy5wbGFjZXMudjEuUGxhY2VzLlNlYXJjaFRleHQQAhgEIAA","51.456346100000005","-0.193923","4.1","564","OPERATIONAL","Wandsworth"
"ChIJR44GD1YPdkgRfnSyakztPpA","Studio 88 Hair, Nails & Beauty","Beauty & Wellness","Beauty & Wellness","Beauty salon","138 Wandsworth High St, London","SW18 4JJ","SW18","Wandsworth / Earlsfield","London","+44 20 3325 1679","","","","","https://maps.google.com/?cid=10394005902481060990&g_mp=Cidnb29nbGUubWFwcy5wbGFjZXMudjEuUGxhY2VzLlNlYXJjaFRleHQQAhgEIAA","51.4572313","-0.1979445","4.8","40","OPERATIONAL","Wandsworth"
"ChIJuWRci2IPdkgRglhYpN9hqXE","Stylelounge Ltd","Beauty & Wellness","Beauty & Wellness","Hair salon","358 Old York Rd, London","SW18 1SS","SW18","Wandsworth / Earlsfield","London","+44 20 8870 3820","https://styleloungestudio.com/","","","","https://maps.google.com/?cid=8190185010512812162&g_mp=Cidnb29nbGUubWFwcy5wbGFjZXMudjEuUGxhY2VzLlNlYXJjaFRleHQQAhgEIAA","51.459977099999996","-0.1891213","4.7","292","OPERATIONAL","Wandsworth"
"ChIJV9gdHVcFdkgRm7gn7-2asK0","The Cher Academy","Beauty & Wellness","Beauty & Wellness","Beauty salon","99 East Hill, London","SW18 2QD","SW18","Wandsworth / Earlsfield","London","+44 20 3302 8796","https://cheracademy.co.uk/","","","","https://maps.google.com/?cid=12515673711172892827&g_mp=Cidnb29nbGUubWFwcy5wbGFjZXMudjEuUGxhY2VzLlNlYXJjaFRleHQQAhgEIAA","51.457184999999996","-0.18702149999999998","4.3","103","OPERATIONAL","Wandsworth"
"ChIJp3_uFgAPdkgRtvqRwDFJ8sc","The Gloss Wandsworth","Beauty & Wellness","Beauty & Wellness","Skin care clinic","26 Point Pleasant, London","SW18 1GG","SW18","Wandsworth / Earlsfield","London","+44 20 8075 0534","http://the-gloss.com/","","","","https://maps.google.com/?cid=14407658635944655542&g_mp=Cidnb29nbGUubWFwcy5wbGFjZXMudjEuUGxhY2VzLlNlYXJjaFRleHQQAhgEIAA","51.4615243","-0.19927809999999999","4.6","23","OPERATIONAL","Wandsworth"
"ChIJsYcZD40FdkgRNsGI1nrSHw8","VC BEAUTY STUDIO","Beauty & Wellness","Beauty & Wellness","Beauty salon","127-129 Wandsworth High St, London","SW18 4JB","SW18","Wandsworth / Earlsfield","London","+44 7473 522543","https://vcbeautyuk.com/","","","","https://maps.google.com/?cid=1089821059874079030&g_mp=Cidnb29nbGUubWFwcy5wbGFjZXMudjEuUGxhY2VzLlNlYXJjaFRleHQQAhgEIAA","51.457219699999996","-0.19532239999999998","4.8","20","OPERATIONAL","Wandsworth"
"ChIJkZiVc-gJdkgRDtbk1AYGfSI","Alana Wimbledon Beauty and Aesthetics","Beauty & Wellness","Beauty & Wellness","Beauty salon","3 Gladstone Rd, London","SW19 1QU","SW19","Wimbledon / Southfields edge","London","+44 7404 933566","","","","","https://maps.google.com/?cid=2485149195789719054&g_mp=Cidnb29nbGUubWFwcy5wbGFjZXMudjEuUGxhY2VzLlNlYXJjaFRleHQQAhgEIAA","51.4191669","-0.2029348","5","15","OPERATIONAL","Wandsworth"
"ChIJjYTXmzsJdkgRLroVxMe7u80","Bella BY Isabella","Beauty & Wellness","Beauty & Wellness","Beauty salon","Reed House, 21 Durnsford Rd, London","SW19 8GU","SW19","Wimbledon / Southfields edge","London","+44 7438 026287","https://www.bellabyisabella.com/","","","","https://maps.google.com/?cid=14824649065082763822&g_mp=Cidnb29nbGUubWFwcy5wbGFjZXMudjEuUGxhY2VzLlNlYXJjaFRleHQQAhgEIAA","51.428932499999995","-0.19037430000000002","5","37","OPERATIONAL","Wandsworth"
"ChIJQ3eNPlIPdkgRwDtmYBBgZEE","GA Wimbledon Park","Beauty & Wellness","Beauty & Wellness","Hair salon","154 Arthur Rd, London","SW19 8AQ","SW19","Wimbledon / Southfields edge","London","+44 330 135 9494","https://gennarodellaquila.co.uk/locations/wimbledon","","","","https://maps.google.com/?cid=4711996733589437376&g_mp=Cidnb29nbGUubWFwcy5wbGFjZXMudjEuUGxhY2VzLlNlYXJjaFRleHQQAhgEIAA","51.434823699999995","-0.19770369999999998","4.9","422","OPERATIONAL","Wandsworth"
"ChIJb0QsCrcIdkgRvj786wgF5is","Gina Conway Salon Spa and Wellness","Beauty & Wellness","Beauty & Wellness","Hair salon","20 Wimbledon Hill Rd, London","SW19 7NU","SW19","Wimbledon / Southfields edge","London","+44 20 8090 5818","https://ginaconwaysalons.co.uk/","","","","https://maps.google.com/?cid=3163221324151406270&g_mp=Cidnb29nbGUubWFwcy5wbGFjZXMudjEuUGxhY2VzLlNlYXJjaFRleHQQAhgEIAA","51.4215327","-0.20812019999999998","4.5","340","OPERATIONAL","Wandsworth"
"ChIJBzLXLckIdkgR5kmW01vHrg0","Illumin8 Beauty","Beauty & Wellness","Beauty & Wellness","Beauty salon","33 Church Rd, London","SW19 5DQ","SW19","Wimbledon / Southfields edge","London","+44 333 800 3008","https://www.illumin8beauty.co.uk/","","","","https://maps.google.com/?cid=985944565646510566&g_mp=Cidnb29nbGUubWFwcy5wbGFjZXMudjEuUGxhY2VzLlNlYXJjaFRleHQQAhgEIAA","51.4261647","-0.217033","4.9","578","OPERATIONAL","Wandsworth"
"ChIJw_13SH8JdkgRdr8y-NC-88o","Izba Spa","Beauty & Wellness","Beauty & Wellness","Beauty salon","110 Kingston Rd, London","SW19 1LX","SW19","Wimbledon / Southfields edge","London","+44 20 3196 5654","http://www.izbaspa.co.uk/","","","","https://maps.google.com/?cid=14624242219728682870&g_mp=Cidnb29nbGUubWFwcy5wbGFjZXMudjEuUGxhY2VzLlNlYXJjaFRleHQQAhgEIAA","51.415268999999995","-0.1983102","4.9","482","OPERATIONAL","Wandsworth"
"ChIJrY7gcrcIdkgREzjiFhrZYxg","Lagoon","Beauty & Wellness","Beauty & Wellness","Beauty salon","139 Alexandra Rd, London","SW19 7JY","SW19","Wimbledon / Southfields edge","London","+44 20 8947 2332","http://www.lagoonspa.co.uk/","","","","https://maps.google.com/?cid=1757486985680926739&g_mp=Cidnb29nbGUubWFwcy5wbGFjZXMudjEuUGxhY2VzLlNlYXJjaFRleHQQAhgEIAA","51.4216455","-0.20704509999999998","4.5","266","OPERATIONAL","Wandsworth"
"ChIJYQKJLK8IdkgR_3aP54HAPyw","Laura's Beauty Corner","Beauty & Wellness","Beauty & Wellness","Beauty salon","78 Effra Rd, London","SW19 8PP","SW19","Wimbledon / Southfields edge","London","+44 20 8127 1950","https://laurasbeautycorner.book.app/","","","","https://maps.google.com/?cid=3188478725369853695&g_mp=Cidnb29nbGUubWFwcy5wbGFjZXMudjEuUGxhY2VzLlNlYXJjaFRleHQQAhgEIAA","51.422454599999995","-0.1933832","4.9","62","OPERATIONAL","Wandsworth"
"ChIJ-yuOj3YJdkgRaWI9jMIGt2U","POSE Wimbledon","Beauty & Wellness","Beauty & Wellness","Hair salon","76 High Street Wimbledon, London","SW19 5EG","SW19","Wimbledon / Southfields edge","London","+44 20 8058 7676","http://posewimbledon.co.uk/","","","","https://maps.google.com/?cid=7329334351215026793&g_mp=Cidnb29nbGUubWFwcy5wbGFjZXMudjEuUGxhY2VzLlNlYXJjaFRleHQQAhgEIAA","51.425425399999995","-0.2173032","5","457","OPERATIONAL","Wandsworth"
"ChIJF3sp31AJdkgRxkDtgTY5Md0","Rebeca Scattone Lashes & Beauty","Beauty & Wellness","Beauty & Wellness","Beauty salon","Sterling House, David Hartley Associates, 6-10 St George's Rd, London","SW19 4DP","SW19","Wimbledon / Southfields edge","London","+44 7939 055928","https://www.rebecascattone.com/","","","","https://maps.google.com/?cid=15938583462511722694&g_mp=Cidnb29nbGUubWFwcy5wbGFjZXMudjEuUGxhY2VzLlNlYXJjaFRleHQQAhgEIAA","51.421300099999996","-0.2082818","4.9","146","OPERATIONAL","Wandsworth"
"ChIJle8kMMkIdkgRNAHxu-xs394","Sajna Hair & Beauty, Wimbledon","Beauty & Wellness","Beauty & Wellness","Beauty salon","12 Ridgway, London","SW19 4QN","SW19","Wimbledon / Southfields edge","London","+44 20 7501 0001","http://sajna.co.uk/","","","","https://maps.google.com/?cid=16059674560247693620&g_mp=Cidnb29nbGUubWFwcy5wbGFjZXMudjEuUGxhY2VzLlNlYXJjaFRleHQQAhgEIAA","51.423595","-0.21628100000000003","4.5","139","OPERATIONAL","Wandsworth"
"ChIJ3whMR6YIdkgRCQ1Mwhu9CUg","Simply Beauty SW19","Beauty & Wellness","Beauty & Wellness","Beauty salon","85 Quicks Rd, London","SW19 1EX","SW19","Wimbledon / Southfields edge","London","+44 20 7998 9325","http://www.simplybeautysw19.co.uk/","","","","https://maps.google.com/?cid=5190887972442737929&g_mp=Cidnb29nbGUubWFwcy5wbGFjZXMudjEuUGxhY2VzLlNlYXJjaFRleHQQAhgEIAA","51.4189012","-0.19114060000000002","4.9","64","OPERATIONAL","Wandsworth"
"ChIJ61n9QX4JdkgRNt4usqPRdxQ","So.Shell Wimbledon","Beauty & Wellness","Beauty & Wellness","Nail salon","Unit 203, Wimbledon Quarter, 4 Queen's Rd, London","SW19 8ND","SW19","Wimbledon / Southfields edge","London","+44 7446 975647","https://soshell.uk/locations/so-shell-wimbledon/","","","","https://maps.google.com/?cid=1474877903986417206&g_mp=Cidnb29nbGUubWFwcy5wbGFjZXMudjEuUGxhY2VzLlNlYXJjaFRleHQQAhgEIAA","51.4212749","-0.2054343","4.7","133","OPERATIONAL","Wandsworth"
"ChIJc1zxFNIJdkgRlTbpztOHVJI","Take Time at Cannizaro House","Beauty & Wellness","Beauty & Wellness","Beauty salon","West Side Common, London","SW19 4UE","SW19","Wimbledon / Southfields edge","London","+44 7946 826989","https://www.taketimelondon.co.uk/","","","","https://maps.google.com/?cid=10544201971360413333&g_mp=Cidnb29nbGUubWFwcy5wbGFjZXMudjEuUGxhY2VzLlNlYXJjaFRleHQQAhgEIAA","51.424825000000006","-0.22791160000000002","4.9","95","OPERATIONAL","Wandsworth"
"ChIJN7loa4EJdkgRnWF_zaO3boY","Tanya Beauty and Spa","Beauty & Wellness","Beauty & Wellness","Nail salon","Merton Surgery, 160 Merton High St, London","SW19 1AZ","SW19","Wimbledon / Southfields edge","London","+44 20 4629 8954","https://tanyabeautyspa.com/","","","","https://maps.google.com/?cid=9686881762675745181&g_mp=Cidnb29nbGUubWFwcy5wbGFjZXMudjEuUGxhY2VzLlNlYXJjaFRleHQQAhgEIAA","51.415859000000005","-0.1886919","4.9","107","OPERATIONAL","Wandsworth"
"ChIJP1GevRwJdkgRChsnN7YGwlc","Tulip Beauty Salon","Beauty & Wellness","Beauty & Wellness","Beauty salon","238 Merton Rd, London","SW19 1EQ","SW19","Wimbledon / Southfields edge","London","+44 20 3345 3581","https://tulipbeautysalon.co.uk/?utm_source=google&utm_medium=organic&utm_campaign=google-business-profile","","","","https://maps.google.com/?cid=6323624206460721930&g_mp=Cidnb29nbGUubWFwcy5wbGFjZXMudjEuUGxhY2VzLlNlYXJjaFRleHQQAhgEIAA","51.4160676","-0.1923145","4.7","43","OPERATIONAL","Wandsworth"
"ChIJ5S5T1RwJdkgRr6YOqf1Ab7k","UNIQUE by Anna Sarna","Beauty & Wellness","Beauty & Wellness","Beauty salon","130, 132 Merton High St, London","SW19 1BA","SW19","Wimbledon / Southfields edge","London","+44 20 3325 2616","http://www.uniquebyanna.co.uk/","","","","https://maps.google.com/?cid=13361970077638764207&g_mp=Cidnb29nbGUubWFwcy5wbGFjZXMudjEuUGxhY2VzLlNlYXJjaFRleHQQAhgEIAA","51.4160056","-0.1875499","5","100","OPERATIONAL","Wandsworth"
"ChIJt1frP8wFdkgRhDCYepm8axY","Aquatic Design Centre","Books & Music","Books & Music","Pet store","26 Zennor Rd, London","SW12 0PS","SW12","Balham","London","+44 20 7580 6764","https://www.aquaticdesign.co.uk/","","","","https://maps.google.com/?cid=1615592258715267204&g_mp=Cidnb29nbGUubWFwcy5wbGFjZXMudjEuUGxhY2VzLlNlYXJjaFRleHQQAhgEIAA","51.44561840000001","-0.1453099","4.5","680","OPERATIONAL","Wandsworth"
"ChIJHcmjKfkFdkgRjfrlPmbq6Uk","Backstory","Books & Music","Books & Music|Kids & Family","Book store","71 Balham High Rd, London","SW12 9AP","SW12","Balham","London","+44 20 3302 0460","http://backstory.london/","","","","https://maps.google.com/?cid=5326045759205145229&g_mp=Cidnb29nbGUubWFwcy5wbGFjZXMudjEuUGxhY2VzLlNlYXJjaFRleHQQAhgEIAA","51.445813799999996","-0.14990170000000003","5","192","OPERATIONAL","Wandsworth"
"ChIJcWsYWRMFdkgRmPGHGhrnN20","El & Em Books","Books & Music","Books & Music","Child care agency","13 Dornton Rd, London","SW12 9NB","SW12","Balham","London","","https://elandembooks.com/","","","","https://maps.google.com/?cid=7870012973153513880&g_mp=Cidnb29nbGUubWFwcy5wbGFjZXMudjEuUGxhY2VzLlNlYXJjaFRleHQQAhgEIAA","51.4393452","-0.1441113","","","OPERATIONAL","Wandsworth"
"ChIJZdTTIgAFdkgRpHfI9XOI9Zc","Henry's Coffee Stop","Books & Music","Books & Music","Coffee shop","Henry Cavendish Primary School, Hydethorpe Rd, London","SW12 0JA","SW12","Balham","London","+44 20 8673 3376","https://www.henrycavendish.co.uk/","","","","https://maps.google.com/?cid=10949808100647401380&g_mp=Cidnb29nbGUubWFwcy5wbGFjZXMudjEuUGxhY2VzLlNlYXJjaFRleHQQAhgEIAA","51.443968899999994","-0.1445688","4.8","33","OPERATIONAL","Wandsworth"
"ChIJQ2gakkcFdkgRTpUH-PKVsCA","Panda's Coffee House","Books & Music","Books & Music","Food store","84 Balham High Rd, London","SW12 9AG","SW12","Balham","London","","","","","","https://maps.google.com/?cid=2355547475890640206&g_mp=Cidnb29nbGUubWFwcy5wbGFjZXMudjEuUGxhY2VzLlNlYXJjaFRleHQQAhgEIAA","51.4464805","-0.1498479","4.9","108","OPERATIONAL","Wandsworth"
"ChIJv-tJCcYFdkgRq7pYUfXD5a0","Venetia Vyvyan Ltd","Books & Music","Books & Music","Book store","63 Ramsden Rd, London","SW12 8RA","SW12","Balham","London","+44 20 8772 1427","http://venetiavyvyan.com/","","","","https://maps.google.com/?cid=12530636996627446443&g_mp=Cidnb29nbGUubWFwcy5wbGFjZXMudjEuUGxhY2VzLlNlYXJjaFRleHQQAhgEIAA","51.4469108","-0.1533726","4.2","5","OPERATIONAL","Wandsworth"
"ChIJqcuPcJcFdkgRvm7QwOo-HKo","Waterstones","Books & Music","Books & Music|Kids & Family","Book store","70 St John's Rd, London","SW11 1PT","SW11","Battersea","London","+44 20 7978 5844","https://www.waterstones.com/bookshops/clapham-junction","","","","https://maps.google.com/?cid=12257741463773802174&g_mp=Cidnb29nbGUubWFwcy5wbGFjZXMudjEuUGxhY2VzLlNlYXJjaFRleHQQAhgEIAA","51.461745","-0.1676695","4.6","432","OPERATIONAL","Wandsworth"
"ChIJp9d1nKYFdkgR8LF71zXS-po","Waterstones","Books & Music","Books & Music","Book store","Swatch, The Power Station, Circus Rd S, London","SW11 8BU","SW11","Battersea","London","+44 20 8153 1770","https://www.waterstones.com/bookshops/battersea-power-station","","","","https://maps.google.com/?cid=11167469354708873712&g_mp=Cidnb29nbGUubWFwcy5wbGFjZXMudjEuUGxhY2VzLlNlYXJjaFRleHQQAhgEIAA","51.482297700000004","-0.1435918","4.2","6","OPERATIONAL","Wandsworth"
"ChIJ06Vd7w0PdkgRir--CUnC49M","Waterstones","Books & Music","Books & Music","Book store","Unit 5, 5 Putney High St, London","SW15 1TW","SW15","Putney","London","+44 20 8780 2401","https://www.waterstones.com/bookshops/london-putney","","","","https://maps.google.com/?cid=15268260780668010378&g_mp=Cidnb29nbGUubWFwcy5wbGFjZXMudjEuUGxhY2VzLlNlYXJjaFRleHQQAhgEIAA","51.463236099999996","-0.216577","4.6","519","OPERATIONAL","Wandsworth"
"ChIJcfeU07wFdkgR53r_6-u08xM","Bismillah Stores Ltd","Books & Music","Books & Music","Store","145 Upper Tooting Rd, London","SW17 7TJ","SW17","Tooting","London","+44 7958 956842","http://www.bismillahstores.co.uk/","","","","https://maps.google.com/?cid=1437691631431023335&g_mp=Cidnb29nbGUubWFwcy5wbGFjZXMudjEuUGxhY2VzLlNlYXJjaFRleHQQAhgEIAA","51.4324776","-0.1635322","5","15","OPERATIONAL","Wandsworth"
"ChIJwTaz2t8FdkgRbXZGnRMguks","Islamic Book Shop & Da'wah Centre","Books & Music","Books & Music","Book store","Greater, 119 Upper Tooting Rd, London","SW17 7TJ","SW17","Tooting","London","+44 20 8672 8848","https://www.facebook.com/islamforallbookshop","","https://www.facebook.com/islamforallbookshop","","https://maps.google.com/?cid=5456709167127885421&g_mp=Cidnb29nbGUubWFwcy5wbGFjZXMudjEuUGxhY2VzLlNlYXJjaFRleHQQAhgEIAA","51.4328019","-0.163484","4.6","47","OPERATIONAL","Wandsworth"
"ChIJI9J2YAsGdkgRCVz4L1XW7b4","K & K Stationers & Printers","Books & Music","Books & Music","Store","92-94 Mitcham Rd, London","SW17 9NG","SW17","Tooting","London","+44 20 8767 5149","http://www.kandkstationers.com/","","","","https://maps.google.com/?cid=13757888098052103177&g_mp=Cidnb29nbGUubWFwcy5wbGFjZXMudjEuUGxhY2VzLlNlYXJjaFRleHQQAhgEIAA","51.4257612","-0.1655237","4.5","184","OPERATIONAL","Wandsworth"
"ChIJbyCnoe0HdkgRHiwnA2yzmgw","Lebas","Books & Music","Books & Music","Store","236 Upper Tooting Rd, London","SW17 7EX","SW17","Tooting","London","+44 20 8767 7880","http://www.islamiclebas.com/","","","","https://maps.google.com/?cid=908235551359314974&g_mp=Cidnb29nbGUubWFwcy5wbGFjZXMudjEuUGxhY2VzLlNlYXJjaFRleHQQAhgEIAA","51.430410599999995","-0.1658145","4.6","27","OPERATIONAL","Wandsworth"
"ChIJQfgmcO4FdkgR2ZsNe-2KJug","The Book Fixer","Books & Music","Books & Music","Services","15 Price Cl, London","SW17 7EP","SW17","Tooting","London","+44 7733 448760","https://thebookfixer.co.uk/","","","","https://maps.google.com/?cid=16728210618490657753&g_mp=Cidnb29nbGUubWFwcy5wbGFjZXMudjEuUGxhY2VzLlNlYXJjaFRleHQQAhgEIAA","51.433684799999995","-0.16419970000000003","5","14","OPERATIONAL","Wandsworth"
"ChIJw3AkugQPdkgRswNnkWf8hzk","Global Educational Trust's 'books for free'","Books & Music","Books & Music","Association / Organization","Southside Shopping Centre, London","SW18 4TF","SW18","Wandsworth / Earlsfield","London","","http://www.globaleducationaltrust.org/","","","","https://maps.google.com/?cid=4145559503769109427&g_mp=Cidnb29nbGUubWFwcy5wbGFjZXMudjEuUGxhY2VzLlNlYXJjaFRleHQQAhgEIAA","51.4547452","-0.1931625","4.7","27","OPERATIONAL","Wandsworth"
"ChIJJR_SHYSp2EcR2mPFCnVUYLs","Morocco Bound Bookshop Wandsworth","Books & Music","Books & Music","Book store","Unit 3A, Pilots Walk, New Acres, London","SW18 1UZ","SW18","Wandsworth / Earlsfield","London","+44 7415 371654","https://www.moroccobound.co.uk/","","","","https://maps.google.com/?cid=13501884544525362138&g_mp=Cidnb29nbGUubWFwcy5wbGFjZXMudjEuUGxhY2VzLlNlYXJjaFRleHQQAhgEIAA","51.461260499999995","-0.190901","4.8","25","OPERATIONAL","Wandsworth"
"ChIJVyiyx2YPdkgRNN11tWeAa68","TGJones","Books & Music","Books & Music|Kids & Family","Store","69 Buckhold Rd, London","SW18 4TG","SW18","Wandsworth / Earlsfield","London","+44 20 8877 1979","https://www.tgjonesonline.co.uk/stores/southside-shopping-centre-wandsworth","","","","https://maps.google.com/?cid=12640337962059816244&g_mp=Cidnb29nbGUubWFwcy5wbGFjZXMudjEuUGxhY2VzLlNlYXJjaFRleHQQAhgEIAA","51.4545971","-0.1942534","3.7","167","OPERATIONAL","Wandsworth"
"ChIJGz2gIFEPdkgRn53uhVC5rVc","The Works","Books & Music","Books & Music|Kids & Family","Discount store","Unit 100 / 102, Southside Shopping Centre, London","SW18 4TF","SW18","Wandsworth / Earlsfield","London","+44 20 8704 4602","https://www.theworks.co.uk/Store?storeId=1227","","","","https://maps.google.com/?cid=6317909607766203807&g_mp=Cidnb29nbGUubWFwcy5wbGFjZXMudjEuUGxhY2VzLlNlYXJjaFRleHQQAhgEIAA","51.4559218","-0.194487","4.1","19","OPERATIONAL","Wandsworth"
"ChIJTRFBRQAPdkgRXQ3MhKIfanU","Wandsworth library of things","Books & Music","Books & Music","Home goods store","Southside Shopping Centre, London","SW18 4TS","SW18","Wandsworth / Earlsfield","London","+44 7541 492736","","","","","https://maps.google.com/?cid=8460609632842026333&g_mp=Cidnb29nbGUubWFwcy5wbGFjZXMudjEuUGxhY2VzLlNlYXJjaFRleHQQAhgEIAA","51.4545992","-0.1934299","3.2","11","OPERATIONAL","Wandsworth"
"ChIJWemhAWQPdkgRYGanr0ZyUVM","Waterstones","Books & Music","Books & Music|Kids & Family","Book store","5, Southside Shopping Centre, Wandsworth High St, London","SW18 4TF","SW18","Wandsworth / Earlsfield","London","+44 20 8874 4597","https://www.waterstones.com/bookshops/wandsworth","","","","https://maps.google.com/?cid=6003705426181842528&g_mp=Cidnb29nbGUubWFwcy5wbGFjZXMudjEuUGxhY2VzLlNlYXJjaFRleHQQAhgEIAA","51.4544405","-0.19327049999999998","4.5","337","OPERATIONAL","Wandsworth"
"ChIJyXqjNaUJdkgRA2QmK-a1gxQ","21 Grams","Books & Music","Books & Music","Coffee shop","83 Hartfield Cres, London","SW19 3RZ","SW19","Wimbledon / Southfields edge","London","+44 7456 458716","","","","","https://maps.google.com/?cid=1478225102878696451&g_mp=Cidnb29nbGUubWFwcy5wbGFjZXMudjEuUGxhY2VzLlNlYXJjaFRleHQQAhgEIAA","51.417826299999994","-0.20739559999999999","4.7","339","OPERATIONAL","Wandsworth"
"ChIJRQogns4IdkgRe17a7XFpr5Q","Bayley & Sage","Books & Music","Books & Music","Grocery store","Brewery Tap, 60 High Street Wimbledon, London","SW19 5EE","SW19","Wimbledon / Southfields edge","London","+44 20 8946 9904","http://www.bayley-sage.co.uk/","","","","https://maps.google.com/?cid=10713897976580431483&g_mp=Cidnb29nbGUubWFwcy5wbGFjZXMudjEuUGxhY2VzLlNlYXJjaFRleHQQAhgEIAA","51.425441","-0.2187211","4.3","364","OPERATIONAL","Wandsworth"
"ChIJ4cZzsnsJdkgRyugeYTu546A","Melaman X","Books & Music","Books & Music","Book store","Flat 4, Ramsey House, London","SW19 2JU","SW19","Wimbledon / Southfields edge","London","+44 7349 461023","https://melamanx.com/","","","","https://maps.google.com/?cid=11593313530465413322&g_mp=Cidnb29nbGUubWFwcy5wbGFjZXMudjEuUGxhY2VzLlNlYXJjaFRleHQQAhgEIAA","51.413970899999995","-0.18982059999999998","","","OPERATIONAL","Wandsworth"
"ChIJh7hbNrsHdkgRQgMenDdiEUQ","Only Make Believe","Books & Music","Books & Music","Book store","6, The Coles Shop, The 1929 Shop, London","SW19 2RD","SW19","Wimbledon / Southfields edge","London","","https://www.onlymakebelieve.co.uk/","","","","https://maps.google.com/?cid=4904809460165116738&g_mp=Cidnb29nbGUubWFwcy5wbGFjZXMudjEuUGxhY2VzLlNlYXJjaFRleHQQAhgEIAA","51.412976300000004","-0.1835578","5","60","OPERATIONAL","Wandsworth"
"ChIJ11ld8fYJdkgRi2lYEw2n-wI","Postmark","Books & Music","Books & Music|Kids & Family","Store","Brewery Tap, 61 High Street Wimbledon, London","SW19 5EE","SW19","Wimbledon / Southfields edge","London","+44 20 8944 0166","http://www.postmarkonline.co.uk/","","","","https://maps.google.com/?cid=214949081831205259&g_mp=Cidnb29nbGUubWFwcy5wbGFjZXMudjEuUGxhY2VzLlNlYXJjaFRleHQQAhgEIAA","51.4254262","-0.2186351","4.9","12","OPERATIONAL","Wandsworth"
"ChIJRwgkn7cIdkgRHrnPIJ8ZFVM","Ryman Stationery","Books & Music","Books & Music","Store","Unit 2 19 The Broadway, London","SW19 1PS","SW19","Wimbledon / Southfields edge","London","+44 20 3907 3132","https://www.ryman.co.uk/storefinder/ryman-wimbledon/?utm_source=gmb&utm_medium=organic&utm_campaign=LPM_Google_1128","","","","https://maps.google.com/?cid=5986719450899921182&g_mp=Cidnb29nbGUubWFwcy5wbGFjZXMudjEuUGxhY2VzLlNlYXJjaFRleHQQAhgEIAA","51.4203544","-0.20545400000000003","4","186","OPERATIONAL","Wandsworth"
"ChIJ27l2dVIPdkgR7WrUlvCJweI","Tennis Gallery Wimbledon","Books & Music","Books & Music","Book store","112 Arthur Rd, London","SW19 8AA","SW19","Wimbledon / Southfields edge","London","+44 20 8715 8866","http://www.tennisgallerywimbledon.com/","","","","https://maps.google.com/?cid=16339492589492529901&g_mp=Cidnb29nbGUubWFwcy5wbGFjZXMudjEuUGxhY2VzLlNlYXJjaFRleHQQAhgEIAA","51.434517799999995","-0.1999174","4.7","15","OPERATIONAL","Wandsworth"
"ChIJ4QxotLAIdkgR05Z7bShUazY","TGJones","Books & Music","Books & Music|Kids & Family","Store","Centre Court Shopping Centre, 102-103 Queen's Rd, London","SW19 8YA","SW19","Wimbledon / Southfields edge","London","+44 20 4636 3829","https://www.tgjonesonline.co.uk/stores/centre-court-shopping-centre-wimbledon","","","","https://maps.google.com/?cid=3921320433168389843&g_mp=Cidnb29nbGUubWFwcy5wbGFjZXMudjEuUGxhY2VzLlNlYXJjaFRleHQQAhgEIAA","51.421420499999996","-0.2045476","3.9","48","OPERATIONAL","Wandsworth"
"ChIJHbG_vxkGdkgRA2QcMSxmQI4","TGJones","Books & Music","Books & Music|Kids & Family","Store","tandem centre, Tandem Way Wimbledon, Colliers Wood, London","SW19 2TY","SW19","Wimbledon / Southfields edge","London","+44 20 8640 4592","https://www.tgjonesonline.co.uk/stores/tandem-centre-colliers-wood-london","","","","https://maps.google.com/?cid=10250305091883787267&g_mp=Cidnb29nbGUubWFwcy5wbGFjZXMudjEuUGxhY2VzLlNlYXJjaFRleHQQAhgEIAA","51.4145009","-0.1767645","3.8","115","OPERATIONAL","Wandsworth"
"ChIJ80tFc7oIdkgR5YZppW22aPg","Waterstones","Books & Music","Books & Music","Book store","40, 42 The Broadway, London","SW19 1RQ","SW19","Wimbledon / Southfields edge","London","+44 20 3544 6720","https://www.waterstones.com/bookshops/wimbledon","","","","https://maps.google.com/?cid=17899757301026883301&g_mp=Cidnb29nbGUubWFwcy5wbGFjZXMudjEuUGxhY2VzLlNlYXJjaFRleHQQAhgEIAA","51.420007899999995","-0.20359329999999998","4.5","353","OPERATIONAL","Wandsworth"
"ChIJrVLjRqcIdkgRFfWFzLBoDYk","Westlake","Books & Music","Books & Music","Store","152 Merton High St, London","SW19 1AZ","SW19","Wimbledon / Southfields edge","London","+44 20 8542 6354","","","","","https://maps.google.com/?cid=9875664666448229653&g_mp=Cidnb29nbGUubWFwcy5wbGFjZXMudjEuUGxhY2VzLlNlYXJjaFRleHQQAhgEIAA","51.4158762","-0.1883899","3.9","10","OPERATIONAL","Wandsworth"
"ChIJldEuqbcIdkgRofcCpXqwh9s","Wimbledon Bookfest","Books & Music","Books & Music","Non-profit organization","35 Wimbledon Hill Rd, London","SW19 7NB","SW19","Wimbledon / Southfields edge","London","+44 20 8947 3495","https://www.wimbledonbookfest.org/","","","","https://maps.google.com/?cid=15818806256963090337&g_mp=Cidnb29nbGUubWFwcy5wbGFjZXMudjEuUGxhY2VzLlNlYXJjaFRleHQQAhgEIAA","51.422284499999996","-0.20819749999999998","5","2","OPERATIONAL","Wandsworth"
"ChIJe1Mucc4IdkgRAM7wtimbbbs","Wimbledon Books","Books & Music","Books & Music","Book store","Ashford House, 40 High Street Wimbledon, London","SW19 5AU","SW19","Wimbledon / Southfields edge","London","+44 20 8879 3101","http://www.wimbledonbooks.co.uk/","","","","https://maps.google.com/?cid=13505621461019184640&g_mp=Cidnb29nbGUubWFwcy5wbGFjZXMudjEuUGxhY2VzLlNlYXJjaFRleHQQAhgEIAA","51.4253618","-0.22029120000000002","4.6","98","OPERATIONAL","Wandsworth"
"ChIJzzX0TMkIdkgRdrbnbesNP8c","Wimbledon Village News","Books & Music","Books & Music","Book store","High 16, 16 High Street Wimbledon, London","SW19 5DX","SW19","Wimbledon / Southfields edge","London","+44 20 8946 1260","https://www.wimbledonvillagenews.com/","","","","https://maps.google.com/?cid=14357209441892808310&g_mp=Cidnb29nbGUubWFwcy5wbGFjZXMudjEuUGxhY2VzLlNlYXJjaFRleHQQAhgEIAA","51.4247203","-0.2165782","4.3","34","OPERATIONAL","Wandsworth"
"ChIJ2x0_RgoFdkgRiSZOlWNMR54","Fashion In Store","Fashion & Apparel","Fashion & Apparel","Clothing store","Flat 2 Tantallon Rd, London","SW12 8DG","SW12","Balham","London","+44 7535 390456","","","","","https://maps.google.com/?cid=11405168571929470601&g_mp=Cidnb29nbGUubWFwcy5wbGFjZXMudjEuUGxhY2VzLlNlYXJjaFRleHQQAhgEIAA","51.44577030000001","-0.1557778","","","OPERATIONAL","Wandsworth"
"ChIJZ4oPfN8HdkgRh980zX1R0Ew","Goldthread Domas Vintage London","Fashion & Apparel","Fashion & Apparel","Clothing store","11 Fernlea Rd, London","SW12 9RT","SW12","Balham","London","","https://www.goldthreaddomas.com/","","","","https://maps.google.com/?cid=5535013542793895815&g_mp=Cidnb29nbGUubWFwcy5wbGFjZXMudjEuUGxhY2VzLlNlYXJjaFRleHQQAhgEIAA","51.4429744","-0.148956","5","4","OPERATIONAL","Wandsworth"
"ChIJeY_rp88FdkgRq0LeFkIVp1g","JoJo Maman Bébé - Balham","Fashion & Apparel","Fashion & Apparel|Kids & Family","Child care agency","39 Bedford Hill, London","SW12 9EY","SW12","Balham","London","+44 20 8675 1906","http://www.jojomamanbebe.co.uk/","","","","https://maps.google.com/?cid=6388097970044027563&g_mp=Cidnb29nbGUubWFwcy5wbGFjZXMudjEuUGxhY2VzLlNlYXJjaFRleHQQAhgEIAA","51.4440494","-0.1502696","3.7","15","OPERATIONAL","Wandsworth"
"ChIJfQx9bc8FdkgRQDUtqxtjMC8","Lark Balham","Fashion & Apparel","Fashion & Apparel|Home & Living|Books & Music|Kids & Family","Gift shop","Coal Brook Mansions, 24 Bedford Hill, London","SW12 9RG","SW12","Balham","London","+44 20 8143 6293","http://www.larklondon.com/","","","","https://maps.google.com/?cid=3400326689151857984&g_mp=Cidnb29nbGUubWFwcy5wbGFjZXMudjEuUGxhY2VzLlNlYXJjaFRleHQQAhgEIAA","51.444081399999995","-0.1505992","4.9","93","OPERATIONAL","Wandsworth"
"ChIJy59K0hkFdkgR-lY318cAlVI","Mind","Fashion & Apparel","Fashion & Apparel|Books & Music","Thrift store","111A Balham High Rd, London","SW12 9AP","SW12","Balham","London","+44 20 7998 0260","","","","","https://maps.google.com/?cid=5950663340949198586&g_mp=Cidnb29nbGUubWFwcy5wbGFjZXMudjEuUGxhY2VzLlNlYXJjaFRleHQQAhgEIAA","51.4452442","-0.151038","4.1","7","OPERATIONAL","Wandsworth"
"ChIJBQkuPM8FdkgR4M5PYOF-YX0","Oliver Bonas","Fashion & Apparel","Fashion & Apparel|Home & Living","Clothing store","186-188 Balham High Rd, London","SW12 9BP","SW12","Balham","London","+44 7721 475554","https://www.oliverbonas.com/balham?utm_source=google&utm_medium=organic&utm_campaign=LPM-London-101-103_Balham_High_Road","","","","https://maps.google.com/?cid=9034641833930510048&g_mp=Cidnb29nbGUubWFwcy5wbGFjZXMudjEuUGxhY2VzLlNlYXJjaFRleHQQAhgEIAA","51.443984","-0.15276299999999998","4.3","56","OPERATIONAL","Wandsworth"
"ChIJWzCUK84FdkgRXWihqycu6DY","Perfect Alterations","Fashion & Apparel","Fashion & Apparel","Services","98 Bedford Hill, London","SW12 9HR","SW12","Balham","London","+44 20 8675 5499","http://perfectalterations.co.uk/","","","","https://maps.google.com/?cid=3956463020563064925&g_mp=Cidnb29nbGUubWFwcy5wbGFjZXMudjEuUGxhY2VzLlNlYXJjaFRleHQQAhgEIAA","51.441601","-0.14913479999999998","4.8","140","OPERATIONAL","Wandsworth"
"ChIJh2qn6ZkFdkgR7n2oJEb67xU","Accessorize","Fashion & Apparel","Fashion & Apparel","Store","Unit 4a, Clapham Junction, The Junction Centre, Grant Rd, London","SW11 1RU","SW11","Battersea","London","+44 20 7228 2505","https://www.accessorize.com/uk/stores/l/london/grant-rd/4626943","","","","https://maps.google.com/?cid=1580757173400010222&g_mp=Cidnb29nbGUubWFwcy5wbGFjZXMudjEuUGxhY2VzLlNlYXJjaFRleHQQAhgEIAA","51.4651475","-0.17091499999999998","4.2","51","OPERATIONAL","Wandsworth"
"ChIJCyGKgQAFdkgRFpZx0H9e3AM","AllSaints Battersea","Fashion & Apparel","Fashion & Apparel","Clothing store","The Power Station, 29 Circus Road South UG, O29a, London","SW11 8BU","SW11","Battersea","London","+44 20 3668 5556","https://www.allsaints.com/","","","","https://maps.google.com/?cid=278201180041090582&g_mp=Cidnb29nbGUubWFwcy5wbGFjZXMudjEuUGxhY2VzLlNlYXJjaFRleHQQAhgEIAA","51.4821415","-0.1435766","4.5","4","OPERATIONAL","Wandsworth"
"ChIJo0e3TJ8FdkgRAM9XBUrmFgA","Arc'teryx Battersea","Fashion & Apparel","Fashion & Apparel|Sports & Outdoor","Clothing store","Floor Level Phase 2, The Power Station, Unit UG, 012A Upper Ground, London","SW11 8AL","SW11","Battersea","London","+44 20 4539 9226","https://stores.arcteryx.com/battersea","","","","https://maps.google.com/?cid=6445655079243520&g_mp=Cidnb29nbGUubWFwcy5wbGFjZXMudjEuUGxhY2VzLlNlYXJjaFRleHQQAhgEIAA","51.4818675","-0.14480389999999999","4.9","130","OPERATIONAL","Wandsworth"
"ChIJ3ej3SAcFdkgRrWVC_SHf6zo","Aspiga","Fashion & Apparel","Fashion & Apparel","Clothing store","84 Northcote Rd, London","SW11 6QN","SW11","Battersea","London","+44 7591 491322","http://www.aspiga.com/","","","","https://maps.google.com/?cid=4245732410802726317&g_mp=Cidnb29nbGUubWFwcy5wbGFjZXMudjEuUGxhY2VzLlNlYXJjaFRleHQQAhgEIAA","51.457866499999994","-0.16605799999999998","3.4","40","OPERATIONAL","Wandsworth"
"ChIJSY-nk6UFdkgRhMp2TGhtJJs","Fabrics Galore","Fashion & Apparel","Fashion & Apparel","Home goods store","52, 54 Lavender Hill, London","SW11 5RH","SW11","Battersea","London","+44 20 7738 9589","https://www.fabricsgalore.co.uk/","","","","https://maps.google.com/?cid=11179180469767293572&g_mp=Cidnb29nbGUubWFwcy5wbGFjZXMudjEuUGxhY2VzLlNlYXJjaFRleHQQAhgEIAA","51.46622130000001","-0.15339609999999998","4.8","917","OPERATIONAL","Wandsworth"
"ChIJq_ImbZYFdkgRkrF-DTuKqUM","Iris Lifestyle","Fashion & Apparel","Fashion & Apparel","Women's clothing store","145 Northcote Rd, London","SW11 6PX","SW11","Battersea","London","+44 20 7924 6948","https://www.irisfashion.co.uk/?utm_source=GMB&utm_medium=website_button&utm_campaign=Battersea&utm_id=GMB_Battersea","","","","https://maps.google.com/?cid=4875580057839382930&g_mp=Cidnb29nbGUubWFwcy5wbGFjZXMudjEuUGxhY2VzLlNlYXJjaFRleHQQAhgEIAA","51.455742799999996","-0.1647151","3.6","12","OPERATIONAL","Wandsworth"
"ChIJyTK4MAAFdkgRWiUreaJkLKY","M&S Clothing","Fashion & Apparel","Fashion & Apparel","Women's clothing store","Unit G-016, The Power Station, Circus Rd S, London","SW11 8BU","SW11","Battersea","London","+44 28 9124 4845","https://www.marksandspencer.com/stores/battersea-clothing-8877?extid=local","","","","https://maps.google.com/?cid=11974056158251656538&g_mp=Cidnb29nbGUubWFwcy5wbGFjZXMudjEuUGxhY2VzLlNlYXJjaFRleHQQAhgEIAA","51.482020299999995","-0.1444907","3.6","15","OPERATIONAL","Wandsworth"
"ChIJgTLmH8YadkgR9dVcithXpYQ","MORI","Fashion & Apparel","Fashion & Apparel","Clothing store","97 Northcote Rd, London","SW11 6PL","SW11","Battersea","London","","https://babymori.com/","","","","https://maps.google.com/?cid=9558142371709638133&g_mp=Cidnb29nbGUubWFwcy5wbGFjZXMudjEuUGxhY2VzLlNlYXJjaFRleHQQAhgEIAA","51.457783299999996","-0.1656828","4.1","100","OPERATIONAL","Wandsworth"
"ChIJAwwQ75UFdkgR2o3ynOQ30Bs","Palmer Menswear","Fashion & Apparel","Fashion & Apparel","Clothing store","125d Northcote Rd, London","SW11 6PS","SW11","Battersea","London","+44 20 7978 4588","http://www.palmersuits.co.uk/","","","","https://maps.google.com/?cid=2004163289205083610&g_mp=Cidnb29nbGUubWFwcy5wbGFjZXMudjEuUGxhY2VzLlNlYXJjaFRleHQQAhgEIAA","51.4563268","-0.1651799","4.7","38","OPERATIONAL","Wandsworth"
"ChIJa89MZ2MFdkgRd5HrP-WUMQg","Refind London","Fashion & Apparel","Fashion & Apparel","Clothing store","228 Battersea Park Rd, London","SW11 4ND","SW11","Battersea","London","+44 20 7720 2234","http://www.refindlondon.com/","","","","https://maps.google.com/?cid=590416738503070071&g_mp=Cidnb29nbGUubWFwcy5wbGFjZXMudjEuUGxhY2VzLlNlYXJjaFRleHQQAhgEIAA","51.4731088","-0.1621194","4.6","29","OPERATIONAL","Wandsworth"
"ChIJb8eUKOoFdkgR0zbwb-WxHCc","Roarsome","Fashion & Apparel","Fashion & Apparel","Clothing store","The Roarsome Store, 110 Northcote Rd, London","SW11 6QP","SW11","Battersea","London","+44 7594 561431","http://www.roarsome.com/","","","","https://maps.google.com/?cid=2818323065810728659&g_mp=Cidnb29nbGUubWFwcy5wbGFjZXMudjEuUGxhY2VzLlNlYXJjaFRleHQQAhgEIAA","51.4568668","-0.16578289999999998","4.2","15","OPERATIONAL","Wandsworth"
"ChIJPY8T5AoFdkgRqn8P2luLRaQ","Saluto London","Fashion & Apparel","Fashion & Apparel","Clothing store","Battersea Business Centre, London","SW11 5QL","SW11","Battersea","London","","","","","","https://maps.google.com/?cid=11837020422229950378&g_mp=Cidnb29nbGUubWFwcy5wbGFjZXMudjEuUGxhY2VzLlNlYXJjaFRleHQQAhgEIAA","51.4650292","-0.1549833","5","6","OPERATIONAL","Wandsworth"
"ChIJMSh77JkFdkgRmYQ1ip0loIU","Shopstop @ Clapham Junction","Fashion & Apparel","Fashion & Apparel","Shopping mall","1, 20 St John's Hl, London","SW11 1RU","SW11","Battersea","London","+44 20 7924 3451","http://www.shopstopclaphamjunction.com/","","","","https://maps.google.com/?cid=9628737361876976793&g_mp=Cidnb29nbGUubWFwcy5wbGFjZXMudjEuUGxhY2VzLlNlYXJjaFRleHQQAhgEIAA","51.4635724","-0.16891009999999998","3.9","546","OPERATIONAL","Wandsworth"
"ChIJGUmAluEFdkgRh8LIUzzN2n0","Sweaty Betty","Fashion & Apparel","Fashion & Apparel|Sports & Outdoor","Women's clothing store","244, The Power Station, Upper Ground, London","SW11 8BZ","SW11","Battersea","London","+44 20 3375 9754","https://www.sweatybetty.com/shop-details/battersea-power-station-129","","","","https://maps.google.com/?cid=9068786458651312775&g_mp=Cidnb29nbGUubWFwcy5wbGFjZXMudjEuUGxhY2VzLlNlYXJjaFRleHQQAhgEIAA","51.4812174","-0.1437857","3.8","27","OPERATIONAL","Wandsworth"
"ChIJkyWVQOAFdkgR8P2a09hdgJs","Vintage80scasuals","Fashion & Apparel","Fashion & Apparel","Clothing store","Unit 135 99, Battersea Business Centre, 109 Lavender Hill, London","SW11 5QL","SW11","Battersea","London","+44 7906 292156","http://www.vintage80scasuals.com/","","","","https://maps.google.com/?cid=11205059058742263280&g_mp=Cidnb29nbGUubWFwcy5wbGFjZXMudjEuUGxhY2VzLlNlYXJjaFRleHQQAhgEIAA","51.4652921","-0.1550909","5","38","OPERATIONAL","Wandsworth"
"ChIJxdP0apYFdkgR5813VUYJ9NM","Whistles","Fashion & Apparel","Fashion & Apparel","Women's clothing store","75 Northcote Rd, London","SW11 6PJ","SW11","Battersea","London","+44 20 3764 2940","https://www.whistles.com/","","","","https://maps.google.com/?cid=15272842434006470119&g_mp=Cidnb29nbGUubWFwcy5wbGFjZXMudjEuUGxhY2VzLlNlYXJjaFRleHQQAhgEIAA","51.4584713","-0.1659148","4.2","14","OPERATIONAL","Wandsworth"
"ChIJnYsa3g0PdkgR3aOs_hE1Bt8","Ben and Lola","Fashion & Apparel","Fashion & Apparel","Clothing store","London","SW15 1TW","SW15","Putney","London","+44 20 8704 1811","https://benandlola.com/","","","","https://maps.google.com/?cid=16070590671721636829&g_mp=Cidnb29nbGUubWFwcy5wbGFjZXMudjEuUGxhY2VzLlNlYXJjaFRleHQQAhgEIAA","51.463935299999996","-0.2163061","4.5","60","OPERATIONAL","Wandsworth"
"ChIJ5ZnZxQ0PdkgR45V_o7znD8Q","Blåbär Nordic Living","Fashion & Apparel","Fashion & Apparel","Cafe","3A Lacy Rd, London","SW15 1NH","SW15","Putney","London","+44 20 8780 2723","https://www.blabar.london/","","","","https://maps.google.com/?cid=14127765353467450851&g_mp=Cidnb29nbGUubWFwcy5wbGFjZXMudjEuUGxhY2VzLlNlYXJjaFRleHQQAhgEIAA","51.4641502","-0.2161556","4.7","441","OPERATIONAL","Wandsworth"
"ChIJbda_AtkPdkgRVbEpvcb6wVk","Cinta The Label","Fashion & Apparel","Fashion & Apparel","Women's clothing store","184 Upper Richmond Rd, London","SW15 2SH","SW15","Putney","London","+44 7493 081840","https://cinta-the-label.com/","","","","https://maps.google.com/?cid=6467726271364837717&g_mp=Cidnb29nbGUubWFwcy5wbGFjZXMudjEuUGxhY2VzLlNlYXJjaFRleHQQAhgEIAA","51.4607636","-0.2160508","3.5","11","OPERATIONAL","Wandsworth"
"ChIJW4yD0A0PdkgR33Sjd4xnaZY","Farrago","Fashion & Apparel","Fashion & Apparel","Gift shop","Unit 21, Putney High St, London","SW15 1TW","SW15","Putney","London","+44 20 8788 0162","","","","","https://maps.google.com/?cid=10838307831244092639&g_mp=Cidnb29nbGUubWFwcy5wbGFjZXMudjEuUGxhY2VzLlNlYXJjaFRleHQQAhgEIAA","51.46394780000001","-0.216106","2.9","26","OPERATIONAL","Wandsworth"
"ChIJ9ffeBhIPdkgRirUitUc7IUw","JAKI","Fashion & Apparel","Fashion & Apparel","Women's clothing store","142 Putney High St, London","SW15 1RR","SW15","Putney","London","+44 20 8789 7301","http://jaki.co.uk/","","","","https://maps.google.com/?cid=5485731000281642378&g_mp=Cidnb29nbGUubWFwcy5wbGFjZXMudjEuUGxhY2VzLlNlYXJjaFRleHQQAhgEIAA","51.4620622","-0.21666159999999998","4.8","768","OPERATIONAL","Wandsworth"
"ChIJOXG1eA4PdkgROvIQIwrZ4hU","Jerusalem Costumes القدس","Fashion & Apparel","Fashion & Apparel","Clothing store","12 Lacy Rd, London","SW15 1NL","SW15","Putney","London","+44 20 8789 0801","http://www.jerusalemcostumes.co.uk/","","","","https://maps.google.com/?cid=1577061457094308410&g_mp=Cidnb29nbGUubWFwcy5wbGFjZXMudjEuUGxhY2VzLlNlYXJjaFRleHQQAhgEIAA","51.464559099999995","-0.2171879","4.4","55","OPERATIONAL","Wandsworth"
"ChIJi46tt3sPdkgR3fkUtdEwS-E","Lark Putney","Fashion & Apparel","Fashion & Apparel|Kids & Family","Gift shop","70 Lower Richmond Rd., London","SW15 1LL","SW15","Putney","London","+44 20 7998 4300","http://www.larklondon.com/","","","","https://maps.google.com/?cid=16234122959031433693&g_mp=Cidnb29nbGUubWFwcy5wbGFjZXMudjEuUGxhY2VzLlNlYXJjaFRleHQQAhgEIAA","51.467723899999996","-0.220689","5","48","OPERATIONAL","Wandsworth"
"ChIJH2Nfww0PdkgRKeH4jZox_Bk","Morrows","Fashion & Apparel","Fashion & Apparel","Clothing store","Corner Unit 18, Putney Exchange, Putney High St, Lacy Rd, London","SW15 1TW","SW15","Putney","London","+44 20 3409 4399","https://www.morrowsoutfitters.com/","","","","https://maps.google.com/?cid=1872426084955906345&g_mp=Cidnb29nbGUubWFwcy5wbGFjZXMudjEuUGxhY2VzLlNlYXJjaFRleHQQAhgEIAA","51.4639945","-0.215609","4.9","149","OPERATIONAL","Wandsworth"
"ChIJUegLWzYPdkgRUewwV_hbBV4","Mountain Warehouse Putney Exchange","Fashion & Apparel","Fashion & Apparel|Sports & Outdoor","Clothing store","SU30-31, Exchange Shopping Centre, London","SW15 1TW","SW15","Putney","London","+44 20 4629 6692","https://www.mountainwarehouse.com/stores/pty/putney-exchange/","","","","https://maps.google.com/?cid=6774922336621620305&g_mp=Cidnb29nbGUubWFwcy5wbGFjZXMudjEuUGxhY2VzLlNlYXJjaFRleHQQAhgEIAA","51.4637293","-0.21645709999999999","4.6","22","OPERATIONAL","Wandsworth"
"ChIJ1y7nKSMPdkgRdeC-beZc-tA","Noir Velocity","Fashion & Apparel","Fashion & Apparel","Clothing store","3 Ulva Rd, London","SW15 6AP","SW15","Putney","London","+44 7974 367360","https://noirvelocity.com/","","","","https://maps.google.com/?cid=15058450448820134005&g_mp=Cidnb29nbGUubWFwcy5wbGFjZXMudjEuUGxhY2VzLlNlYXJjaFRleHQQAhgEIAA","51.4603089","-0.2193078","5","6","OPERATIONAL","Wandsworth"
"ChIJW1pAwA0PdkgR1u1FKBAmnEA","Oliver Bonas","Fashion & Apparel","Fashion & Apparel|Home & Living","Clothing store","Unit 26, Exchange Shopping Centre, London","SW15 1TW","SW15","Putney","London","+44 20 8780 0524","https://www.oliverbonas.com/putney?utm_source=google&utm_medium=organic&utm_campaign=LPM-London-Unit_26_Exchange_Shopping_Centre","","","","https://maps.google.com/?cid=4655637965631253974&g_mp=Cidnb29nbGUubWFwcy5wbGFjZXMudjEuUGxhY2VzLlNlYXJjaFRleHQQAhgEIAA","51.463282","-0.21628899999999998","4.6","38","OPERATIONAL","Wandsworth"
"ChIJ72sHxgAFdkgRlhNxH95E1Ok","Printing Planet (UK) Ltd","Fashion & Apparel","Fashion & Apparel","Clothing store","Shop 395, Tildesley Rd, Putney Heath, London","SW15 3BD","SW15","Putney","London","+44 20 3669 9854","http://printingplanetuk.com/","","","","https://maps.google.com/?cid=16849167826700800918&g_mp=Cidnb29nbGUubWFwcy5wbGFjZXMudjEuUGxhY2VzLlNlYXJjaFRleHQQAhgEIAA","51.45484760000001","-0.22919140000000002","4.8","236","OPERATIONAL","Wandsworth"
"ChIJRZ1zxg0PdkgRQdQb5wXhdrY","Sporting Feet","Fashion & Apparel","Fashion & Apparel|Sports & Outdoor","Sporting goods store","3 Lacy Road (near entrance to The Exchange Shopping Centre, London","SW15 1NH","SW15","Putney","London","+44 20 8780 0558","http://www.sporting-feet.com/","","","","https://maps.google.com/?cid=13147943577623188545&g_mp=Cidnb29nbGUubWFwcy5wbGFjZXMudjEuUGxhY2VzLlNlYXJjaFRleHQQAhgEIAA","51.464146299999996","-0.21608449999999998","4.9","399","OPERATIONAL","Wandsworth"
"ChIJzc2cl5MPdkgR2ix6Hg-vd9M","USC","Fashion & Apparel","Fashion & Apparel","Clothing store","Unit 6B, Exchange Shopping Centre, Putney High St, London","SW15 1TW","SW15","Putney","London","+44 343 909 2634","https://www.usc.co.uk/stores/putney-exchange-store-2634","","","","https://maps.google.com/?cid=15237840343702056154&g_mp=Cidnb29nbGUubWFwcy5wbGFjZXMudjEuUGxhY2VzLlNlYXJjaFRleHQQAhgEIAA","51.4636717","-0.21687109999999998","5","2","OPERATIONAL","Wandsworth"
"ChIJ2a1y4d8FdkgRc0Ok8qzASz8","Al-baraka Tooting","Fashion & Apparel","Fashion & Apparel","Women's clothing store","157 Upper Tooting Rd, London","SW17 7TJ","SW17","Tooting","London","+44 7578 913927","","","","","https://maps.google.com/?cid=4560950896680518515&g_mp=Cidnb29nbGUubWFwcy5wbGFjZXMudjEuUGxhY2VzLlNlYXJjaFRleHQQAhgEIAA","51.4318591","-0.1638897","5","12","OPERATIONAL","Wandsworth"
"ChIJVeN51N8FdkgRWdKLSprVTHo","Anarkali London","Fashion & Apparel","Fashion & Apparel","Clothing store","110 Upper Tooting Rd, London","SW17 7EN","SW17","Tooting","London","+44 20 8767 8216","","","","","https://maps.google.com/?cid=8812653429509575257&g_mp=Cidnb29nbGUubWFwcy5wbGFjZXMudjEuUGxhY2VzLlNlYXJjaFRleHQQAhgEIAA","51.4332923","-0.1634896","4.3","19","OPERATIONAL","Wandsworth"
"ChIJ371AoQoGdkgRs_qGsEk70jY","Aradhana","Fashion & Apparel","Fashion & Apparel","Women's clothing store","211 Upper Tooting Rd, London","SW17 7TG","SW17","Tooting","London","+44 20 8767 7696","http://www.aradhanaheritage.com/","","","","https://maps.google.com/?cid=3950285010837633715&g_mp=Cidnb29nbGUubWFwcy5wbGFjZXMudjEuUGxhY2VzLlNlYXJjaFRleHQQAhgEIAA","51.4305944","-0.16513129999999998","4.9","45","OPERATIONAL","Wandsworth"
"ChIJ9RM2-goGdkgRZT3mgUn0tF4","Broadway Market Tooting","Fashion & Apparel","Fashion & Apparel|Home & Living|Books & Music|Kids & Family","Market","29 Tooting High St, London","SW17 0SP","SW17","Tooting","London","+44 20 8672 6613","https://www.bmtooting.co.uk/","","","","https://maps.google.com/?cid=6824347931922283877&g_mp=Cidnb29nbGUubWFwcy5wbGFjZXMudjEuUGxhY2VzLlNlYXJjaFRleHQQAhgEIAA","51.428620099999996","-0.1671018","4.4","2284","OPERATIONAL","Wandsworth"
"ChIJ-Xb10YAFdkgRdnvwUPzZLtk","Elegance","Fashion & Apparel","Fashion & Apparel","Clothing store","100 Upper Tooting Rd, London","SW17 7EN","SW17","Tooting","London","","","","","","https://maps.google.com/?cid=15649685432871975798&g_mp=Cidnb29nbGUubWFwcy5wbGFjZXMudjEuUGxhY2VzLlNlYXJjaFRleHQQAhgEIAA","51.4334774","-0.1633285","3.8","50","OPERATIONAL","Wandsworth"
"ChIJ13HKpgoGdkgR3tkJhL7Lk84","Fashion Plus","Fashion & Apparel","Fashion & Apparel","Clothing store","205 Upper Tooting Rd, London","SW17 7TG","SW17","Tooting","London","+44 20 8672 0095","","","","","https://maps.google.com/?cid=14885465212509084126&g_mp=Cidnb29nbGUubWFwcy5wbGFjZXMudjEuUGxhY2VzLlNlYXJjaFRleHQQAhgEIAA","51.430696999999995","-0.16507","4.2","22","OPERATIONAL","Wandsworth"
"ChIJzyTBGuAFdkgRstBPuhsmAxY","Hali H","Fashion & Apparel","Fashion & Apparel","Clothing store","235 Upper Tooting Rd, London","SW17 7TG","SW17","Tooting","London","+44 20 8767 3848","http://www.halih.com/","","","","https://maps.google.com/?cid=1586153394296311986&g_mp=Cidnb29nbGUubWFwcy5wbGFjZXMudjEuUGxhY2VzLlNlYXJjaFRleHQQAhgEIAA","51.4299767","-0.1657158","4.8","169","OPERATIONAL","Wandsworth"
"ChIJm3lvYAsGdkgRjt9vpErhxrw","I & A Fashions","Fashion & Apparel","Fashion & Apparel","Clothing store","84 Mitcham Rd, London","SW17 9NG","SW17","Tooting","London","+44 20 8767 8613","http://www.iafashions.co.uk/","","","","https://maps.google.com/?cid=13602807435221786510&g_mp=Cidnb29nbGUubWFwcy5wbGFjZXMudjEuUGxhY2VzLlNlYXJjaFRleHQQAhgEIAA","51.4259112","-0.1656722","4","32","OPERATIONAL","Wandsworth"
"ChIJ15W_kekFdkgRTrhWJt9SVrs","Jigsaw","Fashion & Apparel","Fashion & Apparel","Clothing store","Unit 1 & 2 Bennet Court, Bellevue Rd, London","SW17 7EG","SW17","Tooting","London","+44 20 8672 6125","https://www.jigsaw-online.com/","","","","https://maps.google.com/?cid=13499068051464042574&g_mp=Cidnb29nbGUubWFwcy5wbGFjZXMudjEuUGxhY2VzLlNlYXJjaFRleHQQAhgEIAA","51.446101","-0.1654698","4.4","14","OPERATIONAL","Wandsworth"
"ChIJFQkwpgwGdkgRByB8Q2JZiWk","Lark Tooting","Fashion & Apparel","Fashion & Apparel|Home & Living|Books & Music|Kids & Family","Gift shop","112 Mitcham Rd, London","SW17 9NG","SW17","Tooting","London","+44 20 3638 1351","http://www.larklondon.com/","","","","https://maps.google.com/?cid=7604707724365668359&g_mp=Cidnb29nbGUubWFwcy5wbGFjZXMudjEuUGxhY2VzLlNlYXJjaFRleHQQAhgEIAA","51.425389","-0.1647574","5","196","OPERATIONAL","Wandsworth"
"ChIJrbgmpgIHdkgRYVPeMLMUzwQ","My Old Girl & Me","Fashion & Apparel","Fashion & Apparel","Clothing store","Unit 30A, 21-23 Tooting High St, London","SW17 0SY","SW17","Tooting","London","+44 7956 419902","","","","","https://maps.google.com/?cid=346518456182395745&g_mp=Cidnb29nbGUubWFwcy5wbGFjZXMudjEuUGxhY2VzLlNlYXJjaFRleHQQAhgEIAA","51.4288527","-0.16594","3","2","OPERATIONAL","Wandsworth"
"ChIJ58Y7SSQFdkgRSwR7teC9fUQ","POM London","Fashion & Apparel","Fashion & Apparel","Clothing store","18 Bellevue Rd, London","SW17 7EG","SW17","Tooting","London","+44 20 8767 9217","https://www.pomlondon.co.uk/","","","","https://maps.google.com/?cid=4935309539482993739&g_mp=Cidnb29nbGUubWFwcy5wbGFjZXMudjEuUGxhY2VzLlNlYXJjaFRleHQQAhgEIAA","51.445139399999995","-0.1664493","4.6","19","OPERATIONAL","Wandsworth"
"ChIJFSfmNN4FdkgRBB37rLQRv9o","Prachy Creations","Fashion & Apparel","Fashion & Apparel","Women's clothing store","101-103 Upper Tooting Rd, London","SW17 7TW","SW17","Tooting","London","+44 20 8682 2500","http://www.prachy.co.uk/","","","","https://maps.google.com/?cid=15762336688513948932&g_mp=Cidnb29nbGUubWFwcy5wbGFjZXMudjEuUGxhY2VzLlNlYXJjaFRleHQQAhgEIAA","51.433323699999995","-0.1630612","4.9","211","OPERATIONAL","Wandsworth"
"ChIJ5yxTLd4FdkgRDBuir63Zp1c","Sarah Zaaraz","Fashion & Apparel","Fashion & Apparel","Clothing store","108 Upper Tooting Rd, London","SW17 7EN","SW17","Tooting","London","+44 20 8767 7000","https://www.sarahzaaraz.com/","","","","https://maps.google.com/?cid=6316256342409616140&g_mp=Cidnb29nbGUubWFwcy5wbGFjZXMudjEuUGxhY2VzLlNlYXJjaFRleHQQAhgEIAA","51.4333612","-0.1635885","3.7","15","OPERATIONAL","Wandsworth"
"ChIJaVMh-NsFdkgRQFzF-_AMw2E","Sewing & Craft Superstore","Fashion & Apparel","Fashion & Apparel|Kids & Family","Store","300 Balham High Rd, London","SW17 7AA","SW17","Tooting","London","+44 20 8767 0036","http://www.craftysewer.com/","","","","https://maps.google.com/?cid=7044488471293287488&g_mp=Cidnb29nbGUubWFwcy5wbGFjZXMudjEuUGxhY2VzLlNlYXJjaFRleHQQAhgEIAA","51.436920799999996","-0.1582786","4.5","425","OPERATIONAL","Wandsworth"
"ChIJ_XQXTQAFdkgRR924GpHGnfU","ShonaMac","Fashion & Apparel","Fashion & Apparel","Clothing store","8 Bellevue Rd, London","SW17 7EG","SW17","Tooting","London","+44 800 772 0207","http://www.shonamac.com/","","","","https://maps.google.com/?cid=17698520437156797767&g_mp=Cidnb29nbGUubWFwcy5wbGFjZXMudjEuUGxhY2VzLlNlYXJjaFRleHQQAhgEIAA","51.4457722","-0.16589089999999998","4.1","30","OPERATIONAL","Wandsworth"
"ChIJla70YgoGdkgRB0hIuawEs4s","Susan's Couture","Fashion & Apparel","Fashion & Apparel","Clothing store","Unit 23, Broadway Market, 29 Tooting High St, London","SW17 0SP","SW17","Tooting","London","+44 7762 227836","","","","","https://maps.google.com/?cid=10066394731992598535&g_mp=Cidnb29nbGUubWFwcy5wbGFjZXMudjEuUGxhY2VzLlNlYXJjaFRleHQQAhgEIAA","51.4283384","-0.16651269999999999","5","1","OPERATIONAL","Wandsworth"
"ChIJdSts7goGdkgRjCd6RM7QxLw","Tooting Market","Fashion & Apparel","Fashion & Apparel|Home & Living|Books & Music|Kids & Family","Market","21-23 Tooting High St, London","SW17 0SN","SW17","Tooting","London","+44 20 8672 4760","https://tootingmarket.com/?utm_campaign=SDM&utm_id=GMB&utm_medium=website+click&utm_source=GMB","","","","https://maps.google.com/?cid=13602226358896437132&g_mp=Cidnb29nbGUubWFwcy5wbGFjZXMudjEuUGxhY2VzLlNlYXJjaFRleHQQAhgEIAA","51.4288527","-0.16594","4.5","4477","OPERATIONAL","Wandsworth"
"ChIJV7Xs7woGdkgRVPvIDl1tqus","Top Notch","Fashion & Apparel","Fashion & Apparel","Clothing store","Top Notch, 22 Tooting High St, London","SW17 0RG","SW17","Tooting","London","+44 7952 430708","","","","","https://maps.google.com/?cid=16981505591401315156&g_mp=Cidnb29nbGUubWFwcy5wbGFjZXMudjEuUGxhY2VzLlNlYXJjaFRleHQQAhgEIAA","51.4289681","-0.1672986","5","12","OPERATIONAL","Wandsworth"
"ChIJyVeGLVwFdkgReL6bOFF5Yk0","Woma9","Fashion & Apparel","Fashion & Apparel","Clothing store","177a Upper Tooting Rd, London","SW17 7TJ","SW17","Tooting","London","+44 7455 666220","","","","","https://maps.google.com/?cid=5576152678387138168&g_mp=Cidnb29nbGUubWFwcy5wbGFjZXMudjEuUGxhY2VzLlNlYXJjaFRleHQQAhgEIAA","51.4314873","-0.164277","3","2","OPERATIONAL","Wandsworth"
"ChIJdzvxgO8HdkgRR70MEoaMYGg","Zoyaz London","Fashion & Apparel","Fashion & Apparel","Clothing store","240 Upper Tooting Rd, London","SW17 7GH","SW17","Tooting","London","+44 7950 316420","https://zoyazlondon.co.uk/","","","","https://maps.google.com/?cid=7521165885165059399&g_mp=Cidnb29nbGUubWFwcy5wbGFjZXMudjEuUGxhY2VzLlNlYXJjaFRleHQQAhgEIAA","51.4303415","-0.1657649","4.3","66","OPERATIONAL","Wandsworth"
"ChIJZQj0ylgPdkgRmUA4KK40pks","331","Fashion & Apparel","Fashion & Apparel","Clothing store","331 Garratt Ln, London","SW18 4DX","SW18","Wandsworth / Earlsfield","London","+44 7956 359896","","","","","https://maps.google.com/?cid=5451102321582293145&g_mp=Cidnb29nbGUubWFwcy5wbGFjZXMudjEuUGxhY2VzLlNlYXJjaFRleHQQAhgEIAA","51.446394299999994","-0.18915530000000003","4.6","14","OPERATIONAL","Wandsworth"
"ChIJw_61umYPdkgRdLZW5itZ1x4","Accessorize","Fashion & Apparel","Fashion & Apparel","Store","107, Unit 40 Wandsworth High St, Southside Shopping Centre, London","SW18 4TF","SW18","Wandsworth / Earlsfield","London","+44 20 8870 6394","https://www.accessorize.com/uk/stores/l/london/unit-40-wandsworth-high-street/4627016","","","","https://maps.google.com/?cid=2222342986213537396&g_mp=Cidnb29nbGUubWFwcy5wbGFjZXMudjEuUGxhY2VzLlNlYXJjaFRleHQQAhgEIAA","51.45637","-0.1943606","4.1","47","OPERATIONAL","Wandsworth"
"ChIJg-NIm2IPdkgRbjWxguWfP-Y","Anthology Boutique SW18","Fashion & Apparel","Fashion & Apparel","Clothing store","511 Old York Rd, London","SW18 1TF","SW18","Wandsworth / Earlsfield","London","+44 7712 188332","https://m.facebook.com/AnthologySW18/","","https://m.facebook.com/AnthologySW18/","","https://maps.google.com/?cid=16591155360345175406&g_mp=Cidnb29nbGUubWFwcy5wbGFjZXMudjEuUGxhY2VzLlNlYXJjaFRleHQQAhgEIAA","51.460344799999994","-0.18813210000000002","4.4","13","OPERATIONAL","Wandsworth"
"ChIJxTxqvGoPdkgRdHFPGnTkRaw","Dunelm","Fashion & Apparel","Fashion & Apparel|Home & Living|Tech & Gadgets","Home goods store","Unit 91 92, Southside","SW18 4TG","SW18","Wandsworth / Earlsfield","Southside","+44 20 4617 8138","https://www.dunelm.com/stores/wandsworth?utm_source=google&utm_medium=organic&utm_campaign=gbp&utm_content=store","","","","https://maps.google.com/?cid=12413579135225393524&g_mp=Cidnb29nbGUubWFwcy5wbGFjZXMudjEuUGxhY2VzLlNlYXJjaFRleHQQAhgEIAA","51.4553288","-0.1943135","4.4","17","OPERATIONAL","Wandsworth"
"ChIJVVXuj0YPdkgRYqr8f1UTR-I","Florentina Boutique","Fashion & Apparel","Fashion & Apparel","Clothing store","The Old Bakery, 8A Replingham Rd (on, Elsenham St, London","SW18 5LS","SW18","Wandsworth / Earlsfield","London","+44 7956 242933","http://florentina-b.co.uk/","","","","https://maps.google.com/?cid=16305022233858583138&g_mp=Cidnb29nbGUubWFwcy5wbGFjZXMudjEuUGxhY2VzLlNlYXJjaFRleHQQAhgEIAA","51.4445084","-0.2059877","5","51","OPERATIONAL","Wandsworth"
"ChIJx7fgLZgPdkgRpaTrkGQQNLU","Kitikate","Fashion & Apparel","Fashion & Apparel","Clothing store","31 Southside Shopping Centre, London","SW18 4TE","SW18","Wandsworth / Earlsfield","London","+44 20 3590 4849","http://www.kitikate.co.uk/","","","","https://maps.google.com/?cid=13057079243768046757&g_mp=Cidnb29nbGUubWFwcy5wbGFjZXMudjEuUGxhY2VzLlNlYXJjaFRleHQQAhgEIAA","51.455528","-0.19396929999999998","5","5","OPERATIONAL","Wandsworth"
"ChIJYw-IWcoPdkgRjabzo4T1MNA","Mind","Fashion & Apparel","Fashion & Apparel","Clothing store","336 Old York Rd, London","SW18 1SS","SW18","Wandsworth / Earlsfield","London","+44 20 3441 1800","https://www.mind.org.uk/mind-charity-shops/find-our-local-mind-shops/","","","","https://maps.google.com/?cid=15001760308806264461&g_mp=Cidnb29nbGUubWFwcy5wbGFjZXMudjEuUGxhY2VzLlNlYXJjaFRleHQQAhgEIAA","51.4603488","-0.18847909999999998","4.7","11","OPERATIONAL","Wandsworth"
"ChIJqZfNM2EPdkgRajtx0BtNU3Q","Oliver Bonas","Fashion & Apparel","Fashion & Apparel|Home & Living","Clothing store","Unit 42, 44 Southside Shopping Centre, Garratt Ln, London","SW18 4TE","SW18","Wandsworth / Earlsfield","London","+44 20 8874 1658","https://www.oliverbonas.com/southside-wandsworth?utm_source=google&utm_medium=organic&utm_campaign=LPM-London-Southside_Shopping_Centre_Unit_42/44_Garratt_Lane_Wandsworth","","","","https://maps.google.com/?cid=8382128113323162474&g_mp=Cidnb29nbGUubWFwcy5wbGFjZXMudjEuUGxhY2VzLlNlYXJjaFRleHQQAhgEIAA","51.4547678","-0.19362749999999998","4.1","27","OPERATIONAL","Wandsworth"
"ChIJ249Kz2YPdkgRXzQtvypeePc","Southside Shopping Centre","Fashion & Apparel","Fashion & Apparel|Home & Living|Books & Music|Sports & Outdoor|Tech & Gadgets|Kids & Family","Shopping mall","Wandsworth High St, London","SW18 4TF","SW18","Wandsworth / Earlsfield","London","+44 20 8870 2141","http://southsidewandsworth.com/","","","","https://maps.google.com/?cid=17832106262262527071&g_mp=Cidnb29nbGUubWFwcy5wbGFjZXMudjEuUGxhY2VzLlNlYXJjaFRleHQQAhgEIAA","51.4551102","-0.1939974","4.2","9516","OPERATIONAL","Wandsworth"
"ChIJof18LGQPdkgRZm0_jca56vk","W G Child & Sons Ltd","Fashion & Apparel","Fashion & Apparel","Tailor","W G Child & Sons Ltd, 106-108 Wandsworth High St, London","SW18 4LA","SW18","Wandsworth / Earlsfield","London","+44 20 8870 3895","http://childandsons.co.uk/","","","","https://maps.google.com/?cid=18008410322418756966&g_mp=Cidnb29nbGUubWFwcy5wbGFjZXMudjEuUGxhY2VzLlNlYXJjaFRleHQQAhgEIAA","51.45742","-0.19628299999999999","4.9","78","OPERATIONAL","Wandsworth"
"ChIJZ6Eayw8JdkgRuSFOe8uRg5Y","ba&sh - London - Wimbledon","Fashion & Apparel","Fashion & Apparel","Women's clothing store","Brewery Tap, 66 High St, London","SW19 5EE","SW19","Wimbledon / Southfields edge","London","+44 20 3827 0922","https://ba-sh.com/uk/","","","","https://maps.google.com/?cid=10845672630771392953&g_mp=Cidnb29nbGUubWFwcy5wbGFjZXMudjEuUGxhY2VzLlNlYXJjaFRleHQQAhgEIAA","51.4254122","-0.2183204","4","15","OPERATIONAL","Wandsworth"
"ChIJwQpPTMkIdkgRMJKgckVfCTY","Boho Beach Fest","Fashion & Apparel","Fashion & Apparel","Women's clothing store","15 High St, London","SW19 5DX","SW19","Wimbledon / Southfields edge","London","+44 20 8944 7375","https://www.bohobeachfest.com/","","","","https://maps.google.com/?cid=3893748104719012400&g_mp=Cidnb29nbGUubWFwcy5wbGFjZXMudjEuUGxhY2VzLlNlYXJjaFRleHQQAhgEIAA","51.424658199999996","-0.2165529","5","9","OPERATIONAL","Wandsworth"
"ChIJ0SNVsSwJdkgRLahM3h8vaUw","Elys Wimbledon","Fashion & Apparel","Fashion & Apparel|Home & Living|Books & Music|Sports & Outdoor|Tech & Gadgets|Kids & Family","Department store","16 St George's Rd, London","SW19 4DP","SW19","Wimbledon / Southfields edge","London","+44 20 8946 9191","https://www.elyswimbledon.co.uk/","","","","https://maps.google.com/?cid=5505983833357199405&g_mp=Cidnb29nbGUubWFwcy5wbGFjZXMudjEuUGxhY2VzLlNlYXJjaFRleHQQAhgEIAA","51.421310999999996","-0.20863299999999999","4.2","1615","OPERATIONAL","Wandsworth"
"ChIJge0Mm7cIdkgRFVW-_X0WxZQ","MANGO","Fashion & Apparel","Fashion & Apparel","Women's clothing store","Elys Department Store, 16 St George's Rd, London","SW19 4DP","SW19","Wimbledon / Southfields edge","London","+44 20 3038 5069","https://shop.mango.com/gb/en/h/women?utm_source=google&utm_medium=organic&utm_campaign=googlemaps","","","","https://maps.google.com/?cid=10719999218409166101&g_mp=Cidnb29nbGUubWFwcy5wbGFjZXMudjEuUGxhY2VzLlNlYXJjaFRleHQQAhgEIAA","51.421030099999996","-0.2084719","3.3","10","OPERATIONAL","Wandsworth"
"ChIJV_KNuysJdkgRM22pH0U8jTM","Milan Luxe boutique","Fashion & Apparel","Fashion & Apparel","Clothing store","17, the shop, Milan Luxe Boutique, High Street Wimbledon, London","SW19 5DX","SW19","Wimbledon / Southfields edge","London","+44 20 3637 2762","https://www.milanluxe.com/","","","","https://maps.google.com/?cid=3714691535232134451&g_mp=Cidnb29nbGUubWFwcy5wbGFjZXMudjEuUGxhY2VzLlNlYXJjaFRleHQQAhgEIAA","51.42474","-0.21666819999999998","5","4","OPERATIONAL","Wandsworth"
"ChIJdz-anLcIdkgRXTRU7cx2Knw","Moss Bros Wimbledon","Fashion & Apparel","Fashion & Apparel","Clothing store","Elys, 16 St George's Rd, London","SW19 4DP","SW19","Wimbledon / Southfields edge","London","+44 20 3926 7845","https://www.moss.co.uk/store/159-moss-bros-wimbledon","","","","https://maps.google.com/?cid=8947094232252036189&g_mp=Cidnb29nbGUubWFwcy5wbGFjZXMudjEuUGxhY2VzLlNlYXJjaFRleHQQAhgEIAA","51.421309099999995","-0.20867590000000003","4","129","OPERATIONAL","Wandsworth"
"ChIJF6dSubAIdkgR2--iLKEAXi0","Oliver Bonas","Fashion & Apparel","Fashion & Apparel|Home & Living","Clothing store","Unit 106B, Wimbledon Quarter, 4 Queen's Rd, London","SW19 8ND","SW19","Wimbledon / Southfields edge","London","+44 20 8944 8696","https://www.oliverbonas.com/wimbledon?utm_source=google&utm_medium=organic&utm_campaign=LPM-London-Centre_Court_Shopping_Centre_Queen's_Road","","","","https://maps.google.com/?cid=3269051071756169179&g_mp=Cidnb29nbGUubWFwcy5wbGFjZXMudjEuUGxhY2VzLlNlYXJjaFRleHQQAhgEIAA","51.4214074","-0.20489939999999998","4.2","73","OPERATIONAL","Wandsworth"
"ChIJc2p_u18JdkgRfGZ0U208-_Y","Phoenix Style","Fashion & Apparel","Fashion & Apparel","Clothing store","22 High Street Wimbledon, London","SW19 5DX","SW19","Wimbledon / Southfields edge","London","+44 7533 875983","http://www.phoenixstyle.co.uk/","","","","https://maps.google.com/?cid=17796884792733886076&g_mp=Cidnb29nbGUubWFwcy5wbGFjZXMudjEuUGxhY2VzLlNlYXJjaFRleHQQAhgEIAA","51.4250696","-0.2171377","4.3","24","OPERATIONAL","Wandsworth"
"ChIJ1-G_yxsGdkgRFKhxaI97_Pg","Priory Retail Park","Fashion & Apparel","Fashion & Apparel|Tech & Gadgets|Kids & Family","Shopping mall","Priory Retail park, Christchurch Rd, London","SW19 2PP","SW19","Wimbledon / Southfields edge","London","","","","","","https://maps.google.com/?cid=17941350871400032276&g_mp=Cidnb29nbGUubWFwcy5wbGFjZXMudjEuUGxhY2VzLlNlYXJjaFRleHQQAhgEIAA","51.416206499999994","-0.17939149999999998","4.2","1546","OPERATIONAL","Wandsworth"
"ChIJnScV6xkGdkgR7oCzfMm3BzQ","Tandem Centre","Fashion & Apparel","Fashion & Apparel|Kids & Family","Shopping mall","tandem centre, High Street Colliers Wood, London","SW19 2TY","SW19","Wimbledon / Southfields edge","London","","https://tandemcentre.com/","","","","https://maps.google.com/?cid=3749167290817675502&g_mp=Cidnb29nbGUubWFwcy5wbGFjZXMudjEuUGxhY2VzLlNlYXJjaFRleHQQAhgEIAA","51.413991599999996","-0.17737409999999998","4.2","3843","OPERATIONAL","Wandsworth"
"ChIJ49RIPS8JdkgRN9qWD0zf2fw","The Vintage Clothing Store","Fashion & Apparel","Fashion & Apparel","Clothing store","Unit 6, The Apprentice Shop, 14 Watermill Wy, London","SW19 2RD","SW19","Wimbledon / Southfields edge","London","+44 7542 606517","https://vintageclothingstore.co.uk/","","","","https://maps.google.com/?cid=18219839285276105271&g_mp=Cidnb29nbGUubWFwcy5wbGFjZXMudjEuUGxhY2VzLlNlYXJjaFRleHQQAhgEIAA","51.413284499999996","-0.1831245","4.7","6","OPERATIONAL","Wandsworth"
"ChIJnTzzmbcIdkgRt_Tq923jt14","The White Company","Fashion & Apparel","Fashion & Apparel|Home & Living","Department store","s of Wimbledon, Ely, 16 St George's Rd, London","SW19 4DP","SW19","Wimbledon / Southfields edge","London","+44 20 3409 2001","https://www.thewhitecompany.com/uk/?utm_source=GMB&utm_medium=Yext&utm_campaign=GMB","","","","https://maps.google.com/?cid=6825173821753586871&g_mp=Cidnb29nbGUubWFwcy5wbGFjZXMudjEuUGxhY2VzLlNlYXJjaFRleHQQAhgEIAA","51.421717","-0.2081322","4.3","32","OPERATIONAL","Wandsworth"
"ChIJcZLb9MsIdkgRn64Yu3N2BWE","Trilogy Stores","Fashion & Apparel","Fashion & Apparel","Women's clothing store","ROWAN COURT, 56A High Street Wimbledon, London","SW19 5EE","SW19","Wimbledon / Southfields edge","London","+44 20 8739 0001","https://www.trilogystores.co.uk/?utm_source=google&utm_medium=organic&utm_campaign=gmb-listing","","","","https://maps.google.com/?cid=6991124235994836639&g_mp=Cidnb29nbGUubWFwcy5wbGFjZXMudjEuUGxhY2VzLlNlYXJjaFRleHQQAhgEIAA","51.4255852","-0.2195287","3.7","6","OPERATIONAL","Wandsworth"
"ChIJvV5CI0IJdkgRc2VMu3eE0PM","Un-Common - Wimbledon Village","Fashion & Apparel","Fashion & Apparel","Women's clothing store","38B High Street Wimbledon, London","SW19 5BY","SW19","Wimbledon / Southfields edge","London","+44 7399 374188","https://un-commonshop.co.uk/","","","","https://maps.google.com/?cid=17568687796150625651&g_mp=Cidnb29nbGUubWFwcy5wbGFjZXMudjEuUGxhY2VzLlNlYXJjaFRleHQQAhgEIAA","51.425423599999995","-0.2201051","4.8","6","OPERATIONAL","Wandsworth"
"ChIJwyEbYgcDdkgRIKP0bOFRTe0","Wimbledon Quarter","Fashion & Apparel","Fashion & Apparel|Home & Living|Books & Music|Tech & Gadgets|Kids & Family","Shopping mall","4 Queen's Rd, London","SW19 8ND","SW19","Wimbledon / Southfields edge","London","+44 20 8944 8323","http://www.wimbledonquarter.com/","","","","https://maps.google.com/?cid=17099413388833104672&g_mp=Cidnb29nbGUubWFwcy5wbGFjZXMudjEuUGxhY2VzLlNlYXJjaFRleHQQAhgEIAA","51.4214084","-0.2049002","4","5508","OPERATIONAL","Wandsworth"
"ChIJBUmEuv8FdkgRdW1lPgOkR0g","1910 Balham","Food & Drink","Food & Drink","Mexican restaurant","3 Ramsden Rd, London","SW12 8QX","SW12","Balham","London","+44 20 8675 6286","http://www.1910cantina.com/","","","","https://maps.google.com/?cid=5208311827915959669&g_mp=Cidnb29nbGUubWFwcy5wbGFjZXMudjEuUGxhY2VzLlNlYXJjaFRleHQQAhgEIAA","51.444743499999994","-0.15220409999999998","4.5","442","OPERATIONAL","Wandsworth"
"ChIJZbfHf7sFdkgR6DW2wxcWs50","Balham Social","Food & Drink","Food & Drink","Indian restaurant","2, Station Parade, Balham High Rd, London","SW12 9AZ","SW12","Balham","London","+44 20 4529 8222","http://www.balhamsocial.com/","","","","https://maps.google.com/?cid=11363450576109450728&g_mp=Cidnb29nbGUubWFwcy5wbGFjZXMudjEuUGxhY2VzLlNlYXJjaFRleHQQAhgEIAA","51.442622199999995","-0.1532777","4.8","948","OPERATIONAL","Wandsworth"
"ChIJkZ2GlCUFdkgRg50WYGp0EF0","Betto Tapas Restaurant & Cocktail Bar","Food & Drink","Food & Drink","Tapas restaurant","5 Fernlea Rd, London","SW12 9RT","SW12","Balham","London","+44 7930 347385","http://www.bettolondon.com/","","","","https://maps.google.com/?cid=6705987845382118787&g_mp=Cidnb29nbGUubWFwcy5wbGFjZXMudjEuUGxhY2VzLlNlYXJjaFRleHQQAhgEIAA","51.4429841","-0.1492446","4.9","514","OPERATIONAL","Wandsworth"
"ChIJg3x2GwIFdkgRFyJH99kR_Vw","Bunheaven","Food & Drink","Food & Drink","Hamburger restaurant","92A Balham High Rd, London","SW12 9AG","SW12","Balham","London","+44 7307 877794","","","","","https://maps.google.com/?cid=6700531448451375639&g_mp=Cidnb29nbGUubWFwcy5wbGFjZXMudjEuUGxhY2VzLlNlYXJjaFRleHQQAhgEIAA","51.446292199999995","-0.14987029999999998","4.9","22","OPERATIONAL","Wandsworth"
"ChIJNRuIK84FdkgRpX6ywhEchig","Caminata","Food & Drink","Food & Drink","Italian restaurant","96 Bedford Hill, London","SW12 9HR","SW12","Balham","London","+44 20 8772 0701","https://caminata.co.uk/","","","","https://maps.google.com/?cid=2920052271002844837&g_mp=Cidnb29nbGUubWFwcy5wbGFjZXMudjEuUGxhY2VzLlNlYXJjaFRleHQQAhgEIAA","51.441667599999995","-0.1491625","4.7","790","OPERATIONAL","Wandsworth"
"ChIJwzwaWAAFdkgRvPkm33vEjik","CASPIAN House Kitchen","Food & Drink","Food & Drink","Persian restaurant","92A Balham High Rd, London","SW12 9AG","SW12","Balham","London","+44 7904 193222","","","","","https://maps.google.com/?cid=2994546838551853500&g_mp=Cidnb29nbGUubWFwcy5wbGFjZXMudjEuUGxhY2VzLlNlYXJjaFRleHQQAhgEIAA","51.4462668","-0.1501215","4.9","48","OPERATIONAL","Wandsworth"
"ChIJLWq0KW4FdkgRneWIzAVgYO8","Dum and wok house","Food & Drink","Food & Drink","Restaurant","92A Balham High Rd, London","SW12 9AG","SW12","Balham","London","+44 7767 928306","","","","","https://maps.google.com/?cid=17248892150851626397&g_mp=Cidnb29nbGUubWFwcy5wbGFjZXMudjEuUGxhY2VzLlNlYXJjaFRleHQQAhgEIAA","51.4464604","-0.1502011","5","15","OPERATIONAL","Wandsworth"
"ChIJN2n3c6EFdkgR6UWpmL8ff4Y","Gap Vietnamese Kitchen","Food & Drink","Food & Drink","Vietnamese restaurant","92A Balham High Rd, London","SW12 9AG","SW12","Balham","London","+44 7584 588949","","","","","https://maps.google.com/?cid=9691499830885041641&g_mp=Cidnb29nbGUubWFwcy5wbGFjZXMudjEuUGxhY2VzLlNlYXJjaFRleHQQAhgEIAA","51.4463802","-0.1502096","4.7","37","OPERATIONAL","Wandsworth"
"ChIJBQkuPM8FdkgRLXcXkIoR1DQ","Heart of Balham - HOB","Food & Drink","Food & Drink","Cafe","113 Balham High Rd, London","SW12 9AP","SW12","Balham","London","+44 7459 840297","https://heartofbalham.com/","","","","https://maps.google.com/?cid=3806686871855527725&g_mp=Cidnb29nbGUubWFwcy5wbGFjZXMudjEuUGxhY2VzLlNlYXJjaFRleHQQAhgEIAA","51.445184999999995","-0.151059","4.6","637","OPERATIONAL","Wandsworth"
"ChIJH5wXxZwFdkgR9BmtYzee6bw","Libano Restaurant Balham","Food & Drink","Food & Drink","Lebanese restaurant","76 Balham High Rd, London","SW12 9AG","SW12","Balham","London","+44 20 8265 1415","https://libanorestaurant.com/","","","","https://maps.google.com/?cid=13612585309436713460&g_mp=Cidnb29nbGUubWFwcy5wbGFjZXMudjEuUGxhY2VzLlNlYXJjaFRleHQQAhgEIAA","51.446672","-0.149577","4.6","809","OPERATIONAL","Wandsworth"
"ChIJpevOheMFdkgR34Bck8shhjg","Megan's on the Hill Restaurant (Balham)","Food & Drink","Food & Drink","Mediterranean restaurant","41-43 Bedford Hill, London","SW12 9EY","SW12","Balham","London","+44 20 3468 0216","https://megans.co.uk/","","","","https://maps.google.com/?cid=4072980071237583071&g_mp=Cidnb29nbGUubWFwcy5wbGFjZXMudjEuUGxhY2VzLlNlYXJjaFRleHQQAhgEIAA","51.4439407","-0.1501311","4.5","2497","OPERATIONAL","Wandsworth"
"ChIJG-uvBIcFdkgRiAKdghPQJHY","Ming's Cuisine","Food & Drink","Food & Drink","Restaurant","Bebe World of Balham, 191 Balham High Rd, London","SW12 9BE","SW12","Balham","London","+44 20 7018 6800","http://www.mingscuisinebalham.co.uk/","","","","https://maps.google.com/?cid=8513157977851363976&g_mp=Cidnb29nbGUubWFwcy5wbGFjZXMudjEuUGxhY2VzLlNlYXJjaFRleHQQAhgEIAA","51.4417256","-0.15395509999999998","4.8","404","OPERATIONAL","Wandsworth"
"ChIJ1WcxYh8FdkgRLblw65_S0jc","Rosa's Thai Balham","Food & Drink","Food & Drink","Thai restaurant","37 Bedford Hill, London","SW12 9EY","SW12","Balham","London","+44 20 8024 9921","https://rosasthai.com/locations/balham-restaurant","","","","https://maps.google.com/?cid=4022509001486940461&g_mp=Cidnb29nbGUubWFwcy5wbGFjZXMudjEuUGxhY2VzLlNlYXJjaFRleHQQAhgEIAA","51.4441093","-0.15031650000000002","4.9","1097","OPERATIONAL","Wandsworth"
"ChIJrzeWNsUFdkgRcaapkOj5rKg","Taro - Balham","Food & Drink","Food & Drink","Japanese restaurant","Bebe World of Balham, 193 Balham High Rd, London","SW12 9BE","SW12","Balham","London","+44 20 8675 5187","https://tarorestaurants.uk/","","","","https://maps.google.com/?cid=12154364271620892273&g_mp=Cidnb29nbGUubWFwcy5wbGFjZXMudjEuUGxhY2VzLlNlYXJjaFRleHQQAhgEIAA","51.441708899999995","-0.1539813","4.5","1370","OPERATIONAL","Wandsworth"
"ChIJP1VDwskFdkgRuEghk9bLICU","The Avalon","Food & Drink","Food & Drink","Pub","16 Balham Hill, London","SW12 9EB","SW12","Balham","London","+44 20 8675 8613","http://www.theavalonlondon.com/","","","","https://maps.google.com/?cid=2675362301109946552&g_mp=Cidnb29nbGUubWFwcy5wbGFjZXMudjEuUGxhY2VzLlNlYXJjaFRleHQQAhgEIAA","51.4506759","-0.14802469999999998","4.2","1641","OPERATIONAL","Wandsworth"
"ChIJUX1zvs8FdkgRKzz6ozok5pk","The Exhibit","Food & Drink","Food & Drink|Art & Culture","Pub","12 Balham Station Rd, London","SW12 9SG","SW12","Balham","London","+44 20 8772 6556","https://www.theexhibit.co.uk/","","","","https://maps.google.com/?cid=11089590966724213803&g_mp=Cidnb29nbGUubWFwcy5wbGFjZXMudjEuUGxhY2VzLlNlYXJjaFRleHQQAhgEIAA","51.4433448","-0.15138859999999998","4.3","2296","OPERATIONAL","Wandsworth"
"ChIJtZlok8gFdkgRtyTV3gjoZBM","The Grove","Food & Drink","Food & Drink","Pub","The Grove at Balham, 39 Oldridge Rd, Balham Hill, London","SW12 8PN","SW12","Balham","London","+44 20 8673 6531","https://www.grovebalham.com/","","","","https://maps.google.com/?cid=1397496909187589303&g_mp=Cidnb29nbGUubWFwcy5wbGFjZXMudjEuUGxhY2VzLlNlYXJjaFRleHQQAhgEIAA","51.448388599999994","-0.1509722","4.5","907","OPERATIONAL","Wandsworth"
"ChIJD2xHxwUFdkgRWQH4n1Z4VO0","The Shawarma Club","Food & Drink","Food & Drink","Takeout restaurant","210 Balham High Rd, London","SW12 9BS","SW12","Balham","London","+44 20 4619 4642","","","","","https://maps.google.com/?cid=17101425998478967129&g_mp=Cidnb29nbGUubWFwcy5wbGFjZXMudjEuUGxhY2VzLlNlYXJjaFRleHQQAhgEIAA","51.443300199999996","-0.1531503","4.9","39","OPERATIONAL","Wandsworth"
"ChIJe4tWaf4FdkgR74geh1gwStA","Al Phoenic","Food & Drink","Food & Drink","Lebanese restaurant","Dental Surgery, 46-54 Battersea Bridge Rd, London","SW11 3AG","SW11","Battersea","London","+44 20 7924 1986","https://www.alphoenic.co.uk/","","","","https://maps.google.com/?cid=15008861864947779823&g_mp=Cidnb29nbGUubWFwcy5wbGFjZXMudjEuUGxhY2VzLlNlYXJjaFRleHQQAhgEIAA","51.478812399999995","-0.1706458","4.8","629","OPERATIONAL","Wandsworth"
"ChIJA3cPwJcFdkgR4NomPGfnEy0","Amiga Mexican Restaurant & Bar","Food & Drink","Food & Drink","Mexican restaurant","56 Battersea Rise, London","SW11 1EG","SW11","Battersea","London","+44 20 3590 4032","http://www.amigalondon.com/","","","","https://maps.google.com/?cid=3248194186841086688&g_mp=Cidnb29nbGUubWFwcy5wbGFjZXMudjEuUGxhY2VzLlNlYXJjaFRleHQQAhgEIAA","51.4609902","-0.1657102","4.5","323","OPERATIONAL","Wandsworth"
"ChIJ1-xMtQcFdkgR-3MneAs9AXU","Angoletto Trattoria Italiana","Food & Drink","Food & Drink","Italian restaurant","50 Battersea Park Rd, London","SW11 4JP","SW11","Battersea","London","+44 20 7978 2231","http://angoletto.co.uk/","","","","https://maps.google.com/?cid=8431087096884065275&g_mp=Cidnb29nbGUubWFwcy5wbGFjZXMudjEuUGxhY2VzLlNlYXJjaFRleHQQAhgEIAA","51.4755782","-0.1509872","4.6","795","OPERATIONAL","Wandsworth"
"ChIJEX9ptU4FdkgRPOnWhkugTgY","Arcade Battersea","Food & Drink","Food & Drink","Restaurant","1st Floor, 330, The Power Station, Circus Rd S, London","SW11 8DD","SW11","Battersea","London","+44 20 3989 9341","https://www.arcade-london.com/","","","","https://maps.google.com/?cid=454476858656221500&g_mp=Cidnb29nbGUubWFwcy5wbGFjZXMudjEuUGxhY2VzLlNlYXJjaFRleHQQAhgEIAA","51.481870699999995","-0.1446221","4.6","7964","OPERATIONAL","Wandsworth"
"ChIJeUCRa70FdkgRQJAFyD0A_-4","Azteca Battersea","Food & Drink","Food & Drink","Mexican restaurant","5-9 Battersea Rise, London","SW11 1HG","SW11","Battersea","London","+44 20 7096 3207","https://aztecalondon.com/","","","","https://maps.google.com/?cid=17221483765436878912&g_mp=Cidnb29nbGUubWFwcy5wbGFjZXMudjEuUGxhY2VzLlNlYXJjaFRleHQQAhgEIAA","51.460846499999995","-0.1628365","4.6","582","OPERATIONAL","Wandsworth"
"ChIJIUU-lPsFdkgR8992QN-bR3w","Bread Street Kitchen & Bar - Battersea","Food & Drink","Food & Drink","Restaurant","Hall A, 1st Floor, The Power Station, Circus Road South Turbine, London","SW11 8DD","SW11","Battersea","London","+44 20 7592 7952","https://www.gordonramsayrestaurants.com/bread-street-kitchen/battersea/?utm_source=gmb&utm_medium=uberall&utm_campaign=business_profile","","","","https://maps.google.com/?cid=8955297767211065331&g_mp=Cidnb29nbGUubWFwcy5wbGFjZXMudjEuUGxhY2VzLlNlYXJjaFRleHQQAhgEIAA","51.481826899999994","-0.14448229999999998","4.3","1907","OPERATIONAL","Wandsworth"
"ChIJjbbbrAQFdkgRyahaOjaQY9c","Cinnamon Kitchen","Food & Drink","Food & Drink","Indian restaurant","Battersea Power Station, Arches Lane & Circus West Village, Arches Ln, London","SW11 8AB","SW11","Battersea","London","+44 20 3995 5075","https://www.cinnamon-kitchen.com/","","","","https://maps.google.com/?cid=15520407303430514889&g_mp=Cidnb29nbGUubWFwcy5wbGFjZXMudjEuUGxhY2VzLlNlYXJjaFRleHQQAhgEIAA","51.4831557","-0.1468332","4.6","2315","OPERATIONAL","Wandsworth"
"ChIJGzea8_gFdkgRExlwW5PMpsg","Dishoom Battersea","Food & Drink","Food & Drink","Indian restaurant","Upper Ground, Electric Boulevard, 42 Electric Blvd, London","SW11 8BJ","SW11","Battersea","London","+44 20 7420 9327","https://www.dishoom.com/battersea/?utm_source=google&utm_medium=organic&utm_campaign=google_business_profile","","","","https://maps.google.com/?cid=14458468586985888019&g_mp=Cidnb29nbGUubWFwcy5wbGFjZXMudjEuUGxhY2VzLlNlYXJjaFRleHQQAhgEIAA","51.4800206","-0.14503649999999998","4.9","8140","OPERATIONAL","Wandsworth"
"ChIJCeNAOLMFdkgRSh6IrGxyRTA","El Pastor Battersea","Food & Drink","Food & Drink","Mexican restaurant","El Pastor Battersea Circus West Village Battersea Power Station Unit 21-22, London","SW11 8EZ","SW11","Battersea","London","","https://www.tacoselpastor.co.uk/","","","","https://maps.google.com/?cid=3478312098290212426&g_mp=Cidnb29nbGUubWFwcy5wbGFjZXMudjEuUGxhY2VzLlNlYXJjaFRleHQQAhgEIAA","51.4829377","-0.1459025","4.5","830","OPERATIONAL","Wandsworth"
"ChIJR7FHQ7oFdkgRcGgNclUbmGs","JOIA Restaurant, Bar & Rooftop","Food & Drink","Food & Drink","Restaurant","15th Floor, Electric Boulevard, 1 Electric Blvd, London","SW11 8BJ","SW11","Battersea","London","+44 20 3833 8333","https://www.joiabattersea.co.uk/","","","","https://maps.google.com/?cid=7752976812317960304&g_mp=Cidnb29nbGUubWFwcy5wbGFjZXMudjEuUGxhY2VzLlNlYXJjaFRleHQQAhgEIAA","51.4806861","-0.1455533","4.4","887","OPERATIONAL","Wandsworth"
"ChIJAUnulSwFdkgRq6MTMizom9Y","Kizana","Food & Drink","Food & Drink","Japanese restaurant","214 Battersea Park Rd, London","SW11 4ND","SW11","Battersea","London","+44 20 3832 8790","http://kizana.co.uk/","","","","https://maps.google.com/?cid=15464209022023082923&g_mp=Cidnb29nbGUubWFwcy5wbGFjZXMudjEuUGxhY2VzLlNlYXJjaFRleHQQAhgEIAA","51.4732789","-0.1615689","4.9","444","OPERATIONAL","Wandsworth"
"ChIJ5dnJ6gkFdkgRY1n2pQeQMoY","Lost Society","Food & Drink","Food & Drink","Cocktail bar","339 Battersea Park Rd, London","SW11 4LS","SW11","Battersea","London","+44 20 7622 2112","https://www.lostbattersea.co.uk/bookings/","","","","https://maps.google.com/?cid=9669949712441432419&g_mp=Cidnb29nbGUubWFwcy5wbGFjZXMudjEuUGxhY2VzLlNlYXJjaFRleHQQAhgEIAA","51.4740879","-0.1570307","4.2","1364","OPERATIONAL","Wandsworth"
"ChIJ4XBm9cwFdkgRzwdLPoBi8oI","Megan's Battersea Power Station","Food & Drink","Food & Drink","Mediterranean restaurant","The Power Station, 27 Circus Rd W, London","SW11 8NN","SW11","Battersea","London","+44 20 3468 0218","https://megans.co.uk/","","","","https://maps.google.com/?cid=9435712472235050959&g_mp=Cidnb29nbGUubWFwcy5wbGFjZXMudjEuUGxhY2VzLlNlYXJjaFRleHQQAhgEIAA","51.483258199999995","-0.1465258","4.6","7241","OPERATIONAL","Wandsworth"
"ChIJz4TbK6oFdkgRlU_Jh2FRsik","Monterre Restaurant & Bar - Battersea","Food & Drink","Food & Drink","Italian restaurant","12 Palmer Rd, London","SW11 4FQ","SW11","Battersea","London","+44 20 4597 9453","http://monterre.co.uk/","","","","https://maps.google.com/?cid=3004553380741336981&g_mp=Cidnb29nbGUubWFwcy5wbGFjZXMudjEuUGxhY2VzLlNlYXJjaFRleHQQAhgEIAA","51.4783207","-0.1467064","4.8","236","OPERATIONAL","Wandsworth"
"ChIJZZ88bVAFdkgRD7V43SWakz4","Roti King Battersea","Food & Drink","Food & Drink","Malaysian restaurant","Battersea Power Station, 16 Arches Ln, London","SW11 8AB","SW11","Battersea","London","","https://www.rotiking.com/","","","","https://maps.google.com/?cid=4509117139348141327&g_mp=Cidnb29nbGUubWFwcy5wbGFjZXMudjEuUGxhY2VzLlNlYXJjaFRleHQQAhgEIAA","51.48276870000001","-0.14696309999999999","4.6","2237","OPERATIONAL","Wandsworth"
"ChIJ3fpU55cFdkgR3-fHCVX5Wig","Sinabro Restaurant","Food & Drink","Food & Drink","French restaurant","28 Battersea Rise, London","SW11 1EE","SW11","Battersea","London","+44 20 3302 3120","http://www.sinabro.co.uk/","","","","https://maps.google.com/?cid=2907910653052708831&g_mp=Cidnb29nbGUubWFwcy5wbGFjZXMudjEuUGxhY2VzLlNlYXJjaFRleHQQAhgEIAA","51.4610188","-0.1644685","4.9","428","OPERATIONAL","Wandsworth"
"ChIJR52OV74FdkgRjCEgAh_1gu0","tashas Battersea","Food & Drink","Food & Drink","Restaurant","Battersea Power Station, Electric Boulevard, 3 Prospect Wy, London","SW11 8BH","SW11","Battersea","London","+44 20 3011 1989","https://www.tashascafe.com/locations/london/battersea/","","","","https://maps.google.com/?cid=17114511047489757580&g_mp=Cidnb29nbGUubWFwcy5wbGFjZXMudjEuUGxhY2VzLlNlYXJjaFRleHQQAhgEIAA","51.480646","-0.1441187","4.4","615","OPERATIONAL","Wandsworth"
"ChIJFYjXspcFdkgRgVVCwZhu5Xs","The Ivy Northcote Road Brasserie","Food & Drink","Food & Drink","British restaurant","31-37 Northcote Rd, London","SW11 1NJ","SW11","Battersea","London","+44 20 4587 8216","https://ivycollection.com/restaurants-near-me/the-ivy-london/the-ivy-northcote-road-brasserie-battersea/?utm_source=LocalGoogle&utm_medium=Organic","","","","https://maps.google.com/?cid=8927663438688310657&g_mp=Cidnb29nbGUubWFwcy5wbGFjZXMudjEuUGxhY2VzLlNlYXJjaFRleHQQAhgEIAA","51.459730699999994","-0.16619219999999998","4.6","290","OPERATIONAL","Wandsworth"
"ChIJf116GN8FdkgRijbWydeSqik","The Table Battersea","Food & Drink","Food & Drink","Brunch restaurant","35-37 Battersea Rise, London","SW11 1HG","SW11","Battersea","London","+44 20 7223 0033","https://thetablecafe.com/","","","","https://maps.google.com/?cid=3002373557097739914&g_mp=Cidnb29nbGUubWFwcy5wbGFjZXMudjEuUGxhY2VzLlNlYXJjaFRleHQQAhgEIAA","51.460788199999996","-0.16414470000000003","4.6","471","OPERATIONAL","Wandsworth"
"ChIJK9ZslmcFdkgRJ_Nc5qgncjk","TOZI Pizzeria & Cicchetti Bar","Food & Drink","Food & Drink","Italian restaurant","Electric Boulevard, 3A Electric Blvd, London","SW11 8BJ","SW11","Battersea","London","+44 20 3833 8200","https://www.tozibattersea.co.uk/","","","","https://maps.google.com/?cid=4139414613879747367&g_mp=Cidnb29nbGUubWFwcy5wbGFjZXMudjEuUGxhY2VzLlNlYXJjaFRleHQQAhgEIAA","51.480533199999996","-0.1453797","4.5","840","OPERATIONAL","Wandsworth"
"ChIJkZEv_LcPdkgRTGJGplVFg-0","Bosa Lounge","Food & Drink","Food & Drink","Lebanese restaurant","36 Putney High St, London","SW15 1SQ","SW15","Putney","London","+44 20 8785 1851","http://www.bosakitchen.co.uk/","","","","https://maps.google.com/?cid=17114599243102184012&g_mp=Cidnb29nbGUubWFwcy5wbGFjZXMudjEuUGxhY2VzLlNlYXJjaFRleHQQAhgEIAA","51.4650889","-0.21486809999999998","4.5","211","OPERATIONAL","Wandsworth"
"ChIJoXATK_oPdkgRVLiBhJ_Sljo","Cho Asia","Food & Drink","Food & Drink","Restaurant","90 Lower Richmond Rd., London","SW15 1LL","SW15","Putney","London","+44 20 8016 2772","https://www.choasia.com/?utm_source=GBP.website&utm_medium=GBP&utm_campaign=br14808-website","","","","https://maps.google.com/?cid=4221793283271145556&g_mp=Cidnb29nbGUubWFwcy5wbGFjZXMudjEuUGxhY2VzLlNlYXJjaFRleHQQAhgEIAA","51.4679393","-0.22158709999999998","4.9","929","OPERATIONAL","Wandsworth"
"ChIJs7l0YywPdkgRd_ouGtzggY4","Chook Chook","Food & Drink","Food & Drink","Indian restaurant","137 Lower Richmond Rd., London","SW15 1EZ","SW15","Putney","London","+44 20 8789 3100","http://chookchook.uk/","","","","https://maps.google.com/?cid=10268735861318154871&g_mp=Cidnb29nbGUubWFwcy5wbGFjZXMudjEuUGxhY2VzLlNlYXJjaFRleHQQAhgEIAA","51.4680011","-0.222913","4.7","1739","OPERATIONAL","Wandsworth"
"ChIJUVbyi9cPdkgRhlJ8corA-AY","CILANTRO","Food & Drink","Food & Drink","Indian restaurant","244 Upper Richmond Rd, London","SW15 6TG","SW15","Putney","London","+44 20 3343 9317","https://cilantro.london/?utm_source=google&utm_medium=business_profile&utm_campaign=main_link_to_website_localo","","","","https://maps.google.com/?cid=502363059310580358&g_mp=Cidnb29nbGUubWFwcy5wbGFjZXMudjEuUGxhY2VzLlNlYXJjaFRleHQQAhgEIAA","51.4614769","-0.2193075","4.8","795","OPERATIONAL","Wandsworth"
"ChIJq6qnxREPdkgRZcsbRLs90y8","Colombo Kitchen Putney - Hopper and Kottu Bar","Food & Drink","Food & Drink","Sri Lankan restaurant","240 Upper Richmond Rd, London","SW15 6TG","SW15","Putney","London","+44 20 3337 2249","https://www.colombokitchen.co.uk/","","","","https://maps.google.com/?cid=3446166014379412325&g_mp=Cidnb29nbGUubWFwcy5wbGFjZXMudjEuUGxhY2VzLlNlYXJjaFRleHQQAhgEIAA","51.461403","-0.2191995","4.8","523","OPERATIONAL","Wandsworth"
"ChIJn9ZV5d8PdkgRXykih1eD94o","Coppa Club Putney","Food & Drink","Food & Drink","Mediterranean restaurant","The White House, 29 Brewhouse Ln, London","SW15 2JX","SW15","Putney","London","+44 20 3937 5354","https://www.coppaclub.co.uk/putney/?utm_source=Organic+Search&utm_medium=Local&utm_campaign=GB_Putney&utm_content=listing","","","","https://maps.google.com/?cid=10013616708434143583&g_mp=Cidnb29nbGUubWFwcy5wbGFjZXMudjEuUGxhY2VzLlNlYXJjaFRleHQQAhgEIAA","51.4653426","-0.2122704","4.4","1044","OPERATIONAL","Wandsworth"
"ChIJvf4QMQAPdkgRcLojHXC8KXc","Dim Sum Kitchen","Food & Drink","Food & Drink","Chinese restaurant","284 Upper Richmond Rd, London","SW15 6TH","SW15","Putney","London","+44 20 3752 5448","http://www.dimsumkitchenputney.com/","","","","https://maps.google.com/?cid=8586601354269801072&g_mp=Cidnb29nbGUubWFwcy5wbGFjZXMudjEuUGxhY2VzLlNlYXJjaFRleHQQAhgEIAA","51.461884999999995","-0.2208243","4.7","124","OPERATIONAL","Wandsworth"
"ChIJt1CtJRIPdkgRI1RRiNvGivA","GAZETTE PUTNEY","Food & Drink","Food & Drink","French restaurant","Chestertons Residential, 147 Upper Richmond Rd, London","SW15 2TX","SW15","Putney","London","+44 20 8789 6996","https://www.gazettebrasserie.co.uk/","","","","https://maps.google.com/?cid=17332884762075943971&g_mp=Cidnb29nbGUubWFwcy5wbGFjZXMudjEuUGxhY2VzLlNlYXJjaFRleHQQAhgEIAA","51.460457","-0.21656499999999998","4.4","750","OPERATIONAL","Wandsworth"
"ChIJ9cwZDmwPdkgR6qQ5N8UyUiI","Hide & Seed at The Lodge Hotel","Food & Drink","Food & Drink","Restaurant","Lodge Hotel, Upper Richmond Rd, London","SW15 2RN","SW15","Putney","London","+44 20 8874 1598","https://www.thelodgehotellondon.com/dining/?utm_source=mybusiness&utm_medium=organic","","","","https://maps.google.com/?cid=2473094967996294378&g_mp=Cidnb29nbGUubWFwcy5wbGFjZXMudjEuUGxhY2VzLlNlYXJjaFRleHQQAhgEIAA","51.457499999999996","-0.2059132","4.4","14","OPERATIONAL","Wandsworth"
"ChIJvyYD5RIPdkgR-aUYPURCrRg","Home SW15","Food & Drink","Food & Drink","Restaurant","146 Upper Richmond Rd, London","SW15 2SW","SW15","Putney","London","+44 20 8780 0592","http://www.homesw15.com/","","","","https://maps.google.com/?cid=1778150288731448825&g_mp=Cidnb29nbGUubWFwcy5wbGFjZXMudjEuUGxhY2VzLlNlYXJjaFRleHQQAhgEIAA","51.460186099999994","-0.2132723","4.7","854","OPERATIONAL","Wandsworth"
"ChIJmfY2lQ0PdkgRh5XvQyrLnDs","Octagreen","Food & Drink","Food & Drink","Restaurant","85 Putney High St, London","SW15 1SR","SW15","Putney","London","+44 20 8785 3698","https://octagreen.co.uk/","","","","https://maps.google.com/?cid=4295531526993450375&g_mp=Cidnb29nbGUubWFwcy5wbGFjZXMudjEuUGxhY2VzLlNlYXJjaFRleHQQAhgEIAA","51.4634873","-0.2155678","4.7","1017","OPERATIONAL","Wandsworth"
"ChIJR6OGN_oPdkgR2-mZFxZMkZQ","Ostuni Italian Restaurant","Food & Drink","Food & Drink","Italian restaurant","277 Upper Richmond Rd, London","SW15 6SP","SW15","Putney","London","+44 20 8788 7733","https://www.ostunirestaurant.com/","","","","https://maps.google.com/?cid=10705421447005333979&g_mp=Cidnb29nbGUubWFwcy5wbGFjZXMudjEuUGxhY2VzLlNlYXJjaFRleHQQAhgEIAA","51.4627367","-0.22623729999999997","4.8","81","OPERATIONAL","Wandsworth"
"ChIJ5a8J3hIPdkgRxKo-Qx4F6d0","Putney Pies","Food & Drink","Food & Drink","Bakery","2 Putney High St, London","SW15 1SL","SW15","Putney","London","+44 20 8780 2920","http://www.putneypies.co.uk/","","","","https://maps.google.com/?cid=15990317579490994884&g_mp=Cidnb29nbGUubWFwcy5wbGFjZXMudjEuUGxhY2VzLlNlYXJjaFRleHQQAhgEIAA","51.466025699999996","-0.2145572","4.3","729","OPERATIONAL","Wandsworth"
"ChIJpSB6aHkPdkgR2nt8aICsxRk","Rio’s Piri Piri putney","Food & Drink","Food & Drink","Fast food restaurant","5 Putney Hill, London","SW15 6BA","SW15","Putney","London","+44 20 4629 4855","https://riosputneyhill.com/","","","","https://maps.google.com/?cid=1857080088868977626&g_mp=Cidnb29nbGUubWFwcy5wbGFjZXMudjEuUGxhY2VzLlNlYXJjaFRleHQQAhgEIAA","51.460355899999996","-0.21700219999999998","4.4","144","OPERATIONAL","Wandsworth"
"ChIJJewH3hIPdkgRLX_CcV2dsCg","Roxie Steak - Putney","Food & Drink","Food & Drink","Steak house","136 Upper Richmond Rd, London","SW15 2SP","SW15","Putney","London","+44 20 8704 5326","http://www.roxiesteak.co.uk/","","","","https://maps.google.com/?cid=2932016382084284205&g_mp=Cidnb29nbGUubWFwcy5wbGFjZXMudjEuUGxhY2VzLlNlYXJjaFRleHQQAhgEIAA","51.4599657","-0.21258459999999998","4.6","816","OPERATIONAL","Wandsworth"
"ChIJhRD4g0oPdkgRdslIl2ITt2M","Sodaeng","Food & Drink","Food & Drink","Korean restaurant","283 Putney Bridge Rd, London","SW15 2PT","SW15","Putney","London","+44 20 3605 7050","https://sodaeng.co.uk/","","","","https://maps.google.com/?cid=7185233044658768246&g_mp=Cidnb29nbGUubWFwcy5wbGFjZXMudjEuUGxhY2VzLlNlYXJjaFRleHQQAhgEIAA","51.463496799999994","-0.2116672","4.7","468","OPERATIONAL","Wandsworth"
"ChIJJ6XHGnYPdkgR354ZL-aRZLo","Tash Grill","Food & Drink","Food & Drink","Mediterranean restaurant","165 Upper Richmond Rd, London","SW15 6SE","SW15","Putney","London","+44 20 8785 1178","https://mymenuweb.com/uk/restaurants/635770/?utm_source=google_profile&utm_medium=google_profile&utm_campaign=admin","","","","https://maps.google.com/?cid=13431020406544375519&g_mp=Cidnb29nbGUubWFwcy5wbGFjZXMudjEuUGxhY2VzLlNlYXJjaFRleHQQAhgEIAA","51.460912199999996","-0.217493","4.5","959","OPERATIONAL","Wandsworth"
"ChIJk-Y-4AwPdkgRP83Y4EB22wA","The Boathouse","Food & Drink","Food & Drink","Pub","32 Brewhouse Ln, London","SW15 2JX","SW15","Putney","London","+44 20 8789 0476","https://www.boathouseputney.co.uk/","","","","https://maps.google.com/?cid=61773040921922879&g_mp=Cidnb29nbGUubWFwcy5wbGFjZXMudjEuUGxhY2VzLlNlYXJjaFRleHQQAhgEIAA","51.4652186","-0.2127298","4.2","1518","OPERATIONAL","Wandsworth"
"ChIJNTgT5z0PdkgREVdxMZgliPk","The Railway Pub Putney","Food & Drink","Food & Drink","Gastropub","202 Upper Richmond Rd, London","SW15 6TD","SW15","Putney","London","+44 20 8161 0446","https://www.therailwaypubputney.com/?utm_source=gmb&utm_medium=organic&utm_campaign=homepage","","","","https://maps.google.com/?cid=17980662847871473425&g_mp=Cidnb29nbGUubWFwcy5wbGFjZXMudjEuUGxhY2VzLlNlYXJjaFRleHQQAhgEIAA","51.4611264","-0.2173107","4.4","941","OPERATIONAL","Wandsworth"
"ChIJg-kxuYgPdkgROyl4y8W7vO0","The Sushi Co - Putney","Food & Drink","Food & Drink","Sushi restaurant","82 Putney High St, London","SW15 1RB","SW15","Putney","London","+44 20 8076 1676","https://thesushico.com/","","","","https://maps.google.com/?cid=17130773540807125307&g_mp=Cidnb29nbGUubWFwcy5wbGFjZXMudjEuUGxhY2VzLlNlYXJjaFRleHQQAhgEIAA","51.463795999999995","-0.21565679999999998","4.8","765","OPERATIONAL","Wandsworth"
"ChIJs-PU6k4HdkgRZs-r5EgYfV0","bobochacha Tooting","Food & Drink","Food & Drink","Restaurant","192 Tooting High St, London","SW17 0SF","SW17","Tooting","London","+44 20 8672 4250","https://www.bobochacha.com/","","","","https://maps.google.com/?cid=6736567318969306982&g_mp=Cidnb29nbGUubWFwcy5wbGFjZXMudjEuUGxhY2VzLlNlYXJjaFRleHQQAhgEIAA","51.4240534","-0.1722246","4.6","743","OPERATIONAL","Wandsworth"
"ChIJN4asdIMFdkgRLmUfdfDevRw","Chicken Valley Balham","Food & Drink","Food & Drink","Chicken restaurant","248 Balham High Rd, London","SW17 7AW","SW17","Tooting","London","+44 20 8166 6158","https://www.chickenvalley.co.uk/","","","","https://maps.google.com/?cid=2071056527998805294&g_mp=Cidnb29nbGUubWFwcy5wbGFjZXMudjEuUGxhY2VzLlNlYXJjaFRleHQQAhgEIAA","51.44042220000001","-0.15566049999999998","4.9","91","OPERATIONAL","Wandsworth"
"ChIJM6EZG-AFdkgRk-hPDCSsTlw","Dawat Tooting","Food & Drink","Food & Drink","Pakistani restaurant","256-258 Upper Tooting Rd, London","SW17 0DN","SW17","Tooting","London","+44 20 8682 9777","https://dawatgroup.co.uk/","","","","https://maps.google.com/?cid=6651442970498164883&g_mp=Cidnb29nbGUubWFwcy5wbGFjZXMudjEuUGxhY2VzLlNlYXJjaFRleHQQAhgEIAA","51.429901","-0.1662917","4.6","13539","OPERATIONAL","Wandsworth"
"ChIJB41d56QFdkgRx7iaYFTSe9E","Dhoompan","Food & Drink","Food & Drink","Restaurant","47 Trinity Rd, London","SW17 7SD","SW17","Tooting","London","+44 7706 107217","https://linktr.ee/tandoorkingxdhoompan","","","","https://maps.google.com/?cid=15094889835902187719&g_mp=Cidnb29nbGUubWFwcy5wbGFjZXMudjEuUGxhY2VzLlNlYXJjaFRleHQQAhgEIAA","51.4365046","-0.1612635","5","860","OPERATIONAL","Wandsworth"
"ChIJEWB2lOYFdkgRg7BBaAiZ6Iw","Fish Wala Tooting","Food & Drink","Food & Drink","Takeout restaurant","1a Hebdon Rd, London","SW17 7NS","SW17","Tooting","London","+44 20 8767 9999","http://www.fishwala.co.uk/","","","","https://maps.google.com/?cid=10153533621294706819&g_mp=Cidnb29nbGUubWFwcy5wbGFjZXMudjEuUGxhY2VzLlNlYXJjaFRleHQQAhgEIAA","51.4320983","-0.16468059999999998","4.7","385","OPERATIONAL","Wandsworth"
"ChIJF3dKxRgHdkgRkJnoIPYipxQ","Golden Rise","Food & Drink","Food & Drink","Restaurant","Golden Rise, 100 Tooting High St, London","SW17 0RR","SW17","Tooting","London","+44 7853 734785","https://goldenrise.uk/","","","","https://maps.google.com/?cid=1488196642378652048&g_mp=Cidnb29nbGUubWFwcy5wbGFjZXMudjEuUGxhY2VzLlNlYXJjaFRleHQQAhgEIAA","51.4265678","-0.1697069","4.4","314","OPERATIONAL","Wandsworth"
"ChIJweaO5DIHdkgRaWrX_PiYfzE","Kamuü Tooting","Food & Drink","Food & Drink","Restaurant","Unit M12, 29 Tooting High St, London","SW17 0SP","SW17","Tooting","London","+44 20 4577 2104","https://www.order-tooting.kamuu.co.uk/","","","","https://maps.google.com/?cid=3566737625062009449&g_mp=Cidnb29nbGUubWFwcy5wbGFjZXMudjEuUGxhY2VzLlNlYXJjaFRleHQQAhgEIAA","51.4283384","-0.16651269999999999","4.9","105","OPERATIONAL","Wandsworth"
"ChIJGx31ihgFdkgRsAfr-SrEqn0","La Doc - Italian Restaurant","Food & Drink","Food & Drink","Italian restaurant","205 Balham High Rd, London","SW17 7BW","SW17","Tooting","London","+44 7865 034118","http://www.ladoc.co.uk/","","","","https://maps.google.com/?cid=9055265689642403760&g_mp=Cidnb29nbGUubWFwcy5wbGFjZXMudjEuUGxhY2VzLlNlYXJjaFRleHQQAhgEIAA","51.4404974","-0.15480580000000002","4.7","178","OPERATIONAL","Wandsworth"
"ChIJuSWNrA4GdkgRLXnFWZcP06w","Little Taperia","Food & Drink","Food & Drink","Bar","Bonnies Pets & Flowers, 143 Tooting High St, London","SW17 0RU","SW17","Tooting","London","+44 20 8682 3303","http://www.thelittletaperia.co.uk/","","","","https://maps.google.com/?cid=12453314537330145581&g_mp=Cidnb29nbGUubWFwcy5wbGFjZXMudjEuUGxhY2VzLlNlYXJjaFRleHQQAhgEIAA","51.425468599999995","-0.170146","4.7","1078","OPERATIONAL","Wandsworth"
"ChIJs7xijhoHdkgRXXpLyniOPow","Malabaarii Restaurant Tooting","Food & Drink","Food & Drink","Indian restaurant","Unit 74, Broadway Market, 29 Tooting High St, London","SW17 0RL","SW17","Tooting","London","+44 7587 620961","https://www.malabaarii.com/","","","","https://maps.google.com/?cid=10105671263307135581&g_mp=Cidnb29nbGUubWFwcy5wbGFjZXMudjEuUGxhY2VzLlNlYXJjaFRleHQQAhgEIAA","51.428744900000005","-0.1667512","4.9","330","OPERATIONAL","Wandsworth"
"ChIJ3XC3ehkFdkgRLDWXVY9Snk8","Meicasso Restaurant","Food & Drink","Food & Drink","Asian fusion restaurant","180 Upper Tooting Rd, London","SW17 7ER","SW17","Tooting","London","+44 20 7290 0421","https://meicasso.co.uk/","","","","https://maps.google.com/?cid=5737113750886364460&g_mp=Cidnb29nbGUubWFwcy5wbGFjZXMudjEuUGxhY2VzLlNlYXJjaFRleHQQAhgEIAA","51.4313948","-0.1647681","4.5","2361","OPERATIONAL","Wandsworth"
"ChIJzQ5_TwAHdkgRLLl_ZaIpJz0","Nami sushi bar","Food & Drink","Food & Drink","Restaurant","21 Tooting High St, London","SW17 0SN","SW17","Tooting","London","","","","","","https://maps.google.com/?cid=4406536537869629740&g_mp=Cidnb29nbGUubWFwcy5wbGFjZXMudjEuUGxhY2VzLlNlYXJjaFRleHQQAhgEIAA","51.429074299999996","-0.16648159999999998","4.7","63","OPERATIONAL","Wandsworth"
"ChIJybh2DKYHdkgRQ7MtbdBEuR0","One Twenty Four","Food & Drink","Food & Drink","Bar","124 Tooting High St, London","SW17 0RR","SW17","Tooting","London","+44 7554 392187","https://secretsociety.london/","","","","https://maps.google.com/?cid=2141818759766979395&g_mp=Cidnb29nbGUubWFwcy5wbGFjZXMudjEuUGxhY2VzLlNlYXJjaFRleHQQAhgEIAA","51.42586420000001","-0.17020559999999998","4.8","219","OPERATIONAL","Wandsworth"
"ChIJpSLmJFEFdkgRD1xSffpzmdI","Royal Mahal","Food & Drink","Food & Drink","Pakistani restaurant","32-36 Upper Tooting Rd, London","SW17 7PD","SW17","Tooting","London","+44 20 8265 5882","https://royalmahal.co.uk/","","","","https://maps.google.com/?cid=15175287939083164687&g_mp=Cidnb29nbGUubWFwcy5wbGFjZXMudjEuUGxhY2VzLlNlYXJjaFRleHQQAhgEIAA","51.435010299999995","-0.1614406","4.5","3485","OPERATIONAL","Wandsworth"
"ChIJbYMe2YoHdkgRhrVRHuHho8E","Rung Mahal","Food & Drink","Food & Drink","Pakistani restaurant","84 Tooting High St, London","SW17 0RN","SW17","Tooting","London","+44 20 8696 1466","https://rungmahal.co.uk/restaurant-rung-mahal-tooting-SW17/menu","","","","https://maps.google.com/?cid=13953244427516491142&g_mp=Cidnb29nbGUubWFwcy5wbGFjZXMudjEuUGxhY2VzLlNlYXJjaFRleHQQAhgEIAA","51.4270322","-0.169404","4.8","857","OPERATIONAL","Wandsworth"
"ChIJqSm2lVoFdkgRNWwdTWfm7cg","Sea Garden and Grill Tooting","Food & Drink","Food & Drink","Seafood restaurant","Unit 99, 29 Tooting High St, London","SW17 0RJ","SW17","Tooting","London","+44 20 8682 2995","http://seagardenandgrill.co.uk/","","","","https://maps.google.com/?cid=14478481708415806517&g_mp=Cidnb29nbGUubWFwcy5wbGFjZXMudjEuUGxhY2VzLlNlYXJjaFRleHQQAhgEIAA","51.428704100000004","-0.1663989","4.7","397","OPERATIONAL","Wandsworth"
"ChIJ5ShNfUEbdkgRVTyAWFtKliE","Smoke & Salt","Food & Drink","Food & Drink","Restaurant","115 Tooting High St, London","SW17 0SY","SW17","Tooting","London","+44 7421 327556","http://smokeandsalt.com/","","","","https://maps.google.com/?cid=2420203605945498709&g_mp=Cidnb29nbGUubWFwcy5wbGFjZXMudjEuUGxhY2VzLlNlYXJjaFRleHQQAhgEIAA","51.4259562","-0.1697463","4.8","553","OPERATIONAL","Wandsworth"
"ChIJ1TnjZ94FdkgRyn0dO5vTp_o","Spice Village","Food & Drink","Food & Drink","Pakistani restaurant","121 Upper Tooting Rd, London","SW17 7TJ","SW17","Tooting","London","+44 20 8672 0710","","","","","https://maps.google.com/?cid=18061637494257843658&g_mp=Cidnb29nbGUubWFwcy5wbGFjZXMudjEuUGxhY2VzLlNlYXJjaFRleHQQAhgEIAA","51.432751599999996","-0.16349039999999998","4.6","8488","OPERATIONAL","Wandsworth"
"ChIJXWajrT4HdkgR1yj8tp9Swxw","TAABIIR","Food & Drink","Food & Drink","Pakistani restaurant","159 Mitcham Rd, London","SW17 9PG","SW17","Tooting","London","+44 20 3337 6792","https://taabiir.uk/","","","","https://maps.google.com/?cid=2072591099443816663&g_mp=Cidnb29nbGUubWFwcy5wbGFjZXMudjEuUGxhY2VzLlNlYXJjaFRleHQQAhgEIAA","51.4241649","-0.1627389","4.8","480","OPERATIONAL","Wandsworth"
"ChIJ22lAUgoGdkgR7E15toCHbb4","The Tapas Room","Food & Drink","Food & Drink","Bar","Unit 3, Broadway Market, 29 Tooting High St, London","SW17 0RJ","SW17","Tooting","London","+44 7538 623687","https://www.thetapasroom.co.uk/","","","","https://maps.google.com/?cid=13721772626554736108&g_mp=Cidnb29nbGUubWFwcy5wbGFjZXMudjEuUGxhY2VzLlNlYXJjaFRleHQQAhgEIAA","51.428392599999995","-0.16675330000000002","4.8","186","OPERATIONAL","Wandsworth"
"ChIJrZm0npgHdkgRaojJ9Z06Xs0","Triumph Resto Lounge","Food & Drink","Food & Drink","Mediterranean restaurant","78 Tooting High St, London","SW17 0RN","SW17","Tooting","London","+44 7735 969706","https://www.triumph-resto-lounge.co.uk/","","","","https://maps.google.com/?cid=14798329875693930602&g_mp=Cidnb29nbGUubWFwcy5wbGFjZXMudjEuUGxhY2VzLlNlYXJjaFRleHQQAhgEIAA","51.4271501","-0.1691455","4.5","921","OPERATIONAL","Wandsworth"
"ChIJ5313OIUFdkgRvwfrHb51zEw","Watan - Afghani & Pakistani Restaurant Tooting","Food & Drink","Food & Drink","Afghan restaurant","180 Upper Tooting Rd, London","SW17 7EW","SW17","Tooting","London","+44 20 3649 0062","https://watanrestaurant.co.uk/tooting/","","","","https://maps.google.com/?cid=5533927501537675199&g_mp=Cidnb29nbGUubWFwcy5wbGFjZXMudjEuUGxhY2VzLlNlYXJjaFRleHQQAhgEIAA","51.4310123","-0.1651205","4.7","6368","OPERATIONAL","Wandsworth"
"ChIJRRpZ7AwPdkgRaRBfh5UkwCM","Boom Battle Bar Wandsworth","Food & Drink","Food & Drink","Bar","Ram Quarter, 9 Barley Walk, London","SW18 1UL","SW18","Wandsworth / Earlsfield","London","+44 117 990 2236","https://boombattlebar.com/uk/wandsworth/?utm_source=GMB&utm_medium=search&utm_campaign=GMB","","","","https://maps.google.com/?cid=2576099211495805033&g_mp=Cidnb29nbGUubWFwcy5wbGFjZXMudjEuUGxhY2VzLlNlYXJjaFRleHQQAhgEIAA","51.4576579","-0.1937912","4.8","1884","OPERATIONAL","Wandsworth"
"ChIJKRRXWZUPdkgRVwAokqvbkaE","Chicago Grill","Food & Drink","Food & Drink","Restaurant","29 Lydden Rd, London","SW18 4LT","SW18","Wandsworth / Earlsfield","London","+44 20 8066 9676","https://www.chicagogrills.co.uk/","","","","https://maps.google.com/?cid=11642328041667428439&g_mp=Cidnb29nbGUubWFwcy5wbGFjZXMudjEuUGxhY2VzLlNlYXJjaFRleHQQAhgEIAA","51.4467979","-0.1924531","4.8","33","OPERATIONAL","Wandsworth"
"ChIJewPBZlMFdkgRcRKcTxLuDpU","Cicchetti & Wine","Food & Drink","Food & Drink","Italian restaurant","422D Garratt Ln, London","SW18 4HW","SW18","Wandsworth / Earlsfield","London","+44 7563 643079","https://www.instagram.com/422_cicchetti_wine/?hl=en","https://www.instagram.com/422_cicchetti_wine/?hl=en","","","https://maps.google.com/?cid=10740783923737662065&g_mp=Cidnb29nbGUubWFwcy5wbGFjZXMudjEuUGxhY2VzLlNlYXJjaFRleHQQAhgEIAA","51.4400119","-0.18703999999999998","4.8","286","OPERATIONAL","Wandsworth"
"ChIJT0kSE-0FdkgRImrBZMF8YFM","County Arms","Food & Drink","Food & Drink","Pub","345 Trinity Rd, London","SW18 3SH","SW18","Wandsworth / Earlsfield","London","+44 20 8874 8532","https://www.countyarms.co.uk/","","","","https://maps.google.com/?cid=6007939072973171234&g_mp=Cidnb29nbGUubWFwcy5wbGFjZXMudjEuUGxhY2VzLlNlYXJjaFRleHQQAhgEIAA","51.4500952","-0.1743971","4.4","1379","OPERATIONAL","Wandsworth"
"ChIJywpR21APdkgREEQ5uarnGPw","Hotaru","Food & Drink","Food & Drink","Japanese restaurant","145-147 Wandsworth High St, London","SW18 4JB","SW18","Wandsworth / Earlsfield","London","+44 20 3784 0540","http://www.hotaru.uk/","","","","https://maps.google.com/?cid=18165523817436890128&g_mp=Cidnb29nbGUubWFwcy5wbGFjZXMudjEuUGxhY2VzLlNlYXJjaFRleHQQAhgEIAA","51.457256199999996","-0.1958124","4.8","387","OPERATIONAL","Wandsworth"
"ChIJiTTuHmQPdkgRqsW6CbXppng","King's Arms","Food & Drink","Food & Drink","Pub","94-96 Wandsworth High St, London","SW18 4LB","SW18","Wandsworth / Earlsfield","London","+44 20 3437 0006","https://www.kingsarmswandsworth.co.uk/","","","","https://maps.google.com/?cid=8693893094446908842&g_mp=Cidnb29nbGUubWFwcy5wbGFjZXMudjEuUGxhY2VzLlNlYXJjaFRleHQQAhgEIAA","51.4573626","-0.1946616","4.4","1860","OPERATIONAL","Wandsworth"
"ChIJXzcClZIFdkgR_54L8Hk2k-k","Le Gothique","Food & Drink","Food & Drink","French restaurant","The Royal Victoria Patriotic Building, John Archer Way, London","SW18 3SX","SW18","Wandsworth / Earlsfield","London","+44 20 8870 6567","http://www.legothique.co.uk/","","","","https://maps.google.com/?cid=16830856129759911679&g_mp=Cidnb29nbGUubWFwcy5wbGFjZXMudjEuUGxhY2VzLlNlYXJjaFRleHQQAhgEIAA","51.4533333","-0.1747222","4.5","343","OPERATIONAL","Wandsworth"
"ChIJX9_OqqYPdkgRjBvp2EWJfzc","MEET Quarter","Food & Drink","Food & Drink","Steak house","Well Square, Ram Quarter, 2 Bubbling, London","SW18 1UQ","SW18","Wandsworth / Earlsfield","London","+44 20 3084 6333","https://meetquarter.com/","","","","https://maps.google.com/?cid=3999065927213194124&g_mp=Cidnb29nbGUubWFwcy5wbGFjZXMudjEuUGxhY2VzLlNlYXJjaFRleHQQAhgEIAA","51.4573332","-0.1927895","4.8","324","OPERATIONAL","Wandsworth"
"ChIJo9UfG8oPdkgRceHo8Gt_TrE","Megan's in the Tonsleys Restaurant (Wandsworth)","Food & Drink","Food & Drink","Mediterranean restaurant","539-541 Old York Rd, London","SW18 1TG","SW18","Wandsworth / Earlsfield","London","+44 20 3468 0225","https://megans.co.uk/locations/megans-in-the-tonsleys/","","","","https://maps.google.com/?cid=12776289294476697969&g_mp=Cidnb29nbGUubWFwcy5wbGFjZXMudjEuUGxhY2VzLlNlYXJjaFRleHQQAhgEIAA","51.459753","-0.1890854","4.7","2704","OPERATIONAL","Wandsworth"
"ChIJw5y21JwFdkgR-MtPu6h1DgU","Sambrook's Brewery","Food & Drink","Food & Drink","Bar","1 Bellwether Ln, London","SW18 1UD","SW18","Wandsworth / Earlsfield","London","+44 20 7228 0598","https://www.sambrooksbrewery.co.uk/","","","","https://maps.google.com/?cid=364357987421113336&g_mp=Cidnb29nbGUubWFwcy5wbGFjZXMudjEuUGxhY2VzLlNlYXJjaFRleHQQAhgEIAA","51.457308499999996","-0.1927043","4.5","381","OPERATIONAL","Wandsworth"
"ChIJ92bzP80PdkgRurNy-Z48JTs","Smoky Boys","Food & Drink","Food & Drink","Barbecue restaurant","Unit 207, Southside Shopping Centre, London","SW18 4TF","SW18","Wandsworth / Earlsfield","London","+44 20 8870 8227","https://www.smokyboys.com/","","","","https://maps.google.com/?cid=4261879275863585722&g_mp=Cidnb29nbGUubWFwcy5wbGFjZXMudjEuUGxhY2VzLlNlYXJjaFRleHQQAhgEIAA","51.4543987","-0.1940236","4.6","830","OPERATIONAL","Wandsworth"
"ChIJ4Vh1q1UPdkgRpvnAUg1snb0","Sushi Moka","Food & Drink","Food & Drink","Japanese restaurant","Ram Quarter, Dray House, 24 Ryeland Blvd, London","SW18 1UN","SW18","Wandsworth / Earlsfield","London","+44 20 3336 3106","http://sushimoka.co.uk/","","","","https://maps.google.com/?cid=13663195648990706086&g_mp=Cidnb29nbGUubWFwcy5wbGFjZXMudjEuUGxhY2VzLlNlYXJjaFRleHQQAhgEIAA","51.4575427","-0.1929928","4.8","745","OPERATIONAL","Wandsworth"
"ChIJnTRgjGAPdkgRbmMgktbxkeA","The Garratt Tavern","Food & Drink","Food & Drink","Pub","89 Garratt Ln, London","SW18 4DW","SW18","Wandsworth / Earlsfield","London","+44 20 8870 8721","http://thegarratttavernwandsworth.co.uk/","","","","https://maps.google.com/?cid=16181980839995794286&g_mp=Cidnb29nbGUubWFwcy5wbGFjZXMudjEuUGxhY2VzLlNlYXJjaFRleHQQAhgEIAA","51.452949999999994","-0.191016","4.4","587","OPERATIONAL","Wandsworth"
"ChIJy03zJJkFdkgR1yDgZio9kzI","The Open Page","Food & Drink","Food & Drink","Gastropub","573 Garratt Ln, London","SW18 4ST","SW18","Wandsworth / Earlsfield","London","+44 20 3971 0820","http://theopenpage.co.uk/","","","","https://maps.google.com/?cid=3644323775796748503&g_mp=Cidnb29nbGUubWFwcy5wbGFjZXMudjEuUGxhY2VzLlNlYXJjaFRleHQQAhgEIAA","51.4398068","-0.1866813","4.4","208","OPERATIONAL","Wandsworth"
"ChIJkxWeZ30PdkgRZiJi42dFC8o","The Ship","Food & Drink","Food & Drink","Pub","41 Jews Row, London","SW18 1TB","SW18","Wandsworth / Earlsfield","London","+44 20 8870 9667","https://www.theship.co.uk/","","","","https://maps.google.com/?cid=14558806532904067686&g_mp=Cidnb29nbGUubWFwcy5wbGFjZXMudjEuUGxhY2VzLlNlYXJjaFRleHQQAhgEIAA","51.4635107","-0.18809889999999999","4.3","3007","OPERATIONAL","Wandsworth"
"ChIJ0XHFdGgPdkgRl_ctLa7f570","The Tapas Room New Acres","Food & Drink","Food & Drink","Restaurant","New Acres, 25A Swandon Way, London","SW18 1EJ","SW18","Wandsworth / Earlsfield","London","+44 7538 623687","https://www.thetapasroom.co.uk/","","","","https://maps.google.com/?cid=13684151931963832215&g_mp=Cidnb29nbGUubWFwcy5wbGFjZXMudjEuUGxhY2VzLlNlYXJjaFRleHQQAhgEIAA","51.4615146","-0.1900101","4.8","27","OPERATIONAL","Wandsworth"
"ChIJMzQk5lcPdkgRcVc1IDALeM8","Viet Town","Food & Drink","Food & Drink","Restaurant","513 Old York Rd, London","SW18 1TF","SW18","Wandsworth / Earlsfield","London","+44 20 3581 9949","https://www.viettown.co.uk/","","","","https://maps.google.com/?cid=14949711264383063921&g_mp=Cidnb29nbGUubWFwcy5wbGFjZXMudjEuUGxhY2VzLlNlYXJjaFRleHQQAhgEIAA","51.4603049","-0.18813639999999998","4.6","487","OPERATIONAL","Wandsworth"
"ChIJxeAuw3wPdkgRxpP9zr5K5mw","Zia Lucia - Wandsworth Town","Food & Drink","Food & Drink","Pizza restaurant","356 Old York Rd, London","SW18 1SS","SW18","Wandsworth / Earlsfield","London","+44 20 3971 0829","http://www.zialucia.com/","","","","https://maps.google.com/?cid=7847041584116634566&g_mp=Cidnb29nbGUubWFwcy5wbGFjZXMudjEuUGxhY2VzLlNlYXJjaFRleHQQAhgEIAA","51.460040199999995","-0.18907390000000002","4.7","1515","OPERATIONAL","Wandsworth"
"ChIJQ6elAqcJdkgRYMLy_HbTt_Y","Aimer Mediterranean","Food & Drink","Food & Drink","Restaurant","1 Gladstone Rd, London","SW19 1QU","SW19","Wimbledon / Southfields edge","London","+44 20 3342 0984","http://aimer-restaurant.co.uk/","","","","https://maps.google.com/?cid=17777910562071691872&g_mp=Cidnb29nbGUubWFwcy5wbGFjZXMudjEuUGxhY2VzLlNlYXJjaFRleHQQAhgEIAA","51.4193614","-0.2030623","4.7","164","OPERATIONAL","Wandsworth"
"ChIJIwaGfrAIdkgRsKA9fLsmAnQ","Al Forno Wimbledon","Food & Drink","Food & Drink","Italian restaurant","2A King's Rd, London","SW19 8QN","SW19","Wimbledon / Southfields edge","London","+44 20 8540 5710","http://www.alfornowimbledon.com/","","","","https://maps.google.com/?cid=8359286445038215344&g_mp=Cidnb29nbGUubWFwcy5wbGFjZXMudjEuUGxhY2VzLlNlYXJjaFRleHQQAhgEIAA","51.41992","-0.20202299999999998","4.3","2445","OPERATIONAL","Wandsworth"
"ChIJmXFKJ5UJdkgR082bgp36YIM","Bella Capri Restaurant Wimbledon","Food & Drink","Food & Drink","Italian restaurant","25 High Street Wimbledon, London","SW19 5DX","SW19","Wimbledon / Southfields edge","London","+44 20 3643 3107","https://www.bellacapriwimbledon.co.uk/","","","","https://maps.google.com/?cid=9466841971140840915&g_mp=Cidnb29nbGUubWFwcy5wbGFjZXMudjEuUGxhY2VzLlNlYXJjaFRleHQQAhgEIAA","51.4251601","-0.21830760000000002","4.6","204","OPERATIONAL","Wandsworth"
"ChIJ-UPH97kIdkgRB40ehyBjmZQ","Bill's Wimbledon Restaurant","Food & Drink","Food & Drink","British restaurant","Flight Centre, 20 Hartfield Rd, London","SW19 3TA","SW19","Wimbledon / Southfields edge","London","+44 20 8054 5400","https://bills-website.co.uk/restaurants/wimbledon/?utm_source=LocalGoogle&utm_medium=Organic","","","","https://maps.google.com/?cid=10707698580407094535&g_mp=Cidnb29nbGUubWFwcy5wbGFjZXMudjEuUGxhY2VzLlNlYXJjaFRleHQQAhgEIAA","51.419666799999995","-0.2051876","4.7","5059","OPERATIONAL","Wandsworth"
"ChIJlcGxlQ0JdkgRwldjBp3toEk","Bombay Delight","Food & Drink","Food & Drink","Indian restaurant","Bombay Delight, 271-273 The Broadway, London","SW19 1SD","SW19","Wimbledon / Southfields edge","London","+44 20 4538 1233","https://www.bombaydelight.co.uk/?utm_source=GBP.website&utm_medium=GBP&utm_campaign=br15669-website","","","","https://maps.google.com/?cid=5305501619715266498&g_mp=Cidnb29nbGUubWFwcy5wbGFjZXMudjEuUGxhY2VzLlNlYXJjaFRleHQQAhgEIAA","51.4194269","-0.19456279999999998","4.8","2580","OPERATIONAL","Wandsworth"
"ChIJXdPLh2EJdkgRfQxt9Nn1cDQ","DanDan Wimbledon","Food & Drink","Food & Drink","Chinese restaurant","80 The Broadway, London","SW19 1RH","SW19","Wimbledon / Southfields edge","London","+44 20 8054 5888","http://dandan-restaurant.co.uk/","","","","https://maps.google.com/?cid=3778790403821341821&g_mp=Cidnb29nbGUubWFwcy5wbGFjZXMudjEuUGxhY2VzLlNlYXJjaFRleHQQAhgEIAA","51.4197327","-0.201781","4.8","2569","OPERATIONAL","Wandsworth"
"ChIJnzfL2mYJdkgRGYdkWL5j4TM","Efes Premium","Food & Drink","Food & Drink","Turkish restaurant","39A Hartfield Rd, London","SW19 3SG","SW19","Wimbledon / Southfields edge","London","+44 20 3876 1125","http://efespremium.co.uk/","","","","https://maps.google.com/?cid=3738378834872141593&g_mp=Cidnb29nbGUubWFwcy5wbGFjZXMudjEuUGxhY2VzLlNlYXJjaFRleHQQAhgEIAA","51.4193851","-0.2054761","4.8","1294","OPERATIONAL","Wandsworth"
"ChIJo4hsBswIdkgR7xRh8QmK6PA","Fire Stables","Food & Drink","Food & Drink","Pub","27-29 Church Rd, London","SW19 5DQ","SW19","Wimbledon / Southfields edge","London","+44 20 8946 3197","https://www.firestableswimbledon.co.uk/","","","","https://maps.google.com/?cid=17359276539008586991&g_mp=Cidnb29nbGUubWFwcy5wbGFjZXMudjEuUGxhY2VzLlNlYXJjaFRleHQQAhgEIAA","51.426111899999995","-0.2171709","4.4","1093","OPERATIONAL","Wandsworth"
"ChIJEWONx1UJdkgR2r4nwfq6Hjo","Grilandia Wimbledon","Food & Drink","Food & Drink","Lebanese restaurant","108 The Broadway, London","SW19 1RH","SW19","Wimbledon / Southfields edge","London","+44 20 8544 0428","https://www.grilandia.com/grilandia-wimbledon","","","","https://maps.google.com/?cid=4187990289646337754&g_mp=Cidnb29nbGUubWFwcy5wbGFjZXMudjEuUGxhY2VzLlNlYXJjaFRleHQQAhgEIAA","51.419410899999995","-0.2005932","4.7","1673","OPERATIONAL","Wandsworth"
"ChIJP8uwdc4IdkgR38S5uUvbjS4","Light on the Common Restaurant","Food & Drink","Food & Drink","European restaurant","48 High St, London","SW19 5AX","SW19","Wimbledon / Southfields edge","London","+44 20 8946 3031","https://lightwimbledon.co.uk/","","","","https://maps.google.com/?cid=3354578415745877215&g_mp=Cidnb29nbGUubWFwcy5wbGFjZXMudjEuUGxhY2VzLlNlYXJjaFRleHQQAhgEIAA","51.425258199999995","-0.22096149999999998","4","469","OPERATIONAL","Wandsworth"
"ChIJkzfquUQJdkgRddM42esT2iM","Megan's in the Village Restaurant (Wimbledon)","Food & Drink","Food & Drink","Mediterranean restaurant","86 High St, London","SW19 5EG","SW19","Wimbledon / Southfields edge","London","+44 20 3411 5550","https://megans.co.uk/locations/megans-in-the-village/","","","","https://maps.google.com/?cid=2583399239933023093&g_mp=Cidnb29nbGUubWFwcy5wbGFjZXMudjEuUGxhY2VzLlNlYXJjaFRleHQQAhgEIAA","51.4250538","-0.2165837","4.6","3154","OPERATIONAL","Wandsworth"
"ChIJlWSyYAAJdkgRPD9WoWgyhUQ","nanoom Korean Dining | BBQ, Wimbledon","Food & Drink","Food & Drink","Korean restaurant","38 Wimbledon Hill Rd, London","SW19 7PA","SW19","Wimbledon / Southfields edge","London","+44 20 3669 4527","https://nanoom.co.uk/","","","","https://maps.google.com/?cid=4937407991446388540&g_mp=Cidnb29nbGUubWFwcy5wbGFjZXMudjEuUGxhY2VzLlNlYXJjaFRleHQQAhgEIAA","51.42219","-0.2087452","4.9","404","OPERATIONAL","Wandsworth"
"ChIJo-6he7oIdkgRt2PTHb1pgpo","Oy Bar - Wimbledon","Food & Drink","Food & Drink","Restaurant","66 The Broadway, London","SW19 1RQ","SW19","Wimbledon / Southfields edge","London","+44 7533 051347","https://www.oybar.co.uk/","","","","https://maps.google.com/?cid=11133577489783415735&g_mp=Cidnb29nbGUubWFwcy5wbGFjZXMudjEuUGxhY2VzLlNlYXJjaFRleHQQAhgEIAA","51.419809799999996","-0.20254239999999998","4.2","104","OPERATIONAL","Wandsworth"
"ChIJ7ZwwUAAJdkgRvOPM0yvzurg","Ramen DANBO Wimbledon","Food & Drink","Food & Drink","Ramen restaurant","62 The Broadway, London","SW19 1RQ","SW19","Wimbledon / Southfields edge","London","+44 20 3336 0050","https://ramendanbo.com/","","","","https://maps.google.com/?cid=13311219018209485756&g_mp=Cidnb29nbGUubWFwcy5wbGFjZXMudjEuUGxhY2VzLlNlYXJjaFRleHQQAhgEIAA","51.419922799999995","-0.2027183","4.7","287","OPERATIONAL","Wandsworth"
"ChIJ321cbcoJdkgRTbg0IzvkMbI","Tampopo Wimbledon","Food & Drink","Food & Drink","Restaurant","31-35 Hartfield Rd, London","SW19 3SG","SW19","Wimbledon / Southfields edge","London","+44 20 8050 7026","https://tampopo.co.uk/locations/london/wimbledon/?utm_source=google&utm_medium=organic&utm_campaign=gbp_wimbledon&utm_content=website_button","","","","https://maps.google.com/?cid=12840294955254855757&g_mp=Cidnb29nbGUubWFwcy5wbGFjZXMudjEuUGxhY2VzLlNlYXJjaFRleHQQAhgEIAA","51.4195267","-0.20566189999999998","4.7","2094","OPERATIONAL","Wandsworth"
"ChIJC0QsCrcIdkgRotDLmPbOU7c","The Alexandra","Food & Drink","Food & Drink","Pub","33 Wimbledon Hill Rd, London","SW19 7NE","SW19","Wimbledon / Southfields edge","London","+44 20 8947 7691","https://www.alexandrawimbledon.com/","","","","https://maps.google.com/?cid=13210129690528567458&g_mp=Cidnb29nbGUubWFwcy5wbGFjZXMudjEuUGxhY2VzLlNlYXJjaFRleHQQAhgEIAA","51.42203130000001","-0.20809139999999998","4.4","3793","OPERATIONAL","Wandsworth"
"ChIJEbOy-WgJdkgRuN6eDu2KdJo","The Black Lamb","Food & Drink","Food & Drink","Restaurant","Brewery Tap, 67 High St, London","SW19 5EE","SW19","Wimbledon / Southfields edge","London","+44 20 8947 8278","https://www.theblacklamb-restaurant.com/","","","","https://maps.google.com/?cid=11129673329896513208&g_mp=Cidnb29nbGUubWFwcy5wbGFjZXMudjEuUGxhY2VzLlNlYXJjaFRleHQQAhgEIAA","51.4253785","-0.2181705","4.7","1659","OPERATIONAL","Wandsworth"
"ChIJHXzcqc4IdkgRxHN6spna1y0","The Ivy Cafe Wimbledon Village","Food & Drink","Food & Drink","British restaurant","75 High St, London","SW19 5EG","SW19","Wimbledon / Southfields edge","London","+44 20 3096 9333","https://ivycollection.com/restaurants-near-me/the-ivy-london/the-ivy-cafe-wimbledon/?utm_source=LocalGoogle&utm_medium=Organic","","","","https://maps.google.com/?cid=3303349205358769092&g_mp=Cidnb29nbGUubWFwcy5wbGFjZXMudjEuUGxhY2VzLlNlYXJjaFRleHQQAhgEIAA","51.4254344","-0.2172093","4.5","2737","OPERATIONAL","Wandsworth"
"ChIJMfFpcc0JdkgRDHurdNoSJaY","The Olive Grove","Food & Drink","Food & Drink","Pizza restaurant","25 Leopold Rd, London","SW19 7BB","SW19","Wimbledon / Southfields edge","London","+44 20 8255 8085","https://www.theolive-grove.co.uk/","","","","https://maps.google.com/?cid=11971995913903897356&g_mp=Cidnb29nbGUubWFwcy5wbGFjZXMudjEuUGxhY2VzLlNlYXJjaFRleHQQAhgEIAA","51.4271083","-0.2013655","4.9","525","OPERATIONAL","Wandsworth"
"ChIJCXhKAroIdkgR1oSZnKMNwHY","Wahaca Wimbledon","Food & Drink","Food & Drink","Mexican restaurant","Flight Centre, 35 The Broadway, London","SW19 1QB","SW19","Wimbledon / Southfields edge","London","+44 20 3951 9750","http://www.wahaca.co.uk/locations/wimbledon?utm_source=gmb&utm_medium=Yext&y_source=1_MTkxNDIwNDAtNzE1LWxvY2F0aW9uLndlYnNpdGU%3D","","","","https://maps.google.com/?cid=8556854288362079446&g_mp=Cidnb29nbGUubWFwcy5wbGFjZXMudjEuUGxhY2VzLlNlYXJjaFRleHQQAhgEIAA","51.41990630000001","-0.2048833","4.7","3884","OPERATIONAL","Wandsworth"
"ChIJOeaB1s4FdkgR9mKDQas3640","Balham Beds","Home & Living","Home & Living","Furniture store","61 Balham High Rd, London","SW12 9AW","SW12","Balham","London","+44 20 8675 2050","http://www.balhambeds.com/","","","","https://maps.google.com/?cid=10226328587552908022&g_mp=Cidnb29nbGUubWFwcy5wbGFjZXMudjEuUGxhY2VzLlNlYXJjaFRleHQQAhgEIAA","51.4461812","-0.1495505","4.5","80","OPERATIONAL","Wandsworth"
"ChIJHb1TCs8FdkgR-Up32EPGvVc","Balham Paint And Hardware Company","Home & Living","Home & Living","Hardware store","Coal Brook Mansions, 22 Bedford Hill, London","SW12 9RG","SW12","Balham","London","+44 20 8675 9866","https://www.balhampaintandhardware.co.uk/","","","","https://maps.google.com/?cid=6322427446594849529&g_mp=Cidnb29nbGUubWFwcy5wbGFjZXMudjEuUGxhY2VzLlNlYXJjaFRleHQQAhgEIAA","51.444138099999996","-0.15066569999999999","4.3","70","OPERATIONAL","Wandsworth"
"ChIJt2INm8IFdkgR3EgLU8GTC0c","Buns From Home","Home & Living","Home & Living","Bakery","16 Hildreth St, London","SW12 9RQ","SW12","Balham","London","","http://www.bunsfromhome.com/","","","","https://maps.google.com/?cid=5119347859967920348&g_mp=Cidnb29nbGUubWFwcy5wbGFjZXMudjEuUGxhY2VzLlNlYXJjaFRleHQQAhgEIAA","51.4443457","-0.1510744","4.1","90","OPERATIONAL","Wandsworth"
"ChIJIWgRo_gFdkgR4DoF39xMO6A","Furniture City","Home & Living","Home & Living","Furniture store","61 Balham High Rd, London","SW12 9AW","SW12","Balham","London","+44 20 8879 3999","http://www.furniturecity.co.uk/","","","","https://maps.google.com/?cid=11545906581212576480&g_mp=Cidnb29nbGUubWFwcy5wbGFjZXMudjEuUGxhY2VzLlNlYXJjaFRleHQQAhgEIAA","51.4461812","-0.1495505","4.8","69","OPERATIONAL","Wandsworth"
"ChIJAfcViswFdkgRbDAzZL4WWI0","Howdens - Balham","Home & Living","Home & Living","Furniture store","10-12 Weir Rd, London","SW12 0NA","SW12","Balham","London","+44 20 8675 4933","https://www.howdens.com/find-a-depot/balham?y_source=1_ODgxMzAzNy03MTUtbG9jYXRpb24ud2Vic2l0ZQ%3D%3D","","","","https://maps.google.com/?cid=10184915564279050348&g_mp=Cidnb29nbGUubWFwcy5wbGFjZXMudjEuUGxhY2VzLlNlYXJjaFRleHQQAhgEIAA","51.445509099999995","-0.1437107","4.1","34","OPERATIONAL","Wandsworth"
"ChIJM_WGE8kFdkgRxTMGgjyOuSE","Indian Ocean","Home & Living","Home & Living","Furniture store","Internet Cafe, 155-163 Balham Hill, London","SW12 9DJ","SW12","Balham","London","+44 20 8675 4808","http://www.indian-ocean.co.uk/","","","","https://maps.google.com/?cid=2430129864473719749&g_mp=Cidnb29nbGUubWFwcy5wbGFjZXMudjEuUGxhY2VzLlNlYXJjaFRleHQQAhgEIAA","51.4482741","-0.1481089","4","23","OPERATIONAL","Wandsworth"
"ChIJV1TpQ8wFdkgRWMQuqlwyOJw","Johnstone's Decorating Centre","Home & Living","Home & Living","Building materials store","24-25, Zennor Road Industrial Estate, 24-25 Weir Rd, London","SW12 0PS","SW12","Balham","London","+44 20 8673 2133","https://www.johnstonesdc.com/united-kingdom-region-balham-17671?utm_medium=directory&utm_source=local_listing","","","","https://maps.google.com/?cid=11256802642186126424&g_mp=Cidnb29nbGUubWFwcy5wbGFjZXMudjEuUGxhY2VzLlNlYXJjaFRleHQQAhgEIAA","51.445433099999995","-0.1452626","3.7","36","OPERATIONAL","Wandsworth"
"ChIJWZmTS84FdkgRp-RmK_zn0w8","K. Halstead","Home & Living","Home & Living","Home goods store","7 Fernlea Rd, London","SW12 9RT","SW12","Balham","London","","http://www.khalstead.co.uk/","","","","https://maps.google.com/?cid=1140510200900805799&g_mp=Cidnb29nbGUubWFwcy5wbGFjZXMudjEuUGxhY2VzLlNlYXJjaFRleHQQAhgEIAA","51.442947","-0.1491429","5","3","OPERATIONAL","Wandsworth"
"ChIJ_7QXKMkFdkgR9hqOtOYtSYQ","London Koncepts","Home & Living","Home & Living","General contractor","Marmion House, 50-52 Balham High Rd, London","SW12 9AQ","SW12","Balham","London","+44 20 8772 0149","http://www.londonkoncepts.com/","","","","https://maps.google.com/?cid=9532200555201305334&g_mp=Cidnb29nbGUubWFwcy5wbGFjZXMudjEuUGxhY2VzLlNlYXJjaFRleHQQAhgEIAA","51.4471121","-0.1495357","4.5","51","OPERATIONAL","Wandsworth"
"ChIJ7XTzagAFdkgRO0kJcVNBIqo","Quality Houseware","Home & Living","Home & Living","Home goods store","Balham High Rd, London","SW12 9AR","SW12","Balham","London","","","","","","https://maps.google.com/?cid=12259432962290436411&g_mp=Cidnb29nbGUubWFwcy5wbGFjZXMudjEuUGxhY2VzLlNlYXJjaFRleHQQAhgEIAA","51.4448119","-0.1514313","4","4","OPERATIONAL","Wandsworth"
"ChIJ1WapP88FdkgRlnaq-yolStU","Season cookshop Balham","Home & Living","Home & Living","Furniture store","99 Balham High Rd, London","SW12 9AP","SW12","Balham","London","+44 20 8673 7067","https://www.seasoncookshop.co.uk/","","","","https://maps.google.com/?cid=15369137544896345750&g_mp=Cidnb29nbGUubWFwcy5wbGFjZXMudjEuUGxhY2VzLlNlYXJjaFRleHQQAhgEIAA","51.445432","-0.150775","4.8","27","OPERATIONAL","Wandsworth"
"ChIJFenaR54FdkgRcPVI6HfA8vM","Another Brand","Home & Living","Home & Living","Manufacturer","Battersea Park Road, London","SW11 3BL","SW11","Battersea","London","+44 20 7738 2424","","","","","https://maps.google.com/?cid=17578323916811203952&g_mp=Cidnb29nbGUubWFwcy5wbGFjZXMudjEuUGxhY2VzLlNlYXJjaFRleHQQAhgEIAA","51.4714125","-0.1680461","4","4","OPERATIONAL","Wandsworth"
"ChIJCXoyY4MFdkgR0Ez35gQbsPM","Barker and Stonehouse","Home & Living","Home & Living","Furniture store","100 York Rd, London","SW11 3RD","SW11","Battersea","London","+44 20 3040 6000","https://www.barkerandstonehouse.co.uk/stores/battersea/?utm_source=google&utm_medium=organic&utm_campaign=gbp-battersea","","","","https://maps.google.com/?cid=17559564654986349776&g_mp=Cidnb29nbGUubWFwcy5wbGFjZXMudjEuUGxhY2VzLlNlYXJjaFRleHQQAhgEIAA","51.467706299999996","-0.1783416","3.8","399","OPERATIONAL","Wandsworth"
"ChIJgZ_Q758FdkgRknbQtwAX4Ms","Brewers Decorator Centres Battersea","Home & Living","Home & Living","Building materials store","493 Battersea Park Rd, London","SW11 4LW","SW11","Battersea","London","+44 20 7228 0547","https://www.brewers.co.uk/stores/battersea/BTS","","","","https://maps.google.com/?cid=14690767276333889170&g_mp=Cidnb29nbGUubWFwcy5wbGFjZXMudjEuUGxhY2VzLlNlYXJjaFRleHQQAhgEIAA","51.4721755","-0.1648509","4.6","49","OPERATIONAL","Wandsworth"
"ChIJs4Kt9dcFdkgRdPdFc56MJSI","Clapham Junction Discount Store","Home & Living","Home & Living","Hardware store","248-250 Lavender Hill, London","SW11 1LJ","SW11","Battersea","London","+44 7426 813476","http://cjdiscountstore.co.uk/","","","","https://maps.google.com/?cid=2460527383594530676&g_mp=Cidnb29nbGUubWFwcy5wbGFjZXMudjEuUGxhY2VzLlNlYXJjaFRleHQQAhgEIAA","51.4640403","-0.166399","4.6","20","OPERATIONAL","Wandsworth"
"ChIJ0w5W9aUFdkgRaPQJ_q1ReRA","Decor Express - Decorators Centre","Home & Living","Home & Living","Building materials store","44-48 Lavender Hill, London","SW11 5RH","SW11","Battersea","London","+44 20 7228 1122","http://decor-express.co.uk/","","","","https://maps.google.com/?cid=1187069784522093672&g_mp=Cidnb29nbGUubWFwcy5wbGFjZXMudjEuUGxhY2VzLlNlYXJjaFRleHQQAhgEIAA","51.466271199999994","-0.15316159999999998","4.7","147","OPERATIONAL","Wandsworth"
"ChIJl9P6PZcFdkgRJ2QSDfcNB9E","Futon Company","Home & Living","Home & Living","Furniture store","100 Battersea Rise, London","SW11 1EJ","SW11","Battersea","London","+44 20 7978 4498","https://www.futoncompany.co.uk/batersea-shop.html","","","","https://maps.google.com/?cid=15062022833491305511&g_mp=Cidnb29nbGUubWFwcy5wbGFjZXMudjEuUGxhY2VzLlNlYXJjaFRleHQQAhgEIAA","51.4607598","-0.1685914","4.4","74","OPERATIONAL","Wandsworth"
"ChIJR9M07_8FdkgRKvyJer-6xKI","HOWE London - Warehouse","Home & Living","Home & Living","Furniture store","Unit 15B, Bldg B Parkfield Industrial Estate, Park field industrial estate, Culvert Pl, London","SW11 5BA","SW11","Battersea","London","+44 20 7730 7987","http://howelondon.com/","","","","https://maps.google.com/?cid=11728704661136997418&g_mp=Cidnb29nbGUubWFwcy5wbGFjZXMudjEuUGxhY2VzLlNlYXJjaFRleHQQAhgEIAA","51.471039499999996","-0.1539131","","","OPERATIONAL","Wandsworth"
"ChIJneHld6MFdkgRPqbGxCioFag","Lavender Hill Hardware - DIY","Home & Living","Home & Living","Hardware store","147 Lavender Hill, London","SW11 5QL","SW11","Battersea","London","+44 20 7223 8800","","","","","https://maps.google.com/?cid=12111771665936328254&g_mp=Cidnb29nbGUubWFwcy5wbGFjZXMudjEuUGxhY2VzLlNlYXJjaFRleHQQAhgEIAA","51.4649789","-0.1580636","4.2","50","OPERATIONAL","Wandsworth"
"ChIJVVUlWAYFdkgRCK0b9Fc9ZkQ","Leyland SDM Battersea | DIY & Decorating","Home & Living","Home & Living","Home goods store","Elmwood Court, 38 Battersea Park Rd, London","SW11 4JE","SW11","Battersea","London","+44 20 7622 5611","https://leylandsdm.co.uk/amlocator/battersea/?utm_source=google&utm_medium=organic&utm_campaign=LPM_google_Battersea","","","","https://maps.google.com/?cid=4928694290170490120&g_mp=Cidnb29nbGUubWFwcy5wbGFjZXMudjEuUGxhY2VzLlNlYXJjaFRleHQQAhgEIAA","51.4758468","-0.1501384","4.2","117","OPERATIONAL","Wandsworth"
"ChIJSTFLapYFdkgR8qlIlK6lGSk","Lords","Home & Living","Home & Living","Home goods store","81, 83 Northcote Rd, London","SW11 6PJ","SW11","Battersea","London","+44 20 7223 4487","https://www.lordsathome.com/","","","","https://maps.google.com/?cid=2961580399203494386&g_mp=Cidnb29nbGUubWFwcy5wbGFjZXMudjEuUGxhY2VzLlNlYXJjaFRleHQQAhgEIAA","51.458324999999995","-0.1658063","4.3","17","OPERATIONAL","Wandsworth"
"ChIJ__8KRpYFdkgRzCkut82emN0","Maison Curate","Home & Living","Home & Living","Home goods store","61 Northcote Rd, London","SW11 1NP","SW11","Battersea","London","+44 20 3813 5598","http://maisoncurate.com/","","","","https://maps.google.com/?cid=15967687085220833740&g_mp=Cidnb29nbGUubWFwcy5wbGFjZXMudjEuUGxhY2VzLlNlYXJjaFRleHQQAhgEIAA","51.458992599999995","-0.16599580000000003","4.1","13","OPERATIONAL","Wandsworth"
"ChIJxVLL2AcFdkgRrDwr9Ia4PgE","Olivais Home Store","Home & Living","Home & Living","Home improvement store","United Kingdom:, 265 Battersea Park Rd, London","SW11 4NE","SW11","Battersea","London","+44 7557 799769","","","","","https://maps.google.com/?cid=89711932355591340&g_mp=Cidnb29nbGUubWFwcy5wbGFjZXMudjEuUGxhY2VzLlNlYXJjaFRleHQQAhgEIAA","51.4745126","-0.152399","","","OPERATIONAL","Wandsworth"
"ChIJV7--r5cFdkgRG7EXZISJyow","Oliver Bonas","Home & Living","Home & Living","Clothing store","19 Northcote Rd, London","SW11 1NG","SW11","Battersea","London","+44 20 7350 2022","https://www.oliverbonas.com/battersea?utm_source=google&utm_medium=organic&utm_campaign=LPM-London-19_Northcote_Road","","","","https://maps.google.com/?cid=10145072312313426203&g_mp=Cidnb29nbGUubWFwcy5wbGFjZXMudjEuUGxhY2VzLlNlYXJjaFRleHQQAhgEIAA","51.460083999999995","-0.16647699999999999","4.4","21","OPERATIONAL","Wandsworth"
"ChIJRadQbSwFdkgRPN93E8xFhOc","Our Garden and Home","Home & Living","Home & Living","Home goods store","6 Hester Rd, London","SW11 4AL","SW11","Battersea","London","+44 7711 806836","https://ourgardenandhome.co.uk/","","","","https://maps.google.com/?cid=16682535662489427772&g_mp=Cidnb29nbGUubWFwcy5wbGFjZXMudjEuUGxhY2VzLlNlYXJjaFRleHQQAhgEIAA","51.4800921","-0.17062139999999998","5","3","OPERATIONAL","Wandsworth"
"ChIJ2bAhzhoFdkgRu3b_aaPvDMA","Swyft Home","Home & Living","Home & Living","Furniture store","Arch 72 Queen's Circus, London","SW11 8NE","SW11","Battersea","London","+44 20 4572 0715","https://swyfthome.com/","","","","https://maps.google.com/?cid=13838699240139749051&g_mp=Cidnb29nbGUubWFwcy5wbGFjZXMudjEuUGxhY2VzLlNlYXJjaFRleHQQAhgEIAA","51.4782326","-0.1478687","5","2","OPERATIONAL","Wandsworth"
"ChIJLe1Go0MFdkgRmml9dBi0rOw","Toolstation GO Battersea","Home & Living","Home & Living","Hardware store","Unit 1, 481 Battersea Park Rd, London","SW11 4LW","SW11","Battersea","London","+44 330 333 3303","https://www.toolstation.com/?utm_source=google&utm_medium=local&utm_campaign=5C&y_source=1_MjA0MTQzNDc1Ni03MTUtbG9jYXRpb24ud2Vic2l0ZQ%3D%3D","","","","https://maps.google.com/?cid=17054203906071816602&g_mp=Cidnb29nbGUubWFwcy5wbGFjZXMudjEuUGxhY2VzLlNlYXJjaFRleHQQAhgEIAA","51.472304699999995","-0.1641108","4.6","10","OPERATIONAL","Wandsworth"
"ChIJJ_0v_PwOdkgRmpXLrALkiEg","Brewers Decorator Centres Barnes","Home & Living","Home & Living","Building materials store","375 Upper Richmond Rd, London","SW15 5QJ","SW15","Putney","London","+44 20 8876 0348","https://www.brewers.co.uk/stores/putney/bns","","","","https://maps.google.com/?cid=5226678067703551386&g_mp=Cidnb29nbGUubWFwcy5wbGFjZXMudjEuUGxhY2VzLlNlYXJjaFRleHQQAhgEIAA","51.4644553","-0.2379211","4.3","62","OPERATIONAL","Wandsworth"
"ChIJsWlkBw0PdkgRLVWIUb6lK0M","Brewers Decorator Centres Putney","Home & Living","Home & Living","Building materials store","327 Putney Bridge Rd, London","SW15 2PG","SW15","Putney","London","+44 20 8780 1277","https://www.brewers.co.uk/stores/putney/PNY","","","","https://maps.google.com/?cid=4840144461369988397&g_mp=Cidnb29nbGUubWFwcy5wbGFjZXMudjEuUGxhY2VzLlNlYXJjaFRleHQQAhgEIAA","51.4644732","-0.21392419999999998","4.5","55","OPERATIONAL","Wandsworth"
"ChIJa5K0_A8PdkgRQ6VRPCVyLzU","Casanora","Home & Living","Home & Living","General contractor","324 Upper Richmond Rd, London","SW15 6TL","SW15","Putney","London","+44 20 3538 4600","http://www.casanora.uk/","","","","https://maps.google.com/?cid=3832407312166921539&g_mp=Cidnb29nbGUubWFwcy5wbGFjZXMudjEuUGxhY2VzLlNlYXJjaFRleHQQAhgEIAA","51.462520299999994","-0.2222382","4.9","31","OPERATIONAL","Wandsworth"
"ChIJDRzdMwUPdkgRi-ZA2QOnRCU","Flying Tiger Copenhagen","Home & Living","Home & Living|Kids & Family","Gift shop","Unit 25 Putney High St, London","SW15 1TW","SW15","Putney","London","","https://flyingtiger.com/pages/store-locator?utm_source=Google&utm_medium=Store+Locator+Traffic&utm_campaign=Uberall&utm_id=Uberall#!/l/uk/london/putney-high-street/gb01035","","","","https://maps.google.com/?cid=2685454912791307915&g_mp=Cidnb29nbGUubWFwcy5wbGFjZXMudjEuUGxhY2VzLlNlYXJjaFRleHQQAhgEIAA","51.463812399999995","-0.2164921","4.3","146","OPERATIONAL","Wandsworth"
"ChIJdZSr0hEPdkgR3kpGHknCx-4","H J Cooper Ltd","Home & Living","Home & Living","Furniture store","262-264, Upper Richmond Rd, London","SW15 6TQ","SW15","Putney","London","+44 20 8788 8673","http://www.hjcooper.com/","","","","https://maps.google.com/?cid=17205934520688593630&g_mp=Cidnb29nbGUubWFwcy5wbGFjZXMudjEuUGxhY2VzLlNlYXJjaFRleHQQAhgEIAA","51.4616222","-0.2200441","4.9","22","OPERATIONAL","Wandsworth"
"ChIJs5-CsGwPdkgR1cDZRXoYaMY","Howdens - Putney","Home & Living","Home & Living","Furniture store","Putney Newsagents, 3 Keswick Rd, London","SW15 2HL","SW15","Putney","London","+44 20 8871 0220","https://www.howdens.com/find-a-depot/putney?y_source=1_ODgxMzA3MC03MTUtbG9jYXRpb24ud2Vic2l0ZQ%3D%3D","","","","https://maps.google.com/?cid=14296703930524614869&g_mp=Cidnb29nbGUubWFwcy5wbGFjZXMudjEuUGxhY2VzLlNlYXJjaFRleHQQAhgEIAA","51.458385799999995","-0.2097628","4.2","57","OPERATIONAL","Wandsworth"
"ChIJq4EnJRIPdkgRhJNlpLHkkCE","Leyland SDM Putney | Decorating & DIY","Home & Living","Home & Living","Home goods store","143-145 Upper Richmond Rd, London","SW15 2TX","SW15","Putney","London","+44 20 8780 5779","https://leylandsdm.co.uk/amlocator/putney/?utm_source=google&utm_medium=organic&utm_campaign=LPM_google_Putney","","","","https://maps.google.com/?cid=2418684451516420996&g_mp=Cidnb29nbGUubWFwcy5wbGFjZXMudjEuUGxhY2VzLlNlYXJjaFRleHQQAhgEIAA","51.4604496","-0.21628429999999998","4.4","162","OPERATIONAL","Wandsworth"
"ChIJJW5iIwMFdkgRg4x-DgoS-TE","Neutra Kitchen","Home & Living","Home & Living","Furniture store","158 Putney High St, London","SW15 1RS","SW15","Putney","London","+44 7903 995420","https://www.neutrakitchen.co.uk/","","","","https://maps.google.com/?cid=3600929211461569667&g_mp=Cidnb29nbGUubWFwcy5wbGFjZXMudjEuUGxhY2VzLlNlYXJjaFRleHQQAhgEIAA","51.461567099999996","-0.21700119999999998","5","33","OPERATIONAL","Wandsworth"
"ChIJ7Qlj8hEPdkgRkI6g67x0o0w","Online Shopping","Home & Living","Home & Living","home_goods_store","Hill House, 210 Upper Richmond Rd, London","SW15 6TE","SW15","Putney","London","+44 7758 426145","","","","","https://maps.google.com/?cid=5522385922842201744&g_mp=Cidnb29nbGUubWFwcy5wbGFjZXMudjEuUGxhY2VzLlNlYXJjaFRleHQQAhgEIAA","51.4611751","-0.2177895","4.3","3","OPERATIONAL","Wandsworth"
"ChIJH15JsA0PdkgRZfyAsyNFY8c","Robert Dyas Putney","Home & Living","Home & Living|Tech & Gadgets","Home goods store","Ye Olde Spotted Horse, 126-128 Putney High St, London","SW15 1RG","SW15","Putney","London","+44 20 3375 6536","https://www.robertdyas.co.uk/storefinder/robertdyas-putney?utm_source=google&utm_medium=organic&utm_campaign=LPM_google_putney","","","","https://maps.google.com/?cid=14367403255879760997&g_mp=Cidnb29nbGUubWFwcy5wbGFjZXMudjEuUGxhY2VzLlNlYXJjaFRleHQQAhgEIAA","51.462522","-0.216439","3.5","59","OPERATIONAL","Wandsworth"
"ChIJC_yx-JwPdkgRYEyZDuZDK-4","Screwfix - Putney","Home & Living","Home & Living","Hardware store","Jordan Court, 296-298 Upper Richmond Rd, London","SW15 6TH","SW15","Putney","London","+44 333 011 2112","https://www.screwfix.com/stores/JZ4/putney","","","","https://maps.google.com/?cid=17161885460391873632&g_mp=Cidnb29nbGUubWFwcy5wbGFjZXMudjEuUGxhY2VzLlNlYXJjaFRleHQQAhgEIAA","51.46212800000001","-0.221296","2.7","7","OPERATIONAL","Wandsworth"
"ChIJiXphF3MGdkgRGErKQFFx8MY","Ace Mica Hardware","Home & Living","Home & Living","Home goods store","174 Mitcham Rd, London","SW17 9NJ","SW17","Tooting","London","+44 20 8672 2596","http://www.acemicahardware.co.uk/","","","","https://maps.google.com/?cid=14335082207713577496&g_mp=Cidnb29nbGUubWFwcy5wbGFjZXMudjEuUGxhY2VzLlNlYXJjaFRleHQQAhgEIAA","51.4235608","-0.16227339999999998","4.6","195","OPERATIONAL","Wandsworth"
"ChIJN0AGfCcHdkgRvqRxax6ZX4U","Curio Corner Tooting","Home & Living","Home & Living","Furniture store","176 Tooting High St, London","SW17 0SF","SW17","Tooting","London","","https://www.instagram.com/curioonthecornertooting/","https://www.instagram.com/curioonthecornertooting/","","","https://maps.google.com/?cid=9610568485762606270&g_mp=Cidnb29nbGUubWFwcy5wbGFjZXMudjEuUGxhY2VzLlNlYXJjaFRleHQQAhgEIAA","51.4243411","-0.1718591","4.8","13","OPERATIONAL","Wandsworth"
"ChIJPXhzU2sHdkgRSCi9sYyELH0","Curtains Online in UK Edit Home","Home & Living","Home & Living","General contractor","18A Church Ln, London","SW17 9PP","SW17","Tooting","London","+44 7765 773071","http://www.edithome.co.uk/","","","","https://maps.google.com/?cid=9019729893528512584&g_mp=Cidnb29nbGUubWFwcy5wbGFjZXMudjEuUGxhY2VzLlNlYXJjaFRleHQQAhgEIAA","51.4251972","-0.1612343","4.9","8","OPERATIONAL","Wandsworth"
"ChIJM6v5QxYHdkgREVphFSyR4o0","Leyland SDM Tooting | Decorating & DIY","Home & Living","Home & Living","Home goods store","134-142 Tooting High St, London","SW17 0RT","SW17","Tooting","London","+44 20 8672 2231","https://leylandsdm.co.uk/amlocator/Tooting-DIY-Store/?utm_source=google&utm_medium=organic&utm_campaign=LPM_google_Tooting","","","","https://maps.google.com/?cid=10223893722607737361&g_mp=Cidnb29nbGUubWFwcy5wbGFjZXMudjEuUGxhY2VzLlNlYXJjaFRleHQQAhgEIAA","51.425436","-0.17038000000000003","4.4","112","OPERATIONAL","Wandsworth"
"ChIJ1zDn8B8FdkgRwSn0vGzKUf0","London DIY","Home & Living","Home & Living","Home goods store","251 Balham High Rd, London","SW17 7BE","SW17","Tooting","London","+44 7395 969596","","","","","https://maps.google.com/?cid=18253593333084727745&g_mp=Cidnb29nbGUubWFwcy5wbGFjZXMudjEuUGxhY2VzLlNlYXJjaFRleHQQAhgEIAA","51.437215800000004","-0.1571727","4.8","17","OPERATIONAL","Wandsworth"
"ChIJ6xmyENsFdkgR08_QVUAQHJ8","Magnet","Home & Living","Home & Living","General contractor","Balham, 264 Balham High Rd, London","SW17 7AN","SW17","Tooting","London","+44 20 8655 3560","https://www.magnet.co.uk/kitchen-showrooms-balham/?utm_source=ExtNetwork&utm_medium=local","","","","https://maps.google.com/?cid=11465056619882139603&g_mp=Cidnb29nbGUubWFwcy5wbGFjZXMudjEuUGxhY2VzLlNlYXJjaFRleHQQAhgEIAA","51.4397622","-0.156098","2.9","33","OPERATIONAL","Wandsworth"
"ChIJDaIRlwoGdkgRxsk9r2460B8","MAROO KITCHEN & HOUSEHOLD GOODS","Home & Living","Home & Living","Furniture store","London","SW17 7TG","SW17","Tooting","London","","","","","","https://maps.google.com/?cid=2292396457392458182&g_mp=Cidnb29nbGUubWFwcy5wbGFjZXMudjEuUGxhY2VzLlNlYXJjaFRleHQQAhgEIAA","51.4300773","-0.1657076","","","OPERATIONAL","Wandsworth"
"ChIJ1zXVM4JSzCURpAYc7n-dVJw","Noigin","Home & Living","Home & Living","Furniture store","Flat 6, Tooting High St, London","SW17 0RU","SW17","Tooting","London","","","","","","https://maps.google.com/?cid=11264801740741674660&g_mp=Cidnb29nbGUubWFwcy5wbGFjZXMudjEuUGxhY2VzLlNlYXJjaFRleHQQAhgEIAA","51.425529","-0.17068970000000003","5","4","OPERATIONAL","Wandsworth"
"ChIJ9RM2-goGdkgRRuEEx16Xlgk","Octavia Foundation Tooting","Home & Living","Home & Living","Thrift store","Broadway Solicitors, 36 Tooting High St, London","SW17 0RG","SW17","Tooting","London","+44 20 8767 3431","http://www.octaviafoundation.org.uk/","","","","https://maps.google.com/?cid=690906026169655622&g_mp=Cidnb29nbGUubWFwcy5wbGFjZXMudjEuUGxhY2VzLlNlYXJjaFRleHQQAhgEIAA","51.4286563","-0.1675884","4.1","16","OPERATIONAL","Wandsworth"
"ChIJLfMw6Q4GdkgRmPhI9sMMQaU","Screwfix Tooting","Home & Living","Home & Living","Hardware store","Unit 4, St Georges Court, 181-199 Tooting High St, London","SW17 0SZ","SW17","Tooting","London","+44 333 011 2112","https://www.screwfix.com/stores/EB5/Tooting?utm_source=google&utm_medium=organic&utm_campaign=Google_EB5","","","","https://maps.google.com/?cid=11907812925534435480&g_mp=Cidnb29nbGUubWFwcy5wbGFjZXMudjEuUGxhY2VzLlNlYXJjaFRleHQQAhgEIAA","51.4242716","-0.17133969999999998","4.5","340","OPERATIONAL","Wandsworth"
"ChIJt3ehkd4FdkgR5NvrScD7-1Y","Universal Store Pound Plus","Home & Living","Home & Living","Home goods store","23 Upper Tooting Rd, London","SW17 7TS","SW17","Tooting","London","+44 20 8672 5789","","","","","https://maps.google.com/?cid=6267880109708663780&g_mp=Cidnb29nbGUubWFwcy5wbGFjZXMudjEuUGxhY2VzLlNlYXJjaFRleHQQAhgEIAA","51.4350854","-0.16061409999999998","5","6","OPERATIONAL","Wandsworth"
"ChIJWTNx_OYLdkgR0ynE8ONvuf8","Wickes Wimbledon","Home & Living","Home & Living","Home improvement store","plough lane retail park, 53 Plough Ln, London","SW17 0BW","SW17","Tooting","London","+44 20 8947 9818","https://www.wickes.co.uk/store/8059?utm_source=google&utm_medium=organic&utm_campaign=lpm_google_wimbledon","","","","https://maps.google.com/?cid=18426882375150741971&g_mp=Cidnb29nbGUubWFwcy5wbGFjZXMudjEuUGxhY2VzLlNlYXJjaFRleHQQAhgEIAA","51.42939","-0.185394","3.6","626","OPERATIONAL","Wandsworth"
"ChIJSU7bZgsGdkgRflBexANc37w","World Superstore London","Home & Living","Home & Living","Convenience store","85 Mitcham Rd, London","SW17 9PD","SW17","Tooting","London","+44 7405 880410","","","","","https://maps.google.com/?cid=13609697770186100862&g_mp=Cidnb29nbGUubWFwcy5wbGFjZXMudjEuUGxhY2VzLlNlYXJjaFRleHQQAhgEIAA","51.4262288","-0.165551","3.4","9","OPERATIONAL","Wandsworth"
"ChIJrWPCa14PdkgRtiKf5CknOqw","Bargain Store - Wandsworth","Home & Living","Home & Living","Manufacturer","119 Wandsworth High St, London","SW18 4HY","SW18","Wandsworth / Earlsfield","London","+44 20 8870 3469","https://www.facebook.com/bargainhardwaremerton","","https://www.facebook.com/bargainhardwaremerton","","https://maps.google.com/?cid=12410274784055599798&g_mp=Cidnb29nbGUubWFwcy5wbGFjZXMudjEuUGxhY2VzLlNlYXJjaFRleHQQAhgEIAA","51.4571277","-0.1949408","5","12","OPERATIONAL","Wandsworth"
"ChIJS-1dBxhcOikRyW2ZO_cDnLo","Ethosity","Home & Living","Home & Living","Home goods store","58 Penwith Rd, London","SW18 4QD","SW18","Wandsworth / Earlsfield","London","+44 20 8333 7564","http://www.ethosity.co.uk/","","","","https://maps.google.com/?cid=13446626947813174729&g_mp=Cidnb29nbGUubWFwcy5wbGFjZXMudjEuUGxhY2VzLlNlYXJjaFRleHQQAhgEIAA","51.441453599999996","-0.1939692","5","1","OPERATIONAL","Wandsworth"
"ChIJ_YIF6IwHdkgRkWVjT527gzc","Furniture Story","Home & Living","Home & Living","Furniture store","Unit Rear, Unit 3,118, Ellis House, Parking lot, 120 Garratt Ln, London","SW18 4DJ","SW18","Wandsworth / Earlsfield","London","+44 20 3987 1552","https://www.furniture-story.co.uk/","","","","https://maps.google.com/?cid=4000247178351306129&g_mp=Cidnb29nbGUubWFwcy5wbGFjZXMudjEuUGxhY2VzLlNlYXJjaFRleHQQAhgEIAA","51.4508697","-0.19028199999999998","4.6","24","OPERATIONAL","Wandsworth"
"ChIJUTqY8skFdkgRHs0TtF9JF8c","Home at Last London","Home & Living","Home & Living","Home goods store","Home at Last, 629 Garratt Ln, London","SW18 4SX","SW18","Wandsworth / Earlsfield","London","+44 20 8944 1008","","","","","https://maps.google.com/?cid=14346015813403921694&g_mp=Cidnb29nbGUubWFwcy5wbGFjZXMudjEuUGxhY2VzLlNlYXJjaFRleHQQAhgEIAA","51.4381212","-0.1865557","5","8","OPERATIONAL","Wandsworth"
"ChIJo2X8YGoDdkgRqZ_0H9g6SoM","HOSEF ECLECTIC HOME STORE","Home & Living","Home & Living","Furniture store","25 Swandon Way, London","SW18 1EJ","SW18","Wandsworth / Earlsfield","London","","http://hosefstore.co.uk/","","","","https://maps.google.com/?cid=9460438667168620457&g_mp=Cidnb29nbGUubWFwcy5wbGFjZXMudjEuUGxhY2VzLlNlYXJjaFRleHQQAhgEIAA","51.4615146","-0.1900101","5","3","OPERATIONAL","Wandsworth"
"ChIJI-G9qF8PdkgRMsAkK4fhvYo","London Decorators Merchants","Home & Living","Home & Living","Building materials store","Hardy Court, 152-156 Garratt Ln, London","SW18 4DA","SW18","Wandsworth / Earlsfield","London","+44 20 4513 4465","http://www.ldmdirect.co.uk/","","","","https://maps.google.com/?cid=9997394718493032498&g_mp=Cidnb29nbGUubWFwcy5wbGFjZXMudjEuUGxhY2VzLlNlYXJjaFRleHQQAhgEIAA","51.4494718","-0.1898298","4.7","110","OPERATIONAL","Wandsworth"
"ChIJaZ1y3aEPdkgRoosuO6MRWNY","Outhouse Furniture","Home & Living","Home & Living","Furniture store","160 Penwith Rd, London","SW18 4QA","SW18","Wandsworth / Earlsfield","London","+44 7405 676846","https://outhousefurniture.myshopify.com/","","","","https://maps.google.com/?cid=15445114314837363618&g_mp=Cidnb29nbGUubWFwcy5wbGFjZXMudjEuUGxhY2VzLlNlYXJjaFRleHQQAhgEIAA","51.4424037","-0.18966339999999998","","","OPERATIONAL","Wandsworth"
"ChIJ7VTTr2YPdkgRt7iAwaIXaFA","Robert Dyas Wandsworth","Home & Living","Home & Living|Tech & Gadgets","Home goods store","107 Southside Shopping Centre, Wandsworth High St, London","SW18 4TF","SW18","Wandsworth / Earlsfield","London","+44 20 3375 6970","https://www.robertdyas.co.uk/storefinder/robertdyas-wandsworth?utm_source=google&utm_medium=organic&utm_campaign=LPM_google_wandsworth","","","","https://maps.google.com/?cid=5793906908410722487&g_mp=Cidnb29nbGUubWFwcy5wbGFjZXMudjEuUGxhY2VzLlNlYXJjaFRleHQQAhgEIAA","51.456446","-0.193987","3.9","53","OPERATIONAL","Wandsworth"
"ChIJ9xc5y44FdkgRw-VW7CLL-sk","Roche Bobois","Home & Living","Home & Living","Furniture store","Omega Bldg, Smugglers Way, Riverside West, London","SW18 1AZ","SW18","Wandsworth / Earlsfield","London","+44 20 8874 9818","https://www.roche-bobois.com/en-GB/","","","","https://maps.google.com/?cid=14554168496655623619&g_mp=Cidnb29nbGUubWFwcy5wbGFjZXMudjEuUGxhY2VzLlNlYXJjaFRleHQQAhgEIAA","51.462451300000005","-0.1881553","4.8","39","OPERATIONAL","Wandsworth"
"ChIJSafWXlsPdkgRdGW_Q4ECXmM","Screwfix Wandsworth","Home & Living","Home & Living|Tech & Gadgets","Hardware store","Unit 307 Merton Rd, London","SW18 5JS","SW18","Wandsworth / Earlsfield","London","+44 333 011 2112","https://www.screwfix.com/stores/QA1/Wandsworth?utm_source=google&utm_medium=organic&utm_campaign=Google_QA1","","","","https://maps.google.com/?cid=7160163211776320884&g_mp=Cidnb29nbGUubWFwcy5wbGFjZXMudjEuUGxhY2VzLlNlYXJjaFRleHQQAhgEIAA","51.4464001","-0.19783309999999998","4.4","355","OPERATIONAL","Wandsworth"
"ChIJDfUW6NMPdkgRQ4Gdhvog0eo","Søstrene Grene","Home & Living","Home & Living|Kids & Family","Home goods store","63 Garratt Ln, London","SW18 4TF","SW18","Wandsworth / Earlsfield","London","+44 20 3370 9009","https://sostrenegrene.com/en-gb/stores/southside-wandsworth-s-8007?utm_campaign=gbpg&utm_source=googlebusiness&utm_medium=google","","","","https://maps.google.com/?cid=16920341535380046147&g_mp=Cidnb29nbGUubWFwcy5wbGFjZXMudjEuUGxhY2VzLlNlYXJjaFRleHQQAhgEIAA","51.4545507","-0.19319039999999998","4.6","42","OPERATIONAL","Wandsworth"
"ChIJEScJ9h0GdkgRIHIusNzIyik","Bargain Store","Home & Living","Home & Living|Tech & Gadgets","Hardware store","128 Merton High St, London","SW19 1BA","SW19","Wimbledon / Southfields edge","London","+44 20 3714 0786","https://www.facebook.com/bargainhardwaremerton","","https://www.facebook.com/bargainhardwaremerton","","https://maps.google.com/?cid=3011440151024792096&g_mp=Cidnb29nbGUubWFwcy5wbGFjZXMudjEuUGxhY2VzLlNlYXJjaFRleHQQAhgEIAA","51.416022299999995","-0.1874349","4.5","54","OPERATIONAL","Wandsworth"
"ChIJZSYEHKgIdkgRPlZbFqpKWmE","Casa Interior","Home & Living","Home & Living","Furniture store","150 Haydons Rd, London","SW19 1AE","SW19","Wimbledon / Southfields edge","London","+44 20 8616 9190","http://www.casainterior.co.uk/","","","","https://maps.google.com/?cid=7015001463962949182&g_mp=Cidnb29nbGUubWFwcy5wbGFjZXMudjEuUGxhY2VzLlNlYXJjaFRleHQQAhgEIAA","51.421265399999996","-0.1877597","4.9","33","OPERATIONAL","Wandsworth"
"ChIJb6D40BcJdkgRWgL_ZfADgf8","Decorators Mate Wimbledon | Decorating & DIY","Home & Living","Home & Living","Home goods store","98 The Broadway, London","SW19 1RH","SW19","Wimbledon / Southfields edge","London","+44 20 3161 4844","https://www.thedecoratorsmate.co.uk/","","","","https://maps.google.com/?cid=18411001082705543770&g_mp=Cidnb29nbGUubWFwcy5wbGFjZXMudjEuUGxhY2VzLlNlYXJjaFRleHQQAhgEIAA","51.419529","-0.20099999999999998","4.9","78","OPERATIONAL","Wandsworth"
"ChIJ677zzRsGdkgRro_8UhcxTVc","Dunelm","Home & Living","Home & Living","Home goods store","Priory Retail Park, Priory Retail park, 131 Merton High St, London","SW19 2PP","SW19","Wimbledon / Southfields edge","London","+44 20 3617 1895","https://www.dunelm.com/stores/colliers-wood?utm_source=google&utm_medium=organic&utm_campaign=gbp&utm_content=store","","","","https://maps.google.com/?cid=6290738230752743342&g_mp=Cidnb29nbGUubWFwcy5wbGFjZXMudjEuUGxhY2VzLlNlYXJjaFRleHQQAhgEIAA","51.415472699999995","-0.17890219999999998","4","1538","OPERATIONAL","Wandsworth"
"ChIJwzCKjE0PdkgRBdZD5geqsgI","Halliday's Homes & Homeware","Home & Living","Home & Living","Hardware store","6 Leopold Rd, London","SW19 7BD","SW19","Wimbledon / Southfields edge","London","+44 20 8879 6099","http://hallidays.london/","","","","https://maps.google.com/?cid=194404684835051013&g_mp=Cidnb29nbGUubWFwcy5wbGFjZXMudjEuUGxhY2VzLlNlYXJjaFRleHQQAhgEIAA","51.427315799999995","-0.2001905","4.7","57","OPERATIONAL","Wandsworth"
"ChIJffri88sIdkgRCpO5asT_mS0","Holloways of Ludlow","Home & Living","Home & Living","Home goods store","14 Church Rd, London","SW19 5DL","SW19","Wimbledon / Southfields edge","London","+44 20 7605 0660","https://www.hollowaysofludlow.com/","","","","https://maps.google.com/?cid=3285938622212707082&g_mp=Cidnb29nbGUubWFwcy5wbGFjZXMudjEuUGxhY2VzLlNlYXJjaFRleHQQAhgEIAA","51.4258272","-0.2170102","4.4","40","OPERATIONAL","Wandsworth"
"ChIJFZev-TsPdkgRlA1SOgmLT0g","Home Bargains","Home & Living","Home & Living","Discount store","Lobby, Weir Rd, London","SW19 8UG","SW19","Wimbledon / Southfields edge","London","+44 20 3375 9342","https://home.bargains/","","","","https://maps.google.com/?cid=5210536165640375700&g_mp=Cidnb29nbGUubWFwcy5wbGFjZXMudjEuUGxhY2VzLlNlYXJjaFRleHQQAhgEIAA","51.430617899999994","-0.1919759","4.5","813","OPERATIONAL","Wandsworth"
"ChIJYXp8_CgHdkgR_HsL5gNCsAU","Homesense Merton","Home & Living","Home & Living","Home goods store","Unit 4, The Tandem Centre, tandem centre, Christchurch Rd, London","SW19 2TY","SW19","Wimbledon / Southfields edge","London","+44 20 8687 3154","https://www.tkmaxx.com/uk/en/store/london/unit-4-the-tandem-centre/652","","","","https://maps.google.com/?cid=409900150602562556&g_mp=Cidnb29nbGUubWFwcy5wbGFjZXMudjEuUGxhY2VzLlNlYXJjaFRleHQQAhgEIAA","51.4143932","-0.1759636","4.3","66","OPERATIONAL","Wandsworth"
"ChIJe92jIlQPdkgRQ-M_0Kjnkbo","Howdens - Wimbledon","Home & Living","Home & Living","Furniture store","Unit 5, Weir Road Industrial Estate, Industrial Estate, 43 Weir Rd, Durnsford Rd, London","SW19 8UG","SW19","Wimbledon / Southfields edge","London","+44 20 8944 7160","https://www.howdens.com/find-a-depot/wimbledon?y_source=1_ODgxMzA4Mi03MTUtbG9jYXRpb24ud2Vic2l0ZQ%3D%3D","","","","https://maps.google.com/?cid=13443781074912011075&g_mp=Cidnb29nbGUubWFwcy5wbGFjZXMudjEuUGxhY2VzLlNlYXJjaFRleHQQAhgEIAA","51.4357373","-0.1926881","4.3","36","OPERATIONAL","Wandsworth"
"ChIJNSyPxKMIdkgR0_ezrYtM_9s","Howdens - Wimbledon South Merton","Home & Living","Home & Living","Furniture store","13, Nelson Trading Estate, Nelson Trade Park, Unit 12 Morden Rd, London","SW19 3BL","SW19","Wimbledon / Southfields edge","London","+44 20 8544 1415","https://www.howdens.com/find-a-depot/wimbledon-south-merton?y_source=1_ODgxMzQzOS03MTUtbG9jYXRpb24ud2Vic2l0ZQ%3D%3D","","","","https://maps.google.com/?cid=15852473376165853139&g_mp=Cidnb29nbGUubWFwcy5wbGFjZXMudjEuUGxhY2VzLlNlYXJjaFRleHQQAhgEIAA","51.4132537","-0.1944282","4","82","OPERATIONAL","Wandsworth"
"ChIJ7zNSQaUIdkgRnmwFnV3M73E","Neptune","Home & Living","Home & Living","Furniture store","170-178 The Broadway, London","SW19 1RX","SW19","Wimbledon / Southfields edge","London","+44 20 3362 8240","https://www.neptune.com/pages/neptune-wimbledon?utm_source=google&utm_medium=local&utm_campaign=GoogleLocal-Wimbledon","","","","https://maps.google.com/?cid=8210005348158106782&g_mp=Cidnb29nbGUubWFwcy5wbGFjZXMudjEuUGxhY2VzLlNlYXJjaFRleHQQAhgEIAA","51.419306","-0.198051","4.6","46","OPERATIONAL","Wandsworth"
"ChIJzTHUDLoIdkgR2mFrzO-JfKg","Robert Dyas Wimbledon","Home & Living","Home & Living|Tech & Gadgets","Home goods store","61 The Broadway, London","SW19 1QD","SW19","Wimbledon / Southfields edge","London","+44 20 3375 6905","https://www.robertdyas.co.uk/storefinder/robertdyas-wimbledon?utm_source=google&utm_medium=organic&utm_campaign=LPM_google_wimbledon","","","","https://maps.google.com/?cid=12140730358503793114&g_mp=Cidnb29nbGUubWFwcy5wbGFjZXMudjEuUGxhY2VzLlNlYXJjaFRleHQQAhgEIAA","51.419793","-0.203569","3.6","62","OPERATIONAL","Wandsworth"
"ChIJxTHUbfEJdkgRUNDcd96xz4c","Søstrene Grene","Home & Living","Home & Living","Home goods store","Flight Centre, 51 The Broadway, London","SW19 1QD","SW19","Wimbledon / Southfields edge","London","+44 20 8432 4568","https://sostrenegrene.com/en-gb/stores/the-broadway-wimbledon-s-8040?utm_campaign=gbpg&utm_source=googlebusiness&utm_medium=google","","","","https://maps.google.com/?cid=9786236084351193168&g_mp=Cidnb29nbGUubWFwcy5wbGFjZXMudjEuUGxhY2VzLlNlYXJjaFRleHQQAhgEIAA","51.4198345","-0.20382809999999998","3.9","12","OPERATIONAL","Wandsworth"
"ChIJXbQSAXXfdUgRblF4WnSBmoE","Winter Bear Home","Home & Living","Home & Living","Furniture store","9 Leopold Rd, London","SW19 7BB","SW19","Wimbledon / Southfields edge","London","+44 7815 934363","http://www.winterbearhome.co.uk/","","","","https://maps.google.com/?cid=9338919114040168814&g_mp=Cidnb29nbGUubWFwcy5wbGFjZXMudjEuUGxhY2VzLlNlYXJjaFRleHQQAhgEIAA","51.4271349","-0.20041209999999998","5","45","OPERATIONAL","Wandsworth"
"ChIJ799w_SMFdkgRnP0YCI11JhA","Balham's Bodega","Kids & Family","Kids & Family","Liquor store","6, Station Parade, Balham High Rd, London","SW12 9AZ","SW12","Balham","London","","","","","","https://maps.google.com/?cid=1163746802308545948&g_mp=Cidnb29nbGUubWFwcy5wbGFjZXMudjEuUGxhY2VzLlNlYXJjaFRleHQQAhgEIAA","51.4423661","-0.1533603","4.8","13","OPERATIONAL","Wandsworth"
"ChIJFzaaav0FdkgRzW2ZQDcy1VA","FidgetLab","Kids & Family","Kids & Family","Toy store","82 Fernside Rd, London","SW12 8LJ","SW12","Balham","London","+44 7884 626704","","","","","https://maps.google.com/?cid=5824616905961991629&g_mp=Cidnb29nbGUubWFwcy5wbGFjZXMudjEuUGxhY2VzLlNlYXJjaFRleHQQAhgEIAA","51.4461722","-0.1592484","","","OPERATIONAL","Wandsworth"
"ChIJ6cTebs8FdkgRAdRRRoCvMeI","Postmark","Kids & Family","Kids & Family","Store","123 Balham High Rd, London","SW12 9AR","SW12","Balham","London","+44 20 8675 7272","http://www.postmarkonline.co.uk/","","","","https://maps.google.com/?cid=16299001491900978177&g_mp=Cidnb29nbGUubWFwcy5wbGFjZXMudjEuUGxhY2VzLlNlYXJjaFRleHQQAhgEIAA","51.444876","-0.151399","4.6","34","OPERATIONAL","Wandsworth"
"ChIJRy2GpzYFdkgR47Dj6nN5J5Y","Chalkboard","Kids & Family","Kids & Family","Toy store","60 Northcote Rd, London","SW11 1PA","SW11","Battersea","London","+44 20 7924 7066","","","","","https://maps.google.com/?cid=10819750168549896419&g_mp=Cidnb29nbGUubWFwcy5wbGFjZXMudjEuUGxhY2VzLlNlYXJjaFRleHQQAhgEIAA","51.4587284","-0.1664279","4.9","121","OPERATIONAL","Wandsworth"
"ChIJRRwpz8IFdkgR1A-l4T7DMh0","Flying Tiger Copenhagen","Kids & Family","Kids & Family","Gift shop","84-86 St John's Rd, London","SW11 1PX","SW11","Battersea","London","","https://flyingtiger.com/pages/store-locator?utm_source=Google&utm_medium=Store+Locator+Traffic&utm_campaign=Uberall&utm_id=Uberall#!/l/uk/london/84-86-saint-john-s-road/gb01056","","","","https://maps.google.com/?cid=2103958650776522708&g_mp=Cidnb29nbGUubWFwcy5wbGFjZXMudjEuUGxhY2VzLlNlYXJjaFRleHQQAhgEIAA","51.461253199999994","-0.1674348","4.3","145","OPERATIONAL","Wandsworth"
"ChIJ3_aFtFIFdkgR6H2mi_hZYSo","LEGO® Store Battersea London","Kids & Family","Kids & Family","Toy store","Arches Lane & Circus West Village, Battersea Power Station, London","SW11 8EZ","SW11","Battersea","London","+44 20 4576 1531","https://www.lego.com/en-gb/stores/store/battersea-london/?cmp=REF-202601-GBP-111&y_source=1_MTAwMDk1NTUzMS03MTUtbG9jYXRpb24ud2Vic2l0ZQ%3D%3D","","","","https://maps.google.com/?cid=3053820946363612648&g_mp=Cidnb29nbGUubWFwcy5wbGFjZXMudjEuUGxhY2VzLlNlYXJjaFRleHQQAhgEIAA","51.481032799999994","-0.1444687","4.5","191","OPERATIONAL","Wandsworth"
"ChIJ76VktJkFdkgRsgnonz0eTUo","Party and Celebrate","Kids & Family","Kids & Family","Home goods store","268 Lavender Hill, London","SW11 1LJ","SW11","Battersea","London","+44 20 7924 3210","https://partyandcelebrate.co.uk/","","","","https://maps.google.com/?cid=5353968782038010290&g_mp=Cidnb29nbGUubWFwcy5wbGFjZXMudjEuUGxhY2VzLlNlYXJjaFRleHQQAhgEIAA","51.46396850000001","-0.16716509999999998","4.3","356","OPERATIONAL","Wandsworth"
"ChIJL6f1cZYFdkgRsZKLNyrG798","QT Toys and Games","Kids & Family","Kids & Family","Toy store","90 Northcote Rd, London","SW11 6QN","SW11","Battersea","London","+44 20 7223 8637","https://www.qttoyslondon.com/","","","","https://maps.google.com/?cid=16136333874514596529&g_mp=Cidnb29nbGUubWFwcy5wbGFjZXMudjEuUGxhY2VzLlNlYXJjaFRleHQQAhgEIAA","51.4577129","-0.16597289999999998","4.7","81","OPERATIONAL","Wandsworth"
"ChIJB1aOJAMFdkgRhHqwx-iQi6A","Transformers","Kids & Family","Kids & Family","point_of_interest","Circus Rd W, Nine Elms G-032B, London","SW11 8DD","SW11","Battersea","London","+44 20 8438 2285","https://transformersbattersea.com/","","","","https://maps.google.com/?cid=11568499397288295044&g_mp=Cidnb29nbGUubWFwcy5wbGFjZXMudjEuUGxhY2VzLlNlYXJjaFRleHQQAhgEIAA","51.4824555","-0.1443258","4.6","85","OPERATIONAL","Wandsworth"
"ChIJA2Nfww0PdkgRLaxLBQDZPTk","Kids Stuff","Kids & Family","Kids & Family","Toy store","Unit 7-7A, The Exchange, Putney High St, London","SW15 1TW","SW15","Putney","London","+44 20 8785 9955","http://www.kidsstufftoys.co.uk/","","","","https://maps.google.com/?cid=4124691427853315117&g_mp=Cidnb29nbGUubWFwcy5wbGFjZXMudjEuUGxhY2VzLlNlYXJjaFRleHQQAhgEIAA","51.4635488","-0.2172441","3.8","76","OPERATIONAL","Wandsworth"
"ChIJx3dCBOAFdkgRTG_iaoK8LfU","Aubrey's Discount Stores Ltd","Kids & Family","Kids & Family","Discount store","183-185 Upper Tooting Rd, London","SW17 7TG","SW17","Tooting","London","+44 20 8672 0643","","","","","https://maps.google.com/?cid=17666984181569318732&g_mp=Cidnb29nbGUubWFwcy5wbGFjZXMudjEuUGxhY2VzLlNlYXJjaFRleHQQAhgEIAA","51.4312376","-0.1644932","4.3","10","OPERATIONAL","Wandsworth"
"ChIJ42ulVVQPdkgRrgI9ZglI0mE","Erik's Poi Toys","Kids & Family","Kids & Family","Toy store","Wimbledon Stadium Bussiness Center, 25A Riverside Rd, Greater, London","SW17 0BA","SW17","Tooting","London","+44 7787 172498","https://www.erikspoitoys.com/contact-2-w.asp","","","","https://maps.google.com/?cid=7048775571995427502&g_mp=Cidnb29nbGUubWFwcy5wbGFjZXMudjEuUGxhY2VzLlNlYXJjaFRleHQQAhgEIAA","51.4335476","-0.19065769999999999","5","1","OPERATIONAL","Wandsworth"
"ChIJk93Iz_0HdkgRMSgAAwFKF2U","Hobbycraft Wimbledon","Kids & Family","Kids & Family","Store","Unit 3B, plough lane retail park, Plough Ln, London","SW17 0BW","SW17","Tooting","London","+44 330 026 1145","https://www.hobbycraft.co.uk/stores/wimbledon?utm_source=googlemybusiness&utm_medium=organicgmb&utm_campaign=localseo","","","","https://maps.google.com/?cid=7284372290500831281&g_mp=Cidnb29nbGUubWFwcy5wbGFjZXMudjEuUGxhY2VzLlNlYXJjaFRleHQQAhgEIAA","51.4297616","-0.18514519999999998","4.6","489","OPERATIONAL","Wandsworth"
"ChIJLw3vbW0GdkgR5IzUakD4kTA","Janes Trains","Kids & Family","Kids & Family","Toy store","35 London Rd, London","SW17 9JR","SW17","Tooting","London","+44 20 8640 1569","http://www.janestrains.co.uk/","","","","https://maps.google.com/?cid=3499851340997496036&g_mp=Cidnb29nbGUubWFwcy5wbGFjZXMudjEuUGxhY2VzLlNlYXJjaFRleHQQAhgEIAA","51.419269899999996","-0.1617301","4.8","194","OPERATIONAL","Wandsworth"
"ChIJDWwYoQsGdkgRGJ8LC4LlA1I","Sam Pound Stores","Kids & Family","Kids & Family","General store","24 Mitcham Rd, London","SW17 9NA","SW17","Tooting","London","+44 20 8767 1571","https://www.sam99p.co.uk/","","","","https://maps.google.com/?cid=5909819482734042904&g_mp=Cidnb29nbGUubWFwcy5wbGFjZXMudjEuUGxhY2VzLlNlYXJjaFRleHQQAhgEIAA","51.427144500000004","-0.1671404","4.3","177","OPERATIONAL","Wandsworth"
"ChIJx33VYs0HdkgRiebxFLtPMvA","Slime Bar","Kids & Family","Kids & Family","Store","Tooting High St, London","SW17 0SN","SW17","Tooting","London","+44 7736 932654","https://www.slimebar.co.uk/","","","","https://maps.google.com/?cid=17307983982867113609&g_mp=Cidnb29nbGUubWFwcy5wbGFjZXMudjEuUGxhY2VzLlNlYXJjaFRleHQQAhgEIAA","51.428954","-0.165768","4.1","77","OPERATIONAL","Wandsworth"
"ChIJAQAAY1UPdkgRELKC1aImFGY","ToyTopic Group","Kids & Family","Kids & Family","Toy store","10, Riverside Yard, Riverside Rd, London","SW17 0BB","SW17","Tooting","London","","http://toytopic.co.uk/","","","","https://maps.google.com/?cid=7355546572211532304&g_mp=Cidnb29nbGUubWFwcy5wbGFjZXMudjEuUGxhY2VzLlNlYXJjaFRleHQQAhgEIAA","51.432611699999995","-0.1876497","","","OPERATIONAL","Wandsworth"
"ChIJPajT4KIPdkgRq3stR_vecCQ","GAME","Kids & Family","Kids & Family","Store","Unit C, Garratt Ln, London","SW18 4AD","SW18","Wandsworth / Earlsfield","London","+44 344 332 5935","https://www.game.co.uk/wandsworth-store-0935","","","","https://maps.google.com/?cid=2625843753569319851&g_mp=Cidnb29nbGUubWFwcy5wbGFjZXMudjEuUGxhY2VzLlNlYXJjaFRleHQQAhgEIAA","51.454860499999995","-0.1924658","","","OPERATIONAL","Wandsworth"
"ChIJ1eWdsCoPdkgRZs8rVPDREWo","MINISO London Wandsworth","Kids & Family","Kids & Family","Store","Unit 24 Southside Shopping Centre, London","SW18 4TF","SW18","Wandsworth / Earlsfield","London","","https://minisoshop.co.uk/","","","","https://maps.google.com/?cid=7643120872758955878&g_mp=Cidnb29nbGUubWFwcy5wbGFjZXMudjEuUGxhY2VzLlNlYXJjaFRleHQQAhgEIAA","51.455796","-0.1937495","4.1","18","OPERATIONAL","Wandsworth"
"ChIJKbdbCPYHdkgRcnjxGXqXMXI","Game","Kids & Family","Kids & Family","Store","Unit 8, tandem centre, Tandem Way, London","SW19 2TY","SW19","Wimbledon / Southfields edge","London","+44 344 332 5189","https://www.game.co.uk/london---colliers-wood-store-0189","","","","https://maps.google.com/?cid=8228524544859666546&g_mp=Cidnb29nbGUubWFwcy5wbGFjZXMudjEuUGxhY2VzLlNlYXJjaFRleHQQAhgEIAA","51.4137582","-0.1768478","","","OPERATIONAL","Wandsworth"
"ChIJZdbfcroIdkgRj5YltL4Zq2w","JoJo Maman Bébé","Kids & Family","Kids & Family","Child care agency","63 The Broadway, London","SW19 1QD","SW19","Wimbledon / Southfields edge","London","+44 20 8540 0468","http://www.jojomamanbebe.co.uk/","","","","https://maps.google.com/?cid=7830380683970582159&g_mp=Cidnb29nbGUubWFwcy5wbGFjZXMudjEuUGxhY2VzLlNlYXJjaFRleHQQAhgEIAA","51.419737999999995","-0.2034009","2.7","24","OPERATIONAL","Wandsworth"
"ChIJ83jNnRAPdkgRSRTlpRLe7rw","Souzu Ltd","Kids & Family","Kids & Family","Clothing store","17 High Street Wimbledon, London","SW19 5DX","SW19","Wimbledon / Southfields edge","London","+44 20 8780 0025","https://www.souzu.co.uk/","","","","https://maps.google.com/?cid=13614062895261619273&g_mp=Cidnb29nbGUubWFwcy5wbGFjZXMudjEuUGxhY2VzLlNlYXJjaFRleHQQAhgEIAA","51.424732399999996","-0.2166698","5","10","OPERATIONAL","Wandsworth"
"ChIJe2Ng3DsJdkgR-AQRWonc17E","Tots to Teens Shoe Lounge","Kids & Family","Kids & Family","Shoe store","16 St George's Rd, London","SW19 4DP","SW19","Wimbledon / Southfields edge","London","+44 7931 380662","https://totstoteensshoelounge.com/","","","","https://maps.google.com/?cid=12814953747185730808&g_mp=Cidnb29nbGUubWFwcy5wbGFjZXMudjEuUGxhY2VzLlNlYXJjaFRleHQQAhgEIAA","51.421545699999996","-0.2085589","5","32","OPERATIONAL","Wandsworth"
"ChIJlRMxDH4FdkgRXqLM8kIJYFo","GoodGood Studio - Yoga & Pilates","Services & Experiences","Services & Experiences","Gym","5A Boundaries Rd, London","SW12 8ET","SW12","Balham","London","+44 7446 979510","https://www.goodgoodstudio.co.uk/","","","","https://maps.google.com/?cid=6512215244323725918&g_mp=Cidnb29nbGUubWFwcy5wbGFjZXMudjEuUGxhY2VzLlNlYXJjaFRleHQQAhgEIAA","51.4437935","-0.1538166","5","76","OPERATIONAL","Wandsworth"
"ChIJH9oaRNMFdkgRs-mxWp0HnPE","Hannah Pocket Yoga","Services & Experiences","Services & Experiences","Yoga studio","Ravenstone Primary School, London","SW12 9SS","SW12","Balham","London","+44 7939 686962","http://www.hannahpocketyoga.com/","","","","https://maps.google.com/?cid=17409798631920363955&g_mp=Cidnb29nbGUubWFwcy5wbGFjZXMudjEuUGxhY2VzLlNlYXJjaFRleHQQAhgEIAA","51.4417294","-0.1525549","5","150","OPERATIONAL","Wandsworth"
"ChIJ14grnJ0PdkgRNPcBvTcw8mc","Hot Yoga South Balham","Services & Experiences","Services & Experiences","Yoga studio","Unit 5 Hildreth Street Mews, London","SW12 9RZ","SW12","Balham","London","+44 20 3457 8837","http://hotyogasouth.com/","","","","https://maps.google.com/?cid=7490102146222913332&g_mp=Cidnb29nbGUubWFwcy5wbGFjZXMudjEuUGxhY2VzLlNlYXJjaFRleHQQAhgEIAA","51.4442276","-0.1514399","4.6","178","OPERATIONAL","Wandsworth"
"ChIJC9y03AoFdkgRpoU9QayWrds","Reformer Collective Balham","Services & Experiences","Services & Experiences","Gym","98, 100 Balham High Rd, London","SW12 9AA","SW12","Balham","London","","https://www.reformercollective.co.uk/balham","","","","https://maps.google.com/?cid=15829473931850253734&g_mp=Cidnb29nbGUubWFwcy5wbGFjZXMudjEuUGxhY2VzLlNlYXJjaFRleHQQAhgEIAA","51.4459671","-0.1502808","4.3","67","OPERATIONAL","Wandsworth"
"ChIJ80skC5YFdkgRQGeL-zIiQJE","REVIVE YOGA & PILATES - Balham","Services & Experiences","Services & Experiences","Yoga studio","45 Balham High Rd, London","SW12 9AN","SW12","Balham","London","+44 20 3638 1622","https://reviveyogalondon.com/","","","","https://maps.google.com/?cid=10466403136372959040&g_mp=Cidnb29nbGUubWFwcy5wbGFjZXMudjEuUGxhY2VzLlNlYXJjaFRleHQQAhgEIAA","51.4467589","-0.1490512","4.9","158","OPERATIONAL","Wandsworth"
"ChIJXzrXqHkFdkgRbGKS4bSgBUs","Sahaja Yoga Free Meditation Classes","Services & Experiences","Services & Experiences","point_of_interest","Adjacent to Balham Library, Balham Library Hall, 16 Ramsden Rd, London","SW12 8QY","SW12","Balham","London","","https://www.sahajayogalondon.co.uk/category/london-areas/balham/","","","","https://maps.google.com/?cid=5405903626467172972&g_mp=Cidnb29nbGUubWFwcy5wbGFjZXMudjEuUGxhY2VzLlNlYXJjaFRleHQQAhgEIAA","51.4454126","-0.15234709999999999","","","OPERATIONAL","Wandsworth"
"ChIJgfF_IsIFdkgRmrd5zuLlvDE","The Loft Pilates Studio","Services & Experiences","Services & Experiences","Gym","Station House, 4 Jaggard Way, London","SW12 8SG","SW12","Balham","London","+44 7786 084781","http://www.theloftpilatesstudio.co.uk/","","","","https://maps.google.com/?cid=3583992165769525146&g_mp=Cidnb29nbGUubWFwcy5wbGFjZXMudjEuUGxhY2VzLlNlYXJjaFRleHQQAhgEIAA","51.4464475","-0.16353800000000002","4.7","33","OPERATIONAL","Wandsworth"
"ChIJf19r6PcFdkgRyyvdorQ_DMs","whYoga","Services & Experiences","Services & Experiences","Yoga studio","Balham Library Hall, 16 Ramsden Rd, London","SW12 8QY","SW12","Balham","London","+44 1306 621163","","","","","https://maps.google.com/?cid=14631139334478965707&g_mp=Cidnb29nbGUubWFwcy5wbGFjZXMudjEuUGxhY2VzLlNlYXJjaFRleHQQAhgEIAA","51.445440899999994","-0.1521435","5","25","OPERATIONAL","Wandsworth"
"ChIJZ99DRqIFdkgRXw55p0CdutQ","Anahata Yoga Clapham","Services & Experiences","Services & Experiences","Yoga studio","10 Wroughton Rd, London","SW11 6BG","SW11","Battersea","London","","https://www.anahatayogaclapham.com/","","","","https://maps.google.com/?cid=15328737182722100831&g_mp=Cidnb29nbGUubWFwcy5wbGFjZXMudjEuUGxhY2VzLlNlYXJjaFRleHQQAhgEIAA","51.452560899999995","-0.1588243","4.9","45","OPERATIONAL","Wandsworth"
"ChIJbW18ixsFdkgRIbtk6H38laI","ARAM.YOGA","Services & Experiences","Services & Experiences","Yoga studio","Ethelburga Centre, 60 Worfield St, London","SW11 4RA","SW11","Battersea","London","","http://www.aramyoga.com/","","","","https://maps.google.com/?cid=11715547623374240545&g_mp=Cidnb29nbGUubWFwcy5wbGFjZXMudjEuUGxhY2VzLlNlYXJjaFRleHQQAhgEIAA","51.4774899","-0.1660713","","","OPERATIONAL","Wandsworth"
"ChIJXw-nSKUFdkgRpUYIeER6UjQ","Battersea Park Fitness","Services & Experiences","Services & Experiences","Health","Battersea Park, London","SW11 4NJ","SW11","Battersea","London","+44 7351 435861","https://www.batterseaparkfitness.com/","","","","https://maps.google.com/?cid=3770210272552699557&g_mp=Cidnb29nbGUubWFwcy5wbGFjZXMudjEuUGxhY2VzLlNlYXJjaFRleHQQAhgEIAA","51.4821944","-0.1586439","5","36","OPERATIONAL","Wandsworth"
"ChIJLekiuaIFdkgRlKg-cv22nqw","Bliss Wellness","Services & Experiences","Services & Experiences","Gym","50A Altenburg Gardens, London","SW11 1JL","SW11","Battersea","London","+44 7849 204336","https://www.blisswellness.space/","","","","https://maps.google.com/?cid=12438580420503578772&g_mp=Cidnb29nbGUubWFwcy5wbGFjZXMudjEuUGxhY2VzLlNlYXJjaFRleHQQAhgEIAA","51.4632637","-0.1629343","5","48","OPERATIONAL","Wandsworth"
"ChIJsZE56AUFdkgRMzkOCRD4ikI","Casita Yoga Battersea","Services & Experiences","Services & Experiences","Yoga studio","Katherine Low Settlement, 108 Battersea High St, London","SW11 3HP","SW11","Battersea","London","","http://www.casitayogabattersea.com/","","","","https://maps.google.com/?cid=4794917501044406579&g_mp=Cidnb29nbGUubWFwcy5wbGFjZXMudjEuUGxhY2VzLlNlYXJjaFRleHQQAhgEIAA","51.4720095","-0.17366499999999999","5","35","OPERATIONAL","Wandsworth"
"ChIJ_aPUhrAFdkgR8xAmlM2aXT8","EVERY Reformer Pilates","Services & Experiences","Services & Experiences","Gym","135 Northcote Rd, London","SW11 6PX","SW11","Battersea","London","","https://everypilates.co.uk/","","","","https://maps.google.com/?cid=4565975804968046835&g_mp=Cidnb29nbGUubWFwcy5wbGFjZXMudjEuUGxhY2VzLlNlYXJjaFRleHQQAhgEIAA","51.456004899999996","-0.1649127","5","105","OPERATIONAL","Wandsworth"
"ChIJn0pKk50FdkgRr3L4sD4fbkc","gideonsyoga","Services & Experiences","Services & Experiences","Yoga studio","Flat 1, Gallagher Court, 49 Winders Rd, London","SW11 3HD","SW11","Battersea","London","+44 20 3725 6822","https://gideons-yoga.com/","","","","https://maps.google.com/?cid=5147085778248561327&g_mp=Cidnb29nbGUubWFwcy5wbGFjZXMudjEuUGxhY2VzLlNlYXJjaFRleHQQAhgEIAA","51.471666199999994","-0.1716308","4.3","3","OPERATIONAL","Wandsworth"
"ChIJs_64B5oFdkgRXVB-daBa12Q","Kelly Brooks Yoga","Services & Experiences","Services & Experiences","Yoga studio","Clapham Junction, Monarch Sq, London","SW11 1AR","SW11","Battersea","London","+44 7908 185772","http://www.kellybrooksyoga.com/","","","","https://maps.google.com/?cid=7266376168998064221&g_mp=Cidnb29nbGUubWFwcy5wbGFjZXMudjEuUGxhY2VzLlNlYXJjaFRleHQQAhgEIAA","51.4617236","-0.1703857","5","27","OPERATIONAL","Wandsworth"
"ChIJYdZOxXQFdkgRuVug5Qz-NLM","Live Karma Yoga","Services & Experiences","Services & Experiences","Yoga studio","30 Petworth St, London","SW11 4QW","SW11","Battersea","London","","https://livekarmayoga.com/","","","","https://maps.google.com/?cid=12913225362923609017&g_mp=Cidnb29nbGUubWFwcy5wbGFjZXMudjEuUGxhY2VzLlNlYXJjaFRleHQQAhgEIAA","51.4761461","-0.1650365","4.9","9","OPERATIONAL","Wandsworth"
"ChIJ0dy5D5wFdkgRMYGueFC2cro","MoreYoga Clapham Junction","Services & Experiences","Services & Experiences","Yoga studio","114 Falcon Rd, London","SW11 2LH","SW11","Battersea","London","+44 808 175 0238","https://www.moreyoga.co.uk/yoga-london/clapham-junction-studio?utm_medium=organic&utm_source=google_maps&utm_campaign=maps&utm_content=maps","","","","https://maps.google.com/?cid=13435001095137952049&g_mp=Cidnb29nbGUubWFwcy5wbGFjZXMudjEuUGxhY2VzLlNlYXJjaFRleHQQAhgEIAA","51.4681522","-0.1709707","4.8","100","OPERATIONAL","Wandsworth"
"ChIJYeMVPpAFdkgR_oLR6ec4bLM","Sadhana Yoga & Wellbeing Studio London (Clapham)","Services & Experiences","Services & Experiences","Yoga studio","91 St John's Hl, London","SW11 1SY","SW11","Battersea","London","+44 20 7585 0377","https://www.sadhana-wellbeing.com/","","","","https://maps.google.com/?cid=12928771198985274110&g_mp=Cidnb29nbGUubWFwcy5wbGFjZXMudjEuUGxhY2VzLlNlYXJjaFRleHQQAhgEIAA","51.4615443","-0.17347089999999998","4.6","351","OPERATIONAL","Wandsworth"
"ChIJX4fhTL0FdkgRkPVAK5e2Tio","Third Space Clapham Junction","Services & Experiences","Services & Experiences","Gym","Clapham Junction, Lavender Hill, London","SW11 1LN","SW11","Battersea","London","+44 20 7970 0957","https://www.thirdspace.london/clubs/clapham-junction/","","","","https://maps.google.com/?cid=3048574758158398864&g_mp=Cidnb29nbGUubWFwcy5wbGFjZXMudjEuUGxhY2VzLlNlYXJjaFRleHQQAhgEIAA","51.4636357","-0.16752999999999998","4.7","384","OPERATIONAL","Wandsworth"
"ChIJjf7peRcFdkgRymECZeUIpH8","Yoga with Lucie Zoe Lazarus","Services & Experiences","Services & Experiences","point_of_interest","Warriner Gardens, London","SW11 4DU","SW11","Battersea","London","","","","","","https://maps.google.com/?cid=9197486120332583370&g_mp=Cidnb29nbGUubWFwcy5wbGFjZXMudjEuUGxhY2VzLlNlYXJjaFRleHQQAhgEIAA","51.474812","-0.1565073","5","1","OPERATIONAL","Wandsworth"
"ChIJPxi6TqwPdkgR4ocjzNgg6AM","Body Mindfulness Studio","Services & Experiences","Services & Experiences","Yoga studio","32 St. Johns Ave, London","SW15 6AN","SW15","Putney","London","+44 7767 686010","https://www.bodymindfulnessstudio.co.uk/","","","","https://maps.google.com/?cid=281511092220561378&g_mp=Cidnb29nbGUubWFwcy5wbGFjZXMudjEuUGxhY2VzLlNlYXJjaFRleHQQAhgEIAA","51.4598966","-0.22127090000000002","5","25","OPERATIONAL","Wandsworth"
"ChIJAQAEkg4PdkgRHQ97PRZPsaE","HARMONY STUDIO","Services & Experiences","Services & Experiences","Yoga studio","51 Felsham Rd, London","SW15 1AZ","SW15","Putney","London","+44 20 8780 0160","","","","","https://maps.google.com/?cid=11651180667923533597&g_mp=Cidnb29nbGUubWFwcy5wbGFjZXMudjEuUGxhY2VzLlNlYXJjaFRleHQQAhgEIAA","51.4655649","-0.2182373","","","OPERATIONAL","Wandsworth"
"ChIJPW4PzSsPdkgRhi9b9EuSqzo","Hotpod Yoga Putney","Services & Experiences","Services & Experiences","Yoga studio","1st Floor, Putney High St, London","SW15 1TW","SW15","Putney","London","+44 7526 706541","https://hotpodyoga.com/studios/putney/","","","","https://maps.google.com/?cid=4227633530137161606&g_mp=Cidnb29nbGUubWFwcy5wbGFjZXMudjEuUGxhY2VzLlNlYXJjaFRleHQQAhgEIAA","51.4632808","-0.21620299999999998","4.9","129","OPERATIONAL","Wandsworth"
"ChIJbR5PpQMPdkgR1UqUEYBQ3Wc","Jill Does Yoga","Services & Experiences","Services & Experiences","Yoga studio","Dryburgh Court, 1 Dryburgh Rd, London","SW15 1BN","SW15","Putney","London","+44 7734 210330","","","","","https://maps.google.com/?cid=7484226666740599509&g_mp=Cidnb29nbGUubWFwcy5wbGFjZXMudjEuUGxhY2VzLlNlYXJjaFRleHQQAhgEIAA","51.465396999999996","-0.23106620000000003","5","1","OPERATIONAL","Wandsworth"
"ChIJTWyRC2UPdkgRcGF0zQvx7Nw","Kind Mind Yoga","Services & Experiences","Services & Experiences","Yoga studio","St. Mary's Church, Putney High St, London","SW15 1SN","SW15","Putney","London","","http://kindmindyoga.co.uk/?utm_source=gmb&utm_medium=referral","","","","https://maps.google.com/?cid=15919363815841751408&g_mp=Cidnb29nbGUubWFwcy5wbGFjZXMudjEuUGxhY2VzLlNlYXJjaFRleHQQAhgEIAA","51.4657962","-0.2137372","5","2","OPERATIONAL","Wandsworth"
"ChIJpUuKUgAPdkgRBdCQeYpM0Pw","Meli’s Yoga. Yoga therapy sessions- Yoga classes","Services & Experiences","Services & Experiences","point_of_interest","64 Swinburne Rd, London","SW15 5EH","SW15","Putney","London","+44 7516 399040","http://www.meliyoga.com/","","","","https://maps.google.com/?cid=18217144650342387717&g_mp=Cidnb29nbGUubWFwcy5wbGFjZXMudjEuUGxhY2VzLlNlYXJjaFRleHQQAhgEIAA","51.4608156","-0.24023119999999998","5","3","OPERATIONAL","Wandsworth"
"ChIJMYnqKDUPdkgRjkp8vrGtc3o","Phoenix Yoga","Services & Experiences","Services & Experiences","Yoga studio","230 Upper Richmond Rd, London","SW15 6TG","SW15","Putney","London","+44 7540 726378","https://www.phoenixyoga.co.uk/","","","","https://maps.google.com/?cid=8823587073865566862&g_mp=Cidnb29nbGUubWFwcy5wbGFjZXMudjEuUGxhY2VzLlNlYXJjaFRleHQQAhgEIAA","51.4613303","-0.21878620000000001","4.9","52","OPERATIONAL","Wandsworth"
"ChIJw8qjyBEPdkgRjZstT-IUfi8","Putney Body & Brain Centre","Services & Experiences","Services & Experiences","Yoga studio","326 Upper Richmond Rd, London","SW15 6TL","SW15","Putney","London","+44 20 3072 2089","http://www.bodynbrain.co.uk/putney","","","","https://maps.google.com/?cid=3422195729071709069&g_mp=Cidnb29nbGUubWFwcy5wbGFjZXMudjEuUGxhY2VzLlNlYXJjaFRleHQQAhgEIAA","51.4625859","-0.2222845","5","17","OPERATIONAL","Wandsworth"
"ChIJAT5BqZ4PdkgRqSMQsbRzNhk","Putney Yoga Centre","Services & Experiences","Services & Experiences","Yoga studio","4, St George's Court, St Georges Court, 131 Putney Bridge Rd, London","SW15 2PA","SW15","Putney","London","+44 20 8704 5454","https://www.putneyyogacentre.co.uk/index.php","","","","https://maps.google.com/?cid=1816766719592506281&g_mp=Cidnb29nbGUubWFwcy5wbGFjZXMudjEuUGxhY2VzLlNlYXJjaFRleHQQAhgEIAA","51.4613531","-0.20432080000000002","5","3","OPERATIONAL","Wandsworth"
"ChIJa_bVjA4PdkgRcCup7sQHo_E","Sivananda Yoga Vedanta Centre","Services & Experiences","Services & Experiences","Yoga studio","51 Felsham Rd, London","SW15 1AZ","SW15","Putney","London","+44 20 8780 0160","https://sivanandalondon.org/","","","","https://maps.google.com/?cid=17411769126743518064&g_mp=Cidnb29nbGUubWFwcy5wbGFjZXMudjEuUGxhY2VzLlNlYXJjaFRleHQQAhgEIAA","51.4655546","-0.21824870000000002","4.3","52","OPERATIONAL","Wandsworth"
"ChIJRXWQqDsPdkgRivkPAo3ZlbA","The Fitness Exchange (Putney)","Services & Experiences","Services & Experiences","Gym","Putney Exchange 1st Floor, Unit B, London","SW15 1TW","SW15","Putney","London","+44 20 8103 5299","https://fitnessexchange.co.uk/","","","","https://maps.google.com/?cid=12724315521853421962&g_mp=Cidnb29nbGUubWFwcy5wbGFjZXMudjEuUGxhY2VzLlNlYXJjaFRleHQQAhgEIAA","51.4632204","-0.2173106","4.8","42","OPERATIONAL","Wandsworth"
"ChIJVVUE-uEOdkgRIdyOYzlfxhA","Yoga Fusion","Services & Experiences","Services & Experiences","Gym","40 Sunnymead Rd, London","SW15 5HY","SW15","Putney","London","+44 7818 254107","http://yoganandyou.co.uk/contact-us/","","","","https://maps.google.com/?cid=1208758250083638305&g_mp=Cidnb29nbGUubWFwcy5wbGFjZXMudjEuUGxhY2VzLlNlYXJjaFRleHQQAhgEIAA","51.4566309","-0.23537899999999998","5","8","OPERATIONAL","Wandsworth"
"ChIJAQCQLhAPdkgRZRenpHdRclA","Yoga Mama Wellness","Services & Experiences","Services & Experiences","Yoga studio","266 Upper Richmond Rd, London","SW15 6TQ","SW15","Putney","London","+44 7939 589083","https://yogamamawellness.com/contact-us/","","","","https://maps.google.com/?cid=5796785244684621669&g_mp=Cidnb29nbGUubWFwcy5wbGFjZXMudjEuUGxhY2VzLlNlYXJjaFRleHQQAhgEIAA","51.4618062","-0.2204361","","","OPERATIONAL","Wandsworth"
"ChIJzR5afcUHdkgRIeu8u0-mc50","Anam Yoga","Services & Experiences","Services & Experiences","point_of_interest","89 Bickersteth Rd, London","SW17 9SH","SW17","Tooting","London","","https://www.instagram.com/anamyoga_?igsh=MWw0bWd6eGdpN3k1aA==&utm_source=qr","https://www.instagram.com/anamyoga_?igsh=MWw0bWd6eGdpN3k1aA==&utm_source=qr","","","https://maps.google.com/?cid=11345594747658758945&g_mp=Cidnb29nbGUubWFwcy5wbGFjZXMudjEuUGxhY2VzLlNlYXJjaFRleHQQAhgEIAA","51.4237696","-0.1637586","5","1","OPERATIONAL","Wandsworth"
"ChIJXxl6lKsFdkgRq553Qw4qg38","Flow Box Yoga","Services & Experiences","Services & Experiences","Yoga studio","The Bec, 81 Upper Tooting Rd, London","SW17 7PB","SW17","Tooting","London","+44 7846 765577","https://flowboxyoga.co.uk/","","","","https://maps.google.com/?cid=9188233905515765419&g_mp=Cidnb29nbGUubWFwcy5wbGFjZXMudjEuUGxhY2VzLlNlYXJjaFRleHQQAhgEIAA","51.433678199999996","-0.1627489","5","27","OPERATIONAL","Wandsworth"
"ChIJWV5H_MhayqIRBnLIQXP_6sQ","Jules-Yoga","Services & Experiences","Services & Experiences","point_of_interest","81-87 Upper Tooting Rd, London","SW17 7TW","SW17","Tooting","London","+44 7495 757520","https://www.jules-yoga.com/","","","","https://maps.google.com/?cid=14189434446474146310&g_mp=Cidnb29nbGUubWFwcy5wbGFjZXMudjEuUGxhY2VzLlNlYXJjaFRleHQQAhgEIAA","51.4338018","-0.1626232","5","31","OPERATIONAL","Wandsworth"
"ChIJg68rxGYFdkgRWZfMCa2Fwd4","MoreYoga Balham","Services & Experiences","Services & Experiences","Yoga studio","275 Balham High Rd, London","SW17 7BD","SW17","Tooting","London","+44 808 175 0238","https://www.moreyoga.co.uk/yoga-london/balham-studio?utm_medium=organic&utm_source=google_maps&utm_campaign=maps&utm_content=maps","","","","https://maps.google.com/?cid=16051257525165397849&g_mp=Cidnb29nbGUubWFwcy5wbGFjZXMudjEuUGxhY2VzLlNlYXJjaFRleHQQAhgEIAA","51.436606","-0.1578946","4.3","66","OPERATIONAL","Wandsworth"
"ChIJcdaBq_AFdkgRLtXMNbjJX8s","Ocean Flow Yoga","Services & Experiences","Services & Experiences","Yoga studio","The Bec, 81- 87 Upper Tooting Rd, London","SW17 7TW","SW17","Tooting","London","+44 7857 291021","https://instagram.com/oceanflow.yoga?igshid=OGQ5ZDc2ODk2ZA==","https://instagram.com/oceanflow.yoga?igshid=OGQ5ZDc2ODk2ZA==","","","https://maps.google.com/?cid=14654653505500665134&g_mp=Cidnb29nbGUubWFwcy5wbGFjZXMudjEuUGxhY2VzLlNlYXJjaFRleHQQAhgEIAA","51.4338018","-0.1626232","","","OPERATIONAL","Wandsworth"
"ChIJX1zMP4AFdkgRsJTMj72Lvzs","REVIVE YOGA & PILATES - Tooting Bec","Services & Experiences","Services & Experiences","Yoga studio","Belvoir Property Management, 249 Balham High Rd, London","SW17 7BE","SW17","Tooting","London","+44 20 3638 1622","http://reviveyogalondon.com/","","","","https://maps.google.com/?cid=4305313415067112624&g_mp=Cidnb29nbGUubWFwcy5wbGFjZXMudjEuUGxhY2VzLlNlYXJjaFRleHQQAhgEIAA","51.4372209","-0.15704089999999998","5","41","OPERATIONAL","Wandsworth"
"ChIJ15QzDCsFdkgR6w5JRnRaygU","Satuflow Yoga","Services & Experiences","Services & Experiences","point_of_interest","81 Upper Tooting Rd, London","SW17 7TW","SW17","Tooting","London","+44 7539 486659","https://momence.com/u/satuflow-avHGxE","","","","https://maps.google.com/?cid=417245370927091435&g_mp=Cidnb29nbGUubWFwcy5wbGFjZXMudjEuUGxhY2VzLlNlYXJjaFRleHQQAhgEIAA","51.433678199999996","-0.1627489","5","3","OPERATIONAL","Wandsworth"
"ChIJ1Rr64AsGdkgRMwn-mpRGVLU","The Radiant Hand","Services & Experiences","Services & Experiences","Yoga studio","92B Tooting High St, London","SW17 0RR","SW17","Tooting","London","+44 20 7118 8682","http://www.theradianthand.co.uk/","","","","https://maps.google.com/?cid=13066146022978095411&g_mp=Cidnb29nbGUubWFwcy5wbGFjZXMudjEuUGxhY2VzLlNlYXJjaFRleHQQAhgEIAA","51.4268065","-0.1697208","5","15","OPERATIONAL","Wandsworth"
"ChIJe-2SiaMFdkgRum6mj1ZfK_Q","The treatment rooms and studio","Services & Experiences","Services & Experiences","Yoga studio","26 Tooting Bec Rd, London","SW17 8BD","SW17","Tooting","London","+44 20 8772 9516","https://treatment-rooms.com/","","","","https://maps.google.com/?cid=17594261194634849978&g_mp=Cidnb29nbGUubWFwcy5wbGFjZXMudjEuUGxhY2VzLlNlYXJjaFRleHQQAhgEIAA","51.43517920000001","-0.1579118","4.5","27","OPERATIONAL","Wandsworth"
"ChIJ1UCq15MHdkgRGSu2rGZQV3Y","True Revolution Yoga","Services & Experiences","Services & Experiences","point_of_interest","5 Stella Rd, London","SW17 9HG","SW17","Tooting","London","+44 7733 838561","http://truerevolutionyoga.com/","","","","https://maps.google.com/?cid=8527372821363829529&g_mp=Cidnb29nbGUubWFwcy5wbGFjZXMudjEuUGxhY2VzLlNlYXJjaFRleHQQAhgEIAA","51.422289899999996","-0.1611381","5","14","OPERATIONAL","Wandsworth"
"ChIJF7wao2UFdkgRbc3Gyq_fuhI","CAYC, Joyful Wellness in Earlsfield - Yoga, Pilates, Barre + Events","Services & Experiences","Services & Experiences","Yoga studio","The Sawmills, Flock Mill Pl, London","SW18 4QJ","SW18","Wandsworth / Earlsfield","London","","https://cayclondon.com/","","","","https://maps.google.com/?cid=1349636984465182061&g_mp=Cidnb29nbGUubWFwcy5wbGFjZXMudjEuUGxhY2VzLlNlYXJjaFRleHQQAhgEIAA","51.4433114","-0.1921996","5","264","OPERATIONAL","Wandsworth"
"ChIJ_5Ns2xkFdkgRSOEabqxOlkw","Chakra Mama Healing - Reiki, Sound Healing, Gong Bath, Kundalini & Hatha Yoga, Chakra Balance, Fertility, EFT","Services & Experiences","Services & Experiences","Yoga studio","Serenity Space, The Edge Apartments, 205 Merton Rd, London","SW18 5EE","SW18","Wandsworth / Earlsfield","London","+44 7500 451376","https://www.chakramamahealing.com/?utm_source=google&utm_medium=wix_google_business_profile&utm_campaign=3334536113001484296","","","","https://maps.google.com/?cid=5518684895877718344&g_mp=Cidnb29nbGUubWFwcy5wbGFjZXMudjEuUGxhY2VzLlNlYXJjaFRleHQQAhgEIAA","51.4496167","-0.199587","5","94","OPERATIONAL","Wandsworth"
"ChIJ-41gI2MPdkgRMOX9nBwh8jk","Flow Like Water","Services & Experiences","Services & Experiences","point_of_interest","75 Cromford Rd, London","SW18 1PA","SW18","Wandsworth / Earlsfield","London","+44 7566 262144","https://flowlikewater.co.uk/","","","","https://maps.google.com/?cid=4175436211302556976&g_mp=Cidnb29nbGUubWFwcy5wbGFjZXMudjEuUGxhY2VzLlNlYXJjaFRleHQQAhgEIAA","51.459387","-0.2023318","4.9","88","OPERATIONAL","Wandsworth"
"ChIJTzJY5-QFdkgR5ze-Txar4ow","Ikshana-wellbeing","Services & Experiences","Services & Experiences","Yoga studio","96 North Side Wandsworth Common, London","SW18 2QU","SW18","Wandsworth / Earlsfield","London","+44 7767 474630","https://ikshana-wellbeing.org/","","","","https://maps.google.com/?cid=10151864622362015719&g_mp=Cidnb29nbGUubWFwcy5wbGFjZXMudjEuUGxhY2VzLlNlYXJjaFRleHQQAhgEIAA","51.4584943","-0.18296620000000002","5","7","OPERATIONAL","Wandsworth"
"ChIJRaTaKR4PdkgReTFPNOzU0L4","MoreYoga Wandsworth","Services & Experiences","Services & Experiences","Yoga studio","Ram Quarter, 7 Chivers Psge, London","SW18 1UP","SW18","Wandsworth / Earlsfield","London","+44 808 175 0238","https://www.moreyoga.co.uk/yoga-london/wandsworth-studio?utm_medium=organic&utm_source=google_maps&utm_campaign=maps&utm_content=maps","","","","https://maps.google.com/?cid=13749723773317099897&g_mp=Cidnb29nbGUubWFwcy5wbGFjZXMudjEuUGxhY2VzLlNlYXJjaFRleHQQAhgEIAA","51.458512199999994","-0.19274360000000001","4.4","58","OPERATIONAL","Wandsworth"
"ChIJeTiAGPOp2EcRtuSc0_bzyWc","Sangha Studios","Services & Experiences","Services & Experiences","Wellness center","New Acres, 5a Pilot Walk, London","SW18 1FN","SW18","Wandsworth / Earlsfield","London","","https://www.sanghastudioslondon.com/","","","","https://maps.google.com/?cid=7478776897663198390&g_mp=Cidnb29nbGUubWFwcy5wbGFjZXMudjEuUGxhY2VzLlNlYXJjaFRleHQQAhgEIAA","51.461207099999996","-0.19139209999999998","5","19","OPERATIONAL","Wandsworth"
"ChIJP-Qz1EIPdkgRSP5j6us4WUg","Serenity Space","Services & Experiences","Services & Experiences","Yoga studio","The Edge Apartments, 205 Merton Rd, London","SW18 5EE","SW18","Wandsworth / Earlsfield","London","+44 20 8874 4500","https://www.serenityspace.uk/","","","","https://maps.google.com/?cid=5213260629558951496&g_mp=Cidnb29nbGUubWFwcy5wbGFjZXMudjEuUGxhY2VzLlNlYXJjaFRleHQQAhgEIAA","51.449696","-0.199564","4.8","102","OPERATIONAL","Wandsworth"
"ChIJSzWD91wFdkgRzuX4zRm9TJA","SOMA Yoga Wandsworth","Services & Experiences","Services & Experiences","Yoga studio","inside the bbodance studio, Ensign House, Jasmine House, Battersea Reach, Clove Hitch Quay, London","SW18 1TA","SW18","Wandsworth / Earlsfield","London","+44 7425 770368","http://www.wandsworthyoga.com/","","","","https://maps.google.com/?cid=10397893558219105742&g_mp=Cidnb29nbGUubWFwcy5wbGFjZXMudjEuUGxhY2VzLlNlYXJjaFRleHQQAhgEIAA","51.4652072","-0.1837184","5","164","OPERATIONAL","Wandsworth"
"ChIJi5I7RTwFdkgRQ8Rrbz9rZL4","Take-A-Paws Yoga","Services & Experiences","Services & Experiences","Yoga studio","96 North Side Wandsworth Common, London","SW18 2QU","SW18","Wandsworth / Earlsfield","London","","http://www.take-a-paws.co.uk/","","","","https://maps.google.com/?cid=13719208285073818691&g_mp=Cidnb29nbGUubWFwcy5wbGFjZXMudjEuUGxhY2VzLlNlYXJjaFRleHQQAhgEIAA","51.4580171","-0.18198979999999998","5","101","OPERATIONAL","Wandsworth"
"ChIJc6D9UEQPdkgRbiEDWkxmefs","Treehouse Yoga Studio","Services & Experiences","Services & Experiences","Yoga studio","Engadine St, London","SW18 5BH","SW18","Wandsworth / Earlsfield","London","+44 7900 070888","http://treehouseyoga.co.uk/","","","","https://maps.google.com/?cid=18120627053815603566&g_mp=Cidnb29nbGUubWFwcy5wbGFjZXMudjEuUGxhY2VzLlNlYXJjaFRleHQQAhgEIAA","51.4443917","-0.2029019","5","10","OPERATIONAL","Wandsworth"
"ChIJIRseLQAFdkgRAKl1q3pQLoU","Unfurl Studios Earlsfield- Pilates, Yoga, Barre, Dance and Meditation","Services & Experiences","Services & Experiences","Gym","531 Garratt Ln, London","SW18 4SR","SW18","Wandsworth / Earlsfield","London","","http://www.unfurlstudios.co.uk/","","","","https://maps.google.com/?cid=9596696343765952768&g_mp=Cidnb29nbGUubWFwcy5wbGFjZXMudjEuUGxhY2VzLlNlYXJjaFRleHQQAhgEIAA","51.4414807","-0.18717000000000003","4.9","27","OPERATIONAL","Wandsworth"
"ChIJCUL0VR4JdkgRUBXlfS5v0Jc","Annette Wiik Yoga","Services & Experiences","Services & Experiences","point_of_interest","24a/b, High Street Wimbledon, London","SW19 5DX","SW19","Wimbledon / Southfields edge","London","+44 7789 175481","http://annettewiikyoga.com/","","","","https://maps.google.com/?cid=10939365740354278736&g_mp=Cidnb29nbGUubWFwcy5wbGFjZXMudjEuUGxhY2VzLlNlYXJjaFRleHQQAhgEIAA","51.4251381","-0.21757749999999998","5","14","OPERATIONAL","Wandsworth"
"ChIJMWG2ifMJdkgRmGs0Zf9JMlI","Bel's Yoga Yard","Services & Experiences","Services & Experiences","Yoga studio","184B Kingston Rd, London","SW19 3NU","SW19","Wimbledon / Southfields edge","London","+44 7951 578676","https://www.belsyogayard.com/","","","","https://maps.google.com/?cid=5922877821209045912&g_mp=Cidnb29nbGUubWFwcy5wbGFjZXMudjEuUGxhY2VzLlNlYXJjaFRleHQQAhgEIAA","51.4120596","-0.20667359999999999","5","17","OPERATIONAL","Wandsworth"
"ChIJDQV6QvQHdkgRG3yp-n_rtLM","Chandra Yoga Wimbledon","Services & Experiences","Services & Experiences","Yoga studio","2A The Show House, Merton, Watermill Wy, London","SW19 2RD","SW19","Wimbledon / Southfields edge","London","+44 7879 398976","https://www.chandrayogawimbledon.com/","","","","https://maps.google.com/?cid=12949233763495803931&g_mp=Cidnb29nbGUubWFwcy5wbGFjZXMudjEuUGxhY2VzLlNlYXJjaFRleHQQAhgEIAA","51.4136549","-0.18336529999999998","5","59","OPERATIONAL","Wandsworth"
"ChIJlV-xZs8IdkgRjX2jldzUqUI","Good Life Yoga","Services & Experiences","Services & Experiences","Yoga studio","Belgrave Hall, Denmark Rd, London","SW19 4PG","SW19","Wimbledon / Southfields edge","London","+44 7943 602607","http://goodlifeyoga.co.uk/","","","","https://maps.google.com/?cid=4803604521435757965&g_mp=Cidnb29nbGUubWFwcy5wbGFjZXMudjEuUGxhY2VzLlNlYXJjaFRleHQQAhgEIAA","51.4211093","-0.2193552","5","18","OPERATIONAL","Wandsworth"
"ChIJud-ARdoJdkgR5F_OhWLlzlY","GoodGood Studio - Pilates, Yoga, Strength","Services & Experiences","Services & Experiences","Gym","2b Worple Rd Mews, London","SW19 4DB","SW19","Wimbledon / Southfields edge","London","+44 7446 979510","https://goodgoodstudio.co.uk/","","","","https://maps.google.com/?cid=6255189143778648036&g_mp=Cidnb29nbGUubWFwcy5wbGFjZXMudjEuUGxhY2VzLlNlYXJjaFRleHQQAhgEIAA","51.421879999999994","-0.2090542","5","88","OPERATIONAL","Wandsworth"
"ChIJ_ayYBE0JdkgR2ULC26JuM4k","Harmony & Balance - Pranayama Breathwork and Sound Healing Therapy","Services & Experiences","Services & Experiences","Yoga studio","40, 44 The Broadway, London","SW19 1RQ","SW19","Wimbledon / Southfields edge","London","+44 7517 824917","https://www.harmonybytundie.com/","","","","https://maps.google.com/?cid=9886367252759069401&g_mp=Cidnb29nbGUubWFwcy5wbGFjZXMudjEuUGxhY2VzLlNlYXJjaFRleHQQAhgEIAA","51.4199987","-0.20351000000000002","5","3","OPERATIONAL","Wandsworth"
"ChIJz8gVb_8JdkgRxwHIZJS9wCA","Hotpod Yoga South Wimbledon","Services & Experiences","Services & Experiences","Yoga studio","Madison Heights, 8 Morden Rd, London","SW19 3BH","SW19","Wimbledon / Southfields edge","London","+44 20 8542 3063","https://hotpodyoga.com/studios/south-wimbledon/","","","","https://maps.google.com/?cid=2360094649785778631&g_mp=Cidnb29nbGUubWFwcy5wbGFjZXMudjEuUGxhY2VzLlNlYXJjaFRleHQQAhgEIAA","51.4152035","-0.192714","4.9","167","OPERATIONAL","Wandsworth"
"ChIJXyhqaLcIdkgRMtwDTmk0FZw","Jiva Health","Services & Experiences","Services & Experiences","Yoga studio","19A Wimbledon Bridge, London","SW19 7NH","SW19","Wimbledon / Southfields edge","London","+44 20 8946 9721","http://www.jivahealth.co.uk/","","","","https://maps.google.com/?cid=11246953271312768050&g_mp=Cidnb29nbGUubWFwcy5wbGFjZXMudjEuUGxhY2VzLlNlYXJjaFRleHQQAhgEIAA","51.4210102","-0.2066036","3.8","19","OPERATIONAL","Wandsworth"
"ChIJNyuOMk4PdkgRSU077AuuwYA","Laila Bhunnoo","Services & Experiences","Services & Experiences","Health","23 Alverstone Ave, London","SW19 8BD","SW19","Wimbledon / Southfields edge","London","+44 7939 265301","https://www.lailabhunnoo.co.uk/","","","","https://maps.google.com/?cid=9277888073591115081&g_mp=Cidnb29nbGUubWFwcy5wbGFjZXMudjEuUGxhY2VzLlNlYXJjaFRleHQQAhgEIAA","51.438486499999996","-0.2001835","5","41","OPERATIONAL","Wandsworth"
"ChIJ-84fgacIdkgRZoHithb5ttU","LaurenYoga","Services & Experiences","Services & Experiences","Yoga studio","122-124 Kingston Rd, London","SW19 1LY","SW19","Wimbledon / Southfields edge","London","+44 7957 121923","http://www.laurenyoga.com/","","","","https://maps.google.com/?cid=15399769851792884070&g_mp=Cidnb29nbGUubWFwcy5wbGFjZXMudjEuUGxhY2VzLlNlYXJjaFRleHQQAhgEIAA","51.4148187","-0.19961969999999998","5","2","OPERATIONAL","Wandsworth"
"ChIJBZ8pPR0GdkgRxkOMCMbDSf8","OM YOGA","Services & Experiences","Services & Experiences","Yoga studio","All Saints Centre, 44 All Saints Rd, London","SW19 1BX","SW19","Wimbledon / Southfields edge","London","+44 7543 205665","","","","","https://maps.google.com/?cid=18395449408285852614&g_mp=Cidnb29nbGUubWFwcy5wbGFjZXMudjEuUGxhY2VzLlNlYXJjaFRleHQQAhgEIAA","51.419216399999996","-0.18537510000000001","5","4","OPERATIONAL","Wandsworth"
"ChIJs0p-P2YPdkgR06mF7b3CAes","Puppy Yoga Club London","Services & Experiences","Services & Experiences","Yoga studio","12-14 Hartfield Rd, London","SW19 3TA","SW19","Wimbledon / Southfields edge","London","+44 7351 146621","https://www.puppyyoga.club/","","","","https://maps.google.com/?cid=16934030194879343059&g_mp=Cidnb29nbGUubWFwcy5wbGFjZXMudjEuUGxhY2VzLlNlYXJjaFRleHQQAhgEIAA","51.4201651","-0.2060178","5","109","OPERATIONAL","Wandsworth"
"ChIJyUNHgM0IdkgRioCVvL7SBCU","South West London Yoga","Services & Experiences","Services & Experiences","point_of_interest","London","SW19 5NA","SW19","Wimbledon / Southfields edge","London","+44 7977 298648","http://www.southwestlondonyoga.co.uk/","","","","https://maps.google.com/?cid=2667488595959709834&g_mp=Cidnb29nbGUubWFwcy5wbGFjZXMudjEuUGxhY2VzLlNlYXJjaFRleHQQAhgEIAA","51.428295","-0.22209679999999998","5","7","OPERATIONAL","Wandsworth"
"ChIJj1pYreoJdkgRsIdXDSXZFxI","Yoga In A Yurt","Services & Experiences","Services & Experiences","Yoga studio","11 Strathearn Rd, London","SW19 7LH","SW19","Wimbledon / Southfields edge","London","+44 7843 709856","","","","","https://maps.google.com/?cid=1303749370307905456&g_mp=Cidnb29nbGUubWFwcy5wbGFjZXMudjEuUGxhY2VzLlNlYXJjaFRleHQQAhgEIAA","51.429041999999995","-0.19873739999999998","5","6","OPERATIONAL","Wandsworth"
"ChIJRdNtLVIJdkgR6zgIAyHSuAk","Yoga with Mariella, pregnancy and postpartum instructor","Services & Experiences","Services & Experiences","point_of_interest","Worple Rd, London","SW19 4JB","SW19","Wimbledon / Southfields edge","London","","https://www.yogawithmariella.com/","","","","https://maps.google.com/?cid=700540781282736363&g_mp=Cidnb29nbGUubWFwcy5wbGFjZXMudjEuUGxhY2VzLlNlYXJjaFRleHQQAhgEIAA","51.4159878","-0.2179517","5","24","OPERATIONAL","Wandsworth"
"ChIJKxvuJ8kFdkgRmGm59PpAKGk","Cyclopolis - Bicycle Shop and Workshop","Sports & Outdoor","Sports & Outdoor","Services","Marmion House, 54 Balham High Rd, London","SW12 9AQ","SW12","Balham","London","+44 20 8673 7153","http://www.cyclopolis.co.uk/","","","","https://maps.google.com/?cid=7577377819642653080&g_mp=Cidnb29nbGUubWFwcy5wbGFjZXMudjEuUGxhY2VzLlNlYXJjaFRleHQQAhgEIAA","51.447024899999995","-0.14956419999999998","4.4","81","OPERATIONAL","Wandsworth"
"ChIJu5FuO8kFdkgR2Gj6OKsT2iI","Psubliminal","Sports & Outdoor","Sports & Outdoor","Bicycle store","17 Balham High Rd, London","SW12 9AJ","SW12","Balham","London","+44 20 8772 0707","http://www.psubliminal.com/","","","","https://maps.google.com/?cid=2511341368328743128&g_mp=Cidnb29nbGUubWFwcy5wbGFjZXMudjEuUGxhY2VzLlNlYXJjaFRleHQQAhgEIAA","51.4476513","-0.1485245","4.6","164","OPERATIONAL","Wandsworth"
"ChIJD7rVajYFdkgR3Wn0bBDnn40","Adidas","Sports & Outdoor","Sports & Outdoor","Sportswear store","Unit 60, The Power Station, Circus Rd S, London","SW11 8BU","SW11","Battersea","London","","https://go.adidas.com/ihha/11c0ab86","","","","https://maps.google.com/?cid=10205129338378283485&g_mp=Cidnb29nbGUubWFwcy5wbGFjZXMudjEuUGxhY2VzLlNlYXJjaFRleHQQAhgEIAA","51.481823","-0.1443983","4","72","OPERATIONAL","Wandsworth"
"ChIJYUsKkFUPdkgR8MVbv97JP8M","AJ Sports Clapham","Sports & Outdoor","Sports & Outdoor","Sporting goods store","61 Broomwood Rd, London","SW11 6HU","SW11","Battersea","London","+44 20 7228 4145","https://ajsports.co.uk/","","","","https://maps.google.com/?cid=14069185719459104240&g_mp=Cidnb29nbGUubWFwcy5wbGFjZXMudjEuUGxhY2VzLlNlYXJjaFRleHQQAhgEIAA","51.453444399999995","-0.1634632","4.8","227","OPERATIONAL","Wandsworth"
"ChIJ0Ysvln8FdkgRfggX_ix7Tfc","Dino Gear","Sports & Outdoor","Sports & Outdoor","Sporting goods store","Clapham Junction, Unit 1, The Arches, London","SW11 2NU","SW11","Battersea","London","+44 7780 285264","https://www.dinogear.co.uk/?utm_source=google&utm_medium=wix_google_business_profile&utm_campaign=17721932201386858813","","","","https://maps.google.com/?cid=17820034733746620542&g_mp=Cidnb29nbGUubWFwcy5wbGFjZXMudjEuUGxhY2VzLlNlYXJjaFRleHQQAhgEIAA","51.4650689","-0.17152499999999998","5","52","OPERATIONAL","Wandsworth"
"ChIJa83E1zMFdkgRakBiGf8W3kk","lululemon","Sports & Outdoor","Sports & Outdoor","Sportswear store","Ground Floor, The Power Station, 215 Circus Rd S, Upper","SW11 8BZ","SW11","Battersea","Upper","+44 20 3005 2510","https://www.lululemon.co.uk/en-gb/stores?storeId=60202&utm_source=organic&utm_medium=local_listings&utm_campaign=GBP","","","","https://maps.google.com/?cid=5322717094496845930&g_mp=Cidnb29nbGUubWFwcy5wbGFjZXMudjEuUGxhY2VzLlNlYXJjaFRleHQQAhgEIAA","51.482142499999995","-0.1446317","4.2","56","OPERATIONAL","Wandsworth"
"ChIJk0EBy1wFdkgRDldXDoS5070","Nike Well Collective - Battersea","Sports & Outdoor","Sports & Outdoor","Sporting goods store","Unit G-022A, 12, The Power Station, Circus Rd S, London","SW11 8BU","SW11","Battersea","London","+44 20 3834 8782","http://www.nike.com/?y_source=1_NTYwMjY2NjktNzE1LWxvY2F0aW9uLndlYnNpdGU%3D","","","","https://maps.google.com/?cid=13678480470081754894&g_mp=Cidnb29nbGUubWFwcy5wbGFjZXMudjEuUGxhY2VzLlNlYXJjaFRleHQQAhgEIAA","51.482020299999995","-0.1444907","4.1","99","OPERATIONAL","Wandsworth"
"ChIJY6kZJfwFdkgRze3br8y8fzo","On Store London Battersea","Sports & Outdoor","Sports & Outdoor","Sportswear store","Fl G, The Power Station, Circus Rd W, London","SW11 8BU","SW11","Battersea","London","+44 20 4593 6859","https://www.on.com/en-gb/explore/stores/london-battersea","","","","https://maps.google.com/?cid=4215295363551849933&g_mp=Cidnb29nbGUubWFwcy5wbGFjZXMudjEuUGxhY2VzLlNlYXJjaFRleHQQAhgEIAA","51.481397099999995","-0.1443023","4.6","51","OPERATIONAL","Wandsworth"
"ChIJ-ZeWCpcFdkgRChTdySyZpbw","Runners Need Clapham","Sports & Outdoor","Sports & Outdoor","Sporting goods store","85 St John's Rd, London","SW11 1QY","SW11","Battersea","London","+44 20 3780 2054","https://www.runnersneed.com/stores/london-clapham-junction.html?utm_source=ExtNet&utm_medium=BrightLocal","","","","https://maps.google.com/?cid=13593439467932029962&g_mp=Cidnb29nbGUubWFwcy5wbGFjZXMudjEuUGxhY2VzLlNlYXJjaFRleHQQAhgEIAA","51.4611352","-0.1669148","4.6","367","OPERATIONAL","Wandsworth"
"ChIJFdPEcJsfv4QROVtjOLvEjL4","Salomon Store","Sports & Outdoor","Sports & Outdoor","Shoe store","The Power Station, 51 Power Station, Groundfloor","SW11 8BU","SW11","Battersea","Groundfloor","","https://www.salomon.com/en-gb","","","","https://maps.google.com/?cid=13730565672329763641&g_mp=Cidnb29nbGUubWFwcy5wbGFjZXMudjEuUGxhY2VzLlNlYXJjaFRleHQQAhgEIAA","51.4815988","-0.1440646","3.6","24","OPERATIONAL","Wandsworth"
"ChIJS4fKlJUFdkgR3FZ9mNh7ypE","Sweaty Betty","Sports & Outdoor","Sports & Outdoor","Sportswear store","66 Northcote Rd, London","SW11 6QL","SW11","Battersea","London","+44 20 7223 9500","https://www.sweatybetty.com/shop-details/battersea-104","","","","https://maps.google.com/?cid=10505345250996606684&g_mp=Cidnb29nbGUubWFwcy5wbGFjZXMudjEuUGxhY2VzLlNlYXJjaFRleHQQAhgEIAA","51.458429599999995","-0.16627889999999998","3.6","34","OPERATIONAL","Wandsworth"
"ChIJSwl0d54FdkgRVcWrSGZersk","The Electric Bike Shop Battersea","Sports & Outdoor","Sports & Outdoor|Tech & Gadgets","Bicycle store","324 Battersea Park Rd, London","SW11 3BX","SW11","Battersea","London","+44 20 7738 9469","https://www.theelectricbikeshop.co.uk/","","","","https://maps.google.com/?cid=14532656840970061141&g_mp=Cidnb29nbGUubWFwcy5wbGFjZXMudjEuUGxhY2VzLlNlYXJjaFRleHQQAhgEIAA","51.470935999999995","-0.1699075","4.7","476","OPERATIONAL","Wandsworth"
"ChIJQbZzhaQFdkgRmcc7zTOBgCs","The North Face London Battersea","Sports & Outdoor","Sports & Outdoor","Clothing store","Battersea Power Station, The Power Station, 44 Electric Blvd, London","SW11 8BJ","SW11","Battersea","London","+44 20 7720 1703","https://www.thenorthface.com/","","","","https://maps.google.com/?cid=3134647400136427417&g_mp=Cidnb29nbGUubWFwcy5wbGFjZXMudjEuUGxhY2VzLlNlYXJjaFRleHQQAhgEIAA","51.481583699999995","-0.14427700000000002","4.1","44","OPERATIONAL","Wandsworth"
"ChIJW9C3xCAFdkgRtRDIKDSsaSQ","ZOOM Stringing - Mobile Racket Restringing","Sports & Outdoor","Sports & Outdoor","Sporting goods store","Parking lot, Carriage Dr E, London","SW11 4NJ","SW11","Battersea","London","+44 7813 362863","https://zoomstringing.com/","","","","https://maps.google.com/?cid=2623817597942501557&g_mp=Cidnb29nbGUubWFwcy5wbGFjZXMudjEuUGxhY2VzLlNlYXJjaFRleHQQAhgEIAA","51.482709899999996","-0.1538195","5","23","OPERATIONAL","Wandsworth"
"ChIJ9YXlhXIPdkgRL-YlzZneSxw","Crewroom","Sports & Outdoor","Sports & Outdoor","Sporting goods store","125 Lower Richmond Rd., London","SW15 1EX","SW15","Putney","London","+44 20 8877 3888","http://www.crewroom.co.uk/","","","","https://maps.google.com/?cid=2038968008468457007&g_mp=Cidnb29nbGUubWFwcy5wbGFjZXMudjEuUGxhY2VzLlNlYXJjaFRleHQQAhgEIAA","51.467745099999995","-0.222018","4","47","OPERATIONAL","Wandsworth"
"ChIJ8zYNC5QPdkgR4PtPWzE0vaI","Healthy Principles","Sports & Outdoor","Sports & Outdoor","Sporting goods store","16, Exeter House, Putney Heath, London","SW15 3SU","SW15","Putney","London","+44 7561 417107","https://healthyprinciples.co.uk/","","","","https://maps.google.com/?cid=11726586391332649952&g_mp=Cidnb29nbGUubWFwcy5wbGFjZXMudjEuUGxhY2VzLlNlYXJjaFRleHQQAhgEIAA","51.4535007","-0.22946549999999996","","","OPERATIONAL","Wandsworth"
"ChIJ9S9_l38PdkgREmCNZhRSoDY","MatPlay Tphoenix","Sports & Outdoor","Sports & Outdoor","Sportswear store","10 Carmalt Gardens, London","SW15 6NE","SW15","Putney","London","+44 7927 794773","","","","","https://maps.google.com/?cid=3936236321895178258&g_mp=Cidnb29nbGUubWFwcy5wbGFjZXMudjEuUGxhY2VzLlNlYXJjaFRleHQQAhgEIAA","51.462050399999995","-0.22367679999999998","","","OPERATIONAL","Wandsworth"
"ChIJL68o2eQPdkgRMmoBo_kQ3cY","Putney Tennis Shop","Sports & Outdoor","Sports & Outdoor","Sporting goods store","82 Hazlewell Rd, London","SW15 6UR","SW15","Putney","London","+44 7383 241780","https://www.putneytennisshop.com/","","","","https://maps.google.com/?cid=14329628253730466354&g_mp=Cidnb29nbGUubWFwcy5wbGFjZXMudjEuUGxhY2VzLlNlYXJjaFRleHQQAhgEIAA","51.4592685","-0.23103289999999999","5","93","OPERATIONAL","Wandsworth"
"ChIJra2Vc_4PdkgREQW_p-Y8GSY","Roehampton Club Sports Shop","Sports & Outdoor","Sports & Outdoor","Sportswear store","Roehampton Ln, London","SW15 5LR","SW15","Putney","London","","http://forefrontgolf.co.uk/","","","","https://maps.google.com/?cid=2745292409213486353&g_mp=Cidnb29nbGUubWFwcy5wbGFjZXMudjEuUGxhY2VzLlNlYXJjaFRleHQQAhgEIAA","51.463050499999994","-0.24632","5","1","OPERATIONAL","Wandsworth"
"ChIJPbAxsa8cdkgRlMaFKbnKpxs","Velosport","Sports & Outdoor","Sports & Outdoor","Bicycle store","252 Upper Richmond Rd, London","SW15 6TQ","SW15","Putney","London","+44 20 8780 1978","http://www.velosport.co.uk/","","","","https://maps.google.com/?cid=1992784256749127316&g_mp=Cidnb29nbGUubWFwcy5wbGFjZXMudjEuUGxhY2VzLlNlYXJjaFRleHQQAhgEIAA","51.461551199999995","-0.2196416","4.5","311","OPERATIONAL","Wandsworth"
"ChIJj98qesAHdkgRb3PqbBf9r7g","AFC Wimbledon Club Shop","Sports & Outdoor","Sports & Outdoor","Sporting goods store","Plough Lane Stadium, Plough Ln, London","SW17 0NR","SW17","Tooting","London","+44 20 8974 5713","https://shopping.afcwimbledon.co.uk/","","","","https://maps.google.com/?cid=13308133700956484463&g_mp=Cidnb29nbGUubWFwcy5wbGFjZXMudjEuUGxhY2VzLlNlYXJjaFRleHQQAhgEIAA","51.4305503","-0.18663549999999998","4.7","61","OPERATIONAL","Wandsworth"
"ChIJOU0FP6MIdkgR7nd3OIsHRD0","Cricket Dynamics","Sports & Outdoor","Sports & Outdoor","Sporting goods store","Battersea Ironsides Cricket Club, Battersea Ironsides Sports & Social Club, Burntwood Ln, London","SW17 0AW","SW17","Tooting","London","+44 7946 559572","https://cricketdynamics.co.uk/","","","","https://maps.google.com/?cid=4414661829259130862&g_mp=Cidnb29nbGUubWFwcy5wbGFjZXMudjEuUGxhY2VzLlNlYXJjaFRleHQQAhgEIAA","51.439646499999995","-0.1781418","4.6","11","OPERATIONAL","Wandsworth"
"ChIJL5vi7wIFdkgREyqF_8WdSNA","HAROLDHOARDER","Sports & Outdoor","Sports & Outdoor","Sportswear store","C37, Du Cane Court, London","SW17 7JF","SW17","Tooting","London","+44 7411 461255","https://haroldhoarder.com/","","","","https://maps.google.com/?cid=15008419231933213203&g_mp=Cidnb29nbGUubWFwcy5wbGFjZXMudjEuUGxhY2VzLlNlYXJjaFRleHQQAhgEIAA","51.441483399999996","-0.1557779","","","OPERATIONAL","Wandsworth"
"ChIJw4WBz90HdkgRy0VBklgfWlk","Prime Sports","Sports & Outdoor","Sports & Outdoor","Sportswear store","11 Garratt Terrace, London","SW17 0QE","SW17","Tooting","London","","","","","","https://maps.google.com/?cid=6438493082550879691&g_mp=Cidnb29nbGUubWFwcy5wbGFjZXMudjEuUGxhY2VzLlNlYXJjaFRleHQQAhgEIAA","51.4279333","-0.16932899999999998","5","1","OPERATIONAL","Wandsworth"
"ChIJlYGCxRUFdkgRmOARtGpa8oA","Earlsfield Tennis and Squash Stringing","Sports & Outdoor","Sports & Outdoor","Sporting goods store","14 Isis St, London","SW18 3QN","SW18","Wandsworth / Earlsfield","London","+44 7958 272724","","","","","https://maps.google.com/?cid=9291588395552858264&g_mp=Cidnb29nbGUubWFwcy5wbGFjZXMudjEuUGxhY2VzLlNlYXJjaFRleHQQAhgEIAA","51.4398298","-0.1846436","5","20","OPERATIONAL","Wandsworth"
"ChIJ98dvMeUPdkgR2Xf5NOPmyy8","All Things Tennis - Padel","Sports & Outdoor","Sports & Outdoor","Sporting goods store","260 Wimbledon Park Rd, London","SW19 6NW","SW19","Wimbledon / Southfields edge","London","+44 1926 897498","https://www.allthingspadel.co.uk/","","","","https://maps.google.com/?cid=3444100203575605209&g_mp=Cidnb29nbGUubWFwcy5wbGFjZXMudjEuUGxhY2VzLlNlYXJjaFRleHQQAhgEIAA","51.444424399999996","-0.2071141","4.6","9","OPERATIONAL","Wandsworth"
"ChIJoYV39EYPdkgR9J0v7j_kuuk","All Things Tennis - Wimbledon","Sports & Outdoor","Sports & Outdoor","Sporting goods store","260 Wimbledon Park Rd, London","SW19 6NW","SW19","Wimbledon / Southfields edge","London","+44 20 3336 0510","https://allthingstennis.co.uk/pages/wimbledon-shop-page","","","","https://maps.google.com/?cid=16842024719735561716&g_mp=Cidnb29nbGUubWFwcy5wbGFjZXMudjEuUGxhY2VzLlNlYXJjaFRleHQQAhgEIAA","51.444425599999995","-0.207098","4.5","61","OPERATIONAL","Wandsworth"
"ChIJi2SQwFoJdkgRmaWoi8_6UG4","Cricket Dynamics Wimbledon","Sports & Outdoor","Sports & Outdoor","Sporting goods store","Rutlish School, Mostyn Rd, London","SW19 3LH","SW19","Wimbledon / Southfields edge","London","+44 7946 559572","http://www.cricketdynamics.co.uk/","","","","https://maps.google.com/?cid=7949129111617185177&g_mp=Cidnb29nbGUubWFwcy5wbGFjZXMudjEuUGxhY2VzLlNlYXJjaFRleHQQAhgEIAA","51.4077072","-0.205082","","","OPERATIONAL","Wandsworth"
"ChIJwxyvZ7oIdkgR4iZq9Gf_va0","Evans Cycles","Sports & Outdoor","Sports & Outdoor","Bicycle store","6, 12 Gladstone Rd, London","SW19 1QT","SW19","Wimbledon / Southfields edge","London","+44 343 909 2125","https://www.evanscycles.com/wimbledon-ev-store-2125","","","","https://maps.google.com/?cid=12519443361107158754&g_mp=Cidnb29nbGUubWFwcy5wbGFjZXMudjEuUGxhY2VzLlNlYXJjaFRleHQQAhgEIAA","51.4190332","-0.2025543","3.5","514","OPERATIONAL","Wandsworth"
"ChIJ5V43GcPtbkgRvqD25N2_PAs","Racketcentre","Sports & Outdoor","Sports & Outdoor","Sportswear store","260 Wimbledon Park Rd, London","SW19 6NL","SW19","Wimbledon / Southfields edge","London","+44 344 332 5693","http://www.racketcentre.com/","","","","https://maps.google.com/?cid=809732992769892542&g_mp=Cidnb29nbGUubWFwcy5wbGFjZXMudjEuUGxhY2VzLlNlYXJjaFRleHQQAhgEIAA","51.444413999999995","-0.2071302","3","2","OPERATIONAL","Wandsworth"
"ChIJO8s74gMHdkgRCnGrQPrpYYM","Smyths Toys Superstores Colliers Wood","Sports & Outdoor","Sports & Outdoor|Kids & Family","Toy store","Unit 5b, tandem centre, London","SW19 2TY","SW19","Wimbledon / Southfields edge","London","+44 20 3739 7647","https://www.smythstoys.com/uk/en-gb/storefinder/storedetails/colliers-wood","","","","https://maps.google.com/?cid=9467105152745566474&g_mp=Cidnb29nbGUubWFwcy5wbGFjZXMudjEuUGxhY2VzLlNlYXJjaFRleHQQAhgEIAA","51.4139325","-0.1758545","4","13","OPERATIONAL","Wandsworth"
"ChIJRx7edM4IdkgRXSOwpfbcwiA","Sweaty Betty","Sports & Outdoor","Sports & Outdoor","Women's clothing store","49 High Street Wimbledon, London","SW19 5AX","SW19","Wimbledon / Southfields edge","London","+44 20 8944 6618","https://www.sweatybetty.com/shop-details/wimbledon-037","","","","https://maps.google.com/?cid=2360692106595410781&g_mp=Cidnb29nbGUubWFwcy5wbGFjZXMudjEuUGxhY2VzLlNlYXJjaFRleHQQAhgEIAA","51.4253242","-0.2208763","3.8","19","OPERATIONAL","Wandsworth"
"ChIJD22NtzUPdkgRHbBcv0544JU","The Wimbledon Shop","Sports & Outdoor","Sports & Outdoor","Store","The All England Lawn Tennis Club, Church Rd, London","SW19 5AE","SW19","Wimbledon / Southfields edge","London","+44 20 8879 5255","https://shop.wimbledon.com/","","","","https://maps.google.com/?cid=10799764186047754269&g_mp=Cidnb29nbGUubWFwcy5wbGFjZXMudjEuUGxhY2VzLlNlYXJjaFRleHQQAhgEIAA","51.43457000000001","-0.21311249999999998","3.9","115","OPERATIONAL","Wandsworth"
"ChIJb5L2Jc8FdkgROXdTlDd32kE","Atlas Computing Repair Shop - Clapham","Tech & Gadgets","Tech & Gadgets","Services","65 Balham Hill, London","SW12 9DR","SW12","Balham","London","+44 20 8265 7276","https://www.atlascomputing.co.uk/","","","","https://maps.google.com/?cid=4745236237983643449&g_mp=Cidnb29nbGUubWFwcy5wbGFjZXMudjEuUGxhY2VzLlNlYXJjaFRleHQQAhgEIAA","51.4511751","-0.1473757","4.8","88","OPERATIONAL","Wandsworth"
"ChIJCZ1kC88FdkgR40Lk-vIHNsU","Balham Electronics","Tech & Gadgets","Tech & Gadgets","Internet cafe","26 Hildreth St, London","SW12 9RQ","SW12","Balham","London","+44 20 8673 2117","","","","","https://maps.google.com/?cid=14210554414386922211&g_mp=Cidnb29nbGUubWFwcy5wbGFjZXMudjEuUGxhY2VzLlNlYXJjaFRleHQQAhgEIAA","51.444260199999995","-0.1507837","4.8","333","OPERATIONAL","Wandsworth"
"ChIJ-3OE68wFdkgRQrw0W0L5Vn0","City Electrical Factors Ltd (CEF)","Tech & Gadgets","Tech & Gadgets","Wholesaler","5 Weir Rd, London","SW12 0LT","SW12","Balham","London","+44 20 8673 3455","https://www.cef.co.uk/branches/balham","","","","https://maps.google.com/?cid=9031680166131448898&g_mp=Cidnb29nbGUubWFwcy5wbGFjZXMudjEuUGxhY2VzLlNlYXJjaFRleHQQAhgEIAA","51.4462584","-0.1443944","3.7","90","OPERATIONAL","Wandsworth"
"ChIJ3z7u0bsFdkgRTg3rdi7do-k","CORETECH - Phone & Vape","Tech & Gadgets","Tech & Gadgets","Services","180A Balham High Rd, London","SW12 9BW","SW12","Balham","London","+44 7555 598807","https://coretechbalham.my.canva.site/coretech","","","","https://maps.google.com/?cid=16835543023674395982&g_mp=Cidnb29nbGUubWFwcy5wbGFjZXMudjEuUGxhY2VzLlNlYXJjaFRleHQQAhgEIAA","51.4440839","-0.1524788","4.9","213","OPERATIONAL","Wandsworth"
"ChIJZ3OQ3ckFdkgR8qljbgDDN14","E-Computing","Tech & Gadgets","Tech & Gadgets","Services","20 Hildreth St, London","SW12 9RQ","SW12","Balham","London","+44 20 3880 7715","http://www.e-computing.co.uk/","","","","https://maps.google.com/?cid=6789109369903753714&g_mp=Cidnb29nbGUubWFwcy5wbGFjZXMudjEuUGxhY2VzLlNlYXJjaFRleHQQAhgEIAA","51.4443035","-0.1509582","4.9","220","OPERATIONAL","Wandsworth"
"ChIJ_c1JnRMFdkgR6Cct9jPKkCw","Gadjet Electronic","Tech & Gadgets","Tech & Gadgets","Home goods store","26 Hildreth St, London","SW12 9RQ","SW12","Balham","London","+44 20 8673 2117","","","","","https://maps.google.com/?cid=3211288858837460968&g_mp=Cidnb29nbGUubWFwcy5wbGFjZXMudjEuUGxhY2VzLlNlYXJjaFRleHQQAhgEIAA","51.444238399999996","-0.15079299999999998","1","1","OPERATIONAL","Wandsworth"
"ChIJQWaBSZEFdkgRxsHQCAYR64o","ITech mobile phones & laptops specialist","Tech & Gadgets","Tech & Gadgets","Services","143 Balham High Rd, London","SW12 9AU","SW12","Balham","London","+44 20 8793 6137","https://itechmobile.co.uk/","","","","https://maps.google.com/?cid=10010113314376434118&g_mp=Cidnb29nbGUubWFwcy5wbGFjZXMudjEuUGxhY2VzLlNlYXJjaFRleHQQAhgEIAA","51.4443858","-0.15178529999999998","4.5","69","OPERATIONAL","Wandsworth"
"ChIJfQ8McM8FdkgRJsOVQL06A2E","Phonefix","Tech & Gadgets","Tech & Gadgets","Services","131 Balham High Rd, London","SW12 9AU","SW12","Balham","London","+44 20 8772 3221","","","","","https://maps.google.com/?cid=6990495631115928358&g_mp=Cidnb29nbGUubWFwcy5wbGFjZXMudjEuUGxhY2VzLlNlYXJjaFRleHQQAhgEIAA","51.444582000000004","-0.151576","4.5","122","OPERATIONAL","Wandsworth"
"ChIJL8qbd1wFdkgRN8RCVrpkoM4","Apple Battersea","Tech & Gadgets","Tech & Gadgets","Electronics store","Ground Floor Turbine Hall A, Circus Rd W, London","SW11 8AL","SW11","Battersea","London","+44 20 3062 6700","https://www.apple.com/uk/retail/battersea?cid=aos-gb-seo-maps","","","","https://maps.google.com/?cid=14889011119560770615&g_mp=Cidnb29nbGUubWFwcy5wbGFjZXMudjEuUGxhY2VzLlNlYXJjaFRleHQQAhgEIAA","51.481716999999996","-0.144469","3.5","526","OPERATIONAL","Wandsworth"
"ChIJ4Z9Tf_0EdkgRXVFCTtu_oJY","Battersea Power Station","Tech & Gadgets","Tech & Gadgets","Historical landmark","The Power Station, Circus Rd W, London","SW11 8DD","SW11","Battersea","London","","https://batterseapowerstation.co.uk/?utm_source=gbp&utm_medium=organic&utm_campaign=google_business_profile","","","","https://maps.google.com/?cid=10853886050594607453&g_mp=Cidnb29nbGUubWFwcy5wbGFjZXMudjEuUGxhY2VzLlNlYXJjaFRleHQQAhgEIAA","51.482020299999995","-0.1444907","4.6","30698","OPERATIONAL","Wandsworth"
"ChIJtyeX05kFdkgRUCRhnAomYEA","EE","Tech & Gadgets","Tech & Gadgets","Cell phone store","25 St John's Rd, London","SW11 1QN","SW11","Battersea","London","+44 20 7228 4817","https://ee.co.uk/stores/england/greater_london/london/clapham","","","","https://maps.google.com/?cid=4638749443206751312&g_mp=Cidnb29nbGUubWFwcy5wbGFjZXMudjEuUGxhY2VzLlNlYXJjaFRleHQQAhgEIAA","51.4627999","-0.1674708","3.3","121","OPERATIONAL","Wandsworth"
"ChIJHegUPpcFdkgRZQa5G_-E23g","iFix Centre","Tech & Gadgets","Tech & Gadgets","Services","iFix Centre, 86 Battersea Rise, London","SW11 1EJ","SW11","Battersea","London","+44 20 7228 1888","http://www.ifixcentre.co.uk/","","","","https://maps.google.com/?cid=8708700535667623525&g_mp=Cidnb29nbGUubWFwcy5wbGFjZXMudjEuUGxhY2VzLlNlYXJjaFRleHQQAhgEIAA","51.460805099999995","-0.1682437","4.8","146","OPERATIONAL","Wandsworth"
"ChIJR9Ihb-AFdkgRJKUz3tlJDtc","Master of Electronic Repairs/Sales","Tech & Gadgets","Tech & Gadgets","Services","Unit 32, D R C A, Charlotte Despard Ave, London","SW11 5HD","SW11","Battersea","London","+44 7846 743661","","","","","https://maps.google.com/?cid=15496404567913112868&g_mp=Cidnb29nbGUubWFwcy5wbGFjZXMudjEuUGxhY2VzLlNlYXJjaFRleHQQAhgEIAA","51.4738762","-0.151757","3.9","11","OPERATIONAL","Wandsworth"
"ChIJK53ZNYQFdkgRwQePw3mYj44","Screwfix Battersea","Tech & Gadgets","Tech & Gadgets","Hardware store","Commercial, Unit 202 York Rd, London","SW11 3SD","SW11","Battersea","London","+44 333 011 2112","https://www.screwfix.com/stores/PB4/Battersea?utm_source=google&utm_medium=organic&utm_campaign=Google_PB4","","","","https://maps.google.com/?cid=10272596923794786241&g_mp=Cidnb29nbGUubWFwcy5wbGFjZXMudjEuUGxhY2VzLlNlYXJjaFRleHQQAhgEIAA","51.4654975","-0.180261","4.2","276","OPERATIONAL","Wandsworth"
"ChIJS5hvLIAFdkgRVa_X7jHVqjE","Silent Sounds Headphones","Tech & Gadgets","Tech & Gadgets","Electronics store","124 Mallinson Rd, London","SW11 1BJ","SW11","Battersea","London","+44 7826 402103","","","","","https://maps.google.com/?cid=3578907264336506709&g_mp=Cidnb29nbGUubWFwcy5wbGFjZXMudjEuUGxhY2VzLlNlYXJjaFRleHQQAhgEIAA","51.459185999999995","-0.16332529999999998","4.7","9","OPERATIONAL","Wandsworth"
"ChIJnwxpzREPdkgR9ikmorWH4dI","Digimac Limited","Tech & Gadgets","Tech & Gadgets","Services","258 Upper Richmond Rd, London","SW15 6TQ","SW15","Putney","London","+44 20 8788 9595","http://www.digimacputney.co.uk/","","","","https://maps.google.com/?cid=15195575831904004598&g_mp=Cidnb29nbGUubWFwcy5wbGFjZXMudjEuUGxhY2VzLlNlYXJjaFRleHQQAhgEIAA","51.4616078","-0.21986999999999998","4.8","179","OPERATIONAL","Wandsworth"
"ChIJsye8k4IGdkgRkIuVIiVWzyc","Electronics Base","Tech & Gadgets","Tech & Gadgets","Services","Advance Booking Prior To Visit(Bussiness Located Inside The Landing Building, 131 Upper Richmond Rd, London","SW15 2SH","SW15","Putney","London","+44 7832 232262","https://electronicbase.co.uk/","","","","https://maps.google.com/?cid=2868606205152299920&g_mp=Cidnb29nbGUubWFwcy5wbGFjZXMudjEuUGxhY2VzLlNlYXJjaFRleHQQAhgEIAA","51.4602889","-0.21572439999999998","4.8","360","OPERATIONAL","Wandsworth"
"ChIJR36fQPIPdkgRgQt47TU6QAg","elite phone store","Tech & Gadgets","Tech & Gadgets","Services","116 Putney High St, London","SW15 1RG","SW15","Putney","London","+44 7452 744155","https://www.facebook.com/Elitephonestore116/","","https://www.facebook.com/Elitephonestore116/","","https://maps.google.com/?cid=594539154104650625&g_mp=Cidnb29nbGUubWFwcy5wbGFjZXMudjEuUGxhY2VzLlNlYXJjaFRleHQQAhgEIAA","51.462778099999994","-0.2163319","4.2","45","OPERATIONAL","Wandsworth"
"ChIJK0rItVUPdkgREjUZzd0u1jk","Gadget X Vape","Tech & Gadgets","Tech & Gadgets","Services","172 Putney High St, London","SW15 1RS","SW15","Putney","London","+44 7445 096875","","","","","https://maps.google.com/?cid=4167570035341604114&g_mp=Cidnb29nbGUubWFwcy5wbGFjZXMudjEuUGxhY2VzLlNlYXJjaFRleHQQAhgEIAA","51.461297699999996","-0.2171802","4.7","74","OPERATIONAL","Wandsworth"
"ChIJ9Zg66hEPdkgRjLh_a8ctmrI","Gadget Xchange","Tech & Gadgets","Tech & Gadgets","Electronics store","224 Upper Richmond Rd, London","SW15 6TD","SW15","Putney","London","+44 7960 332914","","","","","https://maps.google.com/?cid=12869649219689887884&g_mp=Cidnb29nbGUubWFwcy5wbGFjZXMudjEuUGxhY2VzLlNlYXJjaFRleHQQAhgEIAA","51.4612423","-0.21846040000000003","4.4","385","OPERATIONAL","Wandsworth"
"ChIJrfOyjB0PdkgRofxslnLWxIk","iTech Putney","Tech & Gadgets","Tech & Gadgets","Services","Unit 35, Putney Exchange, Putney High St, London","SW15 1TW","SW15","Putney","London","+44 20 3301 3283","https://www.itechuk.co.uk/","","","","https://maps.google.com/?cid=9927295266269756577&g_mp=Cidnb29nbGUubWFwcy5wbGFjZXMudjEuUGxhY2VzLlNlYXJjaFRleHQQAhgEIAA","51.4632985","-0.2162065","4.9","123","OPERATIONAL","Wandsworth"
"ChIJvY8uzAgPdkgR8PmEd4s4WZs","PC Macgicians","Tech & Gadgets","Tech & Gadgets","Services","66 Lower Richmond Rd., London","SW15 1LL","SW15","Putney","London","+44 20 7610 0500","https://www.pcmacgicians.co.uk/","","","","https://maps.google.com/?cid=11194040520462891504&g_mp=Cidnb29nbGUubWFwcy5wbGFjZXMudjEuUGxhY2VzLlNlYXJjaFRleHQQAhgEIAA","51.4677206","-0.22053509999999998","4.8","108","OPERATIONAL","Wandsworth"
"ChIJOxWKpRYPdkgRHeIOPvVW4NA","Putney Mobile and Computer","Tech & Gadgets","Tech & Gadgets","Cell phone store","63 Putney High St, London","SW15 1SR","SW15","Putney","London","+44 7475 714360","","","","","https://maps.google.com/?cid=15051125565980336669&g_mp=Cidnb29nbGUubWFwcy5wbGFjZXMudjEuUGxhY2VzLlNlYXJjaFRleHQQAhgEIAA","51.463970100000004","-0.21519249999999998","4.7","31","OPERATIONAL","Wandsworth"
"ChIJV5s4ikUPdkgRSU-jYx-6QkA","Putney Tech - Mobile Phone Repair & Vape Shop","Tech & Gadgets","Tech & Gadgets","Services","199B Upper Richmond Rd, London","SW15 6SG","SW15","Putney","London","+44 7949 643977","https://putney-tech-mobile.localo.site/?utm_source=google_profile&utm_campaign=localo&utm_medium=mainlink","","","","https://maps.google.com/?cid=4630468010868690761&g_mp=Cidnb29nbGUubWFwcy5wbGFjZXMudjEuUGxhY2VzLlNlYXJjaFRleHQQAhgEIAA","51.4612085","-0.2193288","4.8","321","OPERATIONAL","Wandsworth"
"ChIJSdTO9fMPdkgRccM5N8YZ8dY","Tech Repair Zone - Mobile Phone Repair and Vape Shop","Tech & Gadgets","Tech & Gadgets","Services","216 Upper Richmond Rd, London","SW15 6TD","SW15","Putney","London","+44 7398 068816","http://tech-repairzone.com/","","","","https://maps.google.com/?cid=15488188932624597873&g_mp=Cidnb29nbGUubWFwcy5wbGFjZXMudjEuUGxhY2VzLlNlYXJjaFRleHQQAhgEIAA","51.461196799999996","-0.21824079999999998","4.9","221","OPERATIONAL","Wandsworth"
"ChIJT94xd5IPdkgR-yzxrR6U8pc","TechDoctor Phones","Tech & Gadgets","Tech & Gadgets","Services","8 Putney High St, London","SW15 1SL","SW15","Putney","London","+44 7775 525544","https://wa.me/message/THBEEROBVMLCL1","","","","https://maps.google.com/?cid=10948976503579290875&g_mp=Cidnb29nbGUubWFwcy5wbGFjZXMudjEuUGxhY2VzLlNlYXJjaFRleHQQAhgEIAA","51.4658898","-0.2145067","4.9","57","OPERATIONAL","Wandsworth"
"ChIJs5_sCL8PdkgRjiV39AD0qzU","Wex Photo Video London Putney","Tech & Gadgets","Tech & Gadgets","Electronics store","Unit 2, Tileman House, 131-133 Upper Richmond Rd, London","SW15 2TR","SW15","Putney","London","+44 20 7582 9050","https://www.wexphotovideo.com/about-us/store-finder/putney/","","","","https://maps.google.com/?cid=3867452989966329230&g_mp=Cidnb29nbGUubWFwcy5wbGFjZXMudjEuUGxhY2VzLlNlYXJjaFRleHQQAhgEIAA","51.460293099999994","-0.21569159999999998","4.9","415","OPERATIONAL","Wandsworth"
"ChIJtQEM5TcHdkgR01Rc30UuN_A","A1 Gadgets & Vape","Tech & Gadgets","Tech & Gadgets","Store","Unit 1b, 29 Tooting High St, London","SW17 0RJ","SW17","Tooting","London","+44 7550 491913","","","","","https://maps.google.com/?cid=17309354570456782035&g_mp=Cidnb29nbGUubWFwcy5wbGFjZXMudjEuUGxhY2VzLlNlYXJjaFRleHQQAhgEIAA","51.428620099999996","-0.1671018","4.7","14","OPERATIONAL","Wandsworth"
"ChIJZVHQZP8FdkgRprriuG5oGsg","Arrow Electrical Lighting & Electrical Store","Tech & Gadgets","Tech & Gadgets","Home improvement store","19 St Martin's Way, London","SW17 0JH","SW17","Tooting","London","+44 20 8944 1514","http://www.arrowelectricals.co.uk/","","","","https://maps.google.com/?cid=14418951981737622182&g_mp=Cidnb29nbGUubWFwcy5wbGFjZXMudjEuUGxhY2VzLlNlYXJjaFRleHQQAhgEIAA","51.4345399","-0.1858301","4.1","118","OPERATIONAL","Wandsworth"
"ChIJx4gJDQsGdkgRseCB3KgcWqc","CeX","Tech & Gadgets","Tech & Gadgets","Electronics store","News Centre, 51-53 Mitcham Rd, London","SW17 9PB","SW17","Tooting","London","+44 330 123 5986","https://uk.webuy.com/site/storeDetail/?branchId=112","","","","https://maps.google.com/?cid=12058982463817506993&g_mp=Cidnb29nbGUubWFwcy5wbGFjZXMudjEuUGxhY2VzLlNlYXJjaFRleHQQAhgEIAA","51.427120800000004","-0.1663875","4","547","OPERATIONAL","Wandsworth"
"ChIJE59EXwsGdkgRc19THu84L-8","Crazy Thumbs","Tech & Gadgets","Tech & Gadgets|Kids & Family","Store","UNIT 10 20 TOTTERDOWN STREET AT, London","SW17 8TA","SW17","Tooting","London","+44 20 4614 8560","https://crazythumbs.co.uk/","","","","https://maps.google.com/?cid=17235056898627297139&g_mp=Cidnb29nbGUubWFwcy5wbGFjZXMudjEuUGxhY2VzLlNlYXJjaFRleHQQAhgEIAA","51.42926490000001","-0.1654813","4.5","299","OPERATIONAL","Wandsworth"
"ChIJtwiRUAoGdkgRj8PxwNVm33w","E Tech","Tech & Gadgets","Tech & Gadgets","Services","26 Tooting High St, London","SW17 0RG","SW17","Tooting","London","+44 7429 656565","","","","","https://maps.google.com/?cid=8998023648760677263&g_mp=Cidnb29nbGUubWFwcy5wbGFjZXMudjEuUGxhY2VzLlNlYXJjaFRleHQQAhgEIAA","51.4288555","-0.1674207","5","391","OPERATIONAL","Wandsworth"
"ChIJLSo9dQsGdkgRFh9WSws3r_I","EE","Tech & Gadgets","Tech & Gadgets","Cell phone store","26 Mitcham Rd, London","SW17 9NA","SW17","Tooting","London","+44 20 8767 5888","https://ee.co.uk/stores/england/greater_london/london/tooting","","","","https://maps.google.com/?cid=17487256399751028502&g_mp=Cidnb29nbGUubWFwcy5wbGFjZXMudjEuUGxhY2VzLlNlYXJjaFRleHQQAhgEIAA","51.427056099999994","-0.1669977","3.4","117","OPERATIONAL","Wandsworth"
"ChIJP3IyqgwGdkgRVPzUOPGfLW8","Euronics","Tech & Gadgets","Tech & Gadgets","Home goods store","Microtronics Centre, 119 Mitcham Rd, London","SW17 9PE","SW17","Tooting","London","+44 20 8772 4782","https://www.euronics.co.uk/store/Electronics%20Direct%20T-as%20Microtronics%20Centre%203593?ref=sub_nav","","","","https://maps.google.com/?cid=8011235170551397460&g_mp=Cidnb29nbGUubWFwcy5wbGFjZXMudjEuUGxhY2VzLlNlYXJjaFRleHQQAhgEIAA","51.42546","-0.16426649999999998","4.5","2","OPERATIONAL","Wandsworth"
"ChIJb24N_60FdkgRu-pPaYLRrWw","Gadget World","Tech & Gadgets","Tech & Gadgets","Services","22 Tooting Bec Rd, London","SW17 8BD","SW17","Tooting","London","+44 20 8127 6077","http://www.gadget-world.co.uk/","","","","https://maps.google.com/?cid=7831145685109959355&g_mp=Cidnb29nbGUubWFwcy5wbGFjZXMudjEuUGxhY2VzLlNlYXJjaFRleHQQAhgEIAA","51.435157499999995","-0.1580952","4.8","195","OPERATIONAL","Wandsworth"
"ChIJKx_dTNkFdkgR4Rf36FxGibw","Macguys","Tech & Gadgets","Tech & Gadgets","Services","112 Tooting Bec Rd, London","SW17 8BQ","SW17","Tooting","London","+44 20 8767 1955","http://www.macguys.co.uk/","","","","https://maps.google.com/?cid=13585467115799255009&g_mp=Cidnb29nbGUubWFwcy5wbGFjZXMudjEuUGxhY2VzLlNlYXJjaFRleHQQAhgEIAA","51.4338908","-0.1554942","4.7","505","OPERATIONAL","Wandsworth"
"ChIJ1Tcg8woGdkgR89zKvCLHUbY","MH Mobiles & accessories Mobile repair shop Tooting","Tech & Gadgets","Tech & Gadgets","Cell phone store","9 Tooting High Street Tooting Broadway, London","SW17 0SN","SW17","Tooting","London","+44 7350 244964","","","","","https://maps.google.com/?cid=13137500540026674419&g_mp=Cidnb29nbGUubWFwcy5wbGFjZXMudjEuUGxhY2VzLlNlYXJjaFRleHQQAhgEIAA","51.4294963","-0.1663405","4.9","591","OPERATIONAL","Wandsworth"
"ChIJU6ZYU3MGdkgR477l6D4PiaQ","Microtronics Centre","Tech & Gadgets","Tech & Gadgets","Home goods store","117, 119 Mitcham Rd, London","SW17 9PE","SW17","Tooting","London","+44 20 8772 4782","https://www.euronics.co.uk/microtronicscentre","","","","https://maps.google.com/?cid=11856024256899301091&g_mp=Cidnb29nbGUubWFwcy5wbGFjZXMudjEuUGxhY2VzLlNlYXJjaFRleHQQAhgEIAA","51.4254441","-0.164293","4.8","130","OPERATIONAL","Wandsworth"
"ChIJ7wNONP4FdkgR2ZxzrpYOYhM","Your Gizmos","Tech & Gadgets","Tech & Gadgets","Electronics store","73 Summerstown, London","SW17 0BQ","SW17","Tooting","London","+44 7858 516106","http://www.greatgizmos.co.uk/","","","","https://maps.google.com/?cid=1396694874772970713&g_mp=Cidnb29nbGUubWFwcy5wbGFjZXMudjEuUGxhY2VzLlNlYXJjaFRleHQQAhgEIAA","51.433543699999994","-0.1837974","4","1","OPERATIONAL","Wandsworth"
"ChIJTde8-JYPdkgRJ7ILF82OQbo","CeX","Tech & Gadgets","Tech & Gadgets|Kids & Family","Electronics store","Ground floor, Unit 111 Southside Shopping Centre, London","SW18 4TQ","SW18","Wandsworth / Earlsfield","London","+44 330 123 5986","https://uk.webuy.com/site/storeDetail/?branchId=3179","","","","https://maps.google.com/?cid=13421165376046871079&g_mp=Cidnb29nbGUubWFwcy5wbGFjZXMudjEuUGxhY2VzLlNlYXJjaFRleHQQAhgEIAA","51.456464399999994","-0.19441139999999998","4.1","286","OPERATIONAL","Wandsworth"
"ChIJo3fcn3cPdkgRz-HV_ZKH2OQ","Earlsfield Computer Services","Tech & Gadgets","Tech & Gadgets","Services","340 Garratt Ln, London","SW18 4EL","SW18","Wandsworth / Earlsfield","London","+44 20 8123 1460","http://ecomputerservices.co.uk/","","","","https://maps.google.com/?cid=16490079101010698703&g_mp=Cidnb29nbGUubWFwcy5wbGFjZXMudjEuUGxhY2VzLlNlYXJjaFRleHQQAhgEIAA","51.4426131","-0.18878899999999998","4.9","126","OPERATIONAL","Wandsworth"
"ChIJbVoyxGYPdkgR0oLgJQSvu8U","EE","Tech & Gadgets","Tech & Gadgets","Cell phone store","Southside, 47 South Mall, London","SW18 4TS","SW18","Wandsworth / Earlsfield","London","+44 20 8877 4360","https://ee.co.uk/stores/england/greater_london/wandsworth/wandsworth","","","","https://maps.google.com/?cid=14248174278466896594&g_mp=Cidnb29nbGUubWFwcy5wbGFjZXMudjEuUGxhY2VzLlNlYXJjaFRleHQQAhgEIAA","51.454713","-0.1934015","3.3","130","OPERATIONAL","Wandsworth"
"ChIJLfRgDVgPdkgRkmNkYOii3M4","FSE Computer World LTD","Tech & Gadgets","Tech & Gadgets","Services","499 Garratt Ln, London","SW18 4SW","SW18","Wandsworth / Earlsfield","London","+44 20 8875 1155","http://www.fseworld.co.uk/","","","","https://maps.google.com/?cid=14905967985622803346&g_mp=Cidnb29nbGUubWFwcy5wbGFjZXMudjEuUGxhY2VzLlNlYXJjaFRleHQQAhgEIAA","51.442632800000005","-0.18833350000000001","4.6","183","OPERATIONAL","Wandsworth"
"ChIJdYC7u4kFdkgR8PwFuCmpZa4","Imend - Computers Inc","Tech & Gadgets","Tech & Gadgets","Electronics store","59 East Hill, London","SW18 2QE","SW18","Wandsworth / Earlsfield","London","+44 330 057 3137","http://www.computersinc.co.uk/","","","","https://maps.google.com/?cid=12566636331893390576&g_mp=Cidnb29nbGUubWFwcy5wbGFjZXMudjEuUGxhY2VzLlNlYXJjaFRleHQQAhgEIAA","51.4575305","-0.1846661","4.9","69","OPERATIONAL","Wandsworth"
"ChIJt68vzl4PdkgR9xL6RIJIUPE","Mr Resistor","Tech & Gadgets","Tech & Gadgets","Home improvement store","21 Lydden Rd, London","SW18 4LT","SW18","Wandsworth / Earlsfield","London","+44 20 8874 2234","https://www.mr-resistor.co.uk/","","","","https://maps.google.com/?cid=17388477885617672951&g_mp=Cidnb29nbGUubWFwcy5wbGFjZXMudjEuUGxhY2VzLlNlYXJjaFRleHQQAhgEIAA","51.4468148","-0.1915005","4.2","104","OPERATIONAL","Wandsworth"
"ChIJ3RHLLhUPdkgRLR0jApa8YF0","PC & MAC World LTD","Tech & Gadgets","Tech & Gadgets","Services","205 Wandsworth High St, London","SW18 4JE","SW18","Wandsworth / Earlsfield","London","+44 20 3603 6460","http://www.pcandmacworld.co.uk/","","","","https://maps.google.com/?cid=6728585195758492973&g_mp=Cidnb29nbGUubWFwcy5wbGFjZXMudjEuUGxhY2VzLlNlYXJjaFRleHQQAhgEIAA","51.4569428","-0.1980094","4.9","261","OPERATIONAL","Wandsworth"
"ChIJq6q2d2YPdkgRl0rhm9ZbZ-E","S A Electronics Ltd","Tech & Gadgets","Tech & Gadgets","Electronics store","187 Wandsworth High St, London","SW18 4JE","SW18","Wandsworth / Earlsfield","London","+44 20 8875 9154","","","","","https://maps.google.com/?cid=16242051558431345303&g_mp=Cidnb29nbGUubWFwcy5wbGFjZXMudjEuUGxhY2VzLlNlYXJjaFRleHQQAhgEIAA","51.457011099999995","-0.19742099999999999","3.6","14","OPERATIONAL","Wandsworth"
"ChIJVVWV3B8GdkgRwmg18ktb4jA","Blue Ribbon Electronics","Tech & Gadgets","Tech & Gadgets","Electronics store","Dalton House, 60 Windsor Ave, London","SW19 2RR","SW19","Wimbledon / Southfields edge","London","+44 843 886 0142","","","","","https://maps.google.com/?cid=3522478240301410498&g_mp=Cidnb29nbGUubWFwcy5wbGFjZXMudjEuUGxhY2VzLlNlYXJjaFRleHQQAhgEIAA","51.4113723","-0.1867094","","","OPERATIONAL","Wandsworth"
"ChIJHdtZcLoIdkgRzsCuqlNsRv0","CeX","Tech & Gadgets","Tech & Gadgets","Electronics store","46 The Broadway, London","SW19 1RQ","SW19","Wimbledon / Southfields edge","London","+44 330 123 5986","https://uk.webuy.com/site/storeDetail/?branchId=181","","","","https://maps.google.com/?cid=18250393646567178446&g_mp=Cidnb29nbGUubWFwcy5wbGFjZXMudjEuUGxhY2VzLlNlYXJjaFRleHQQAhgEIAA","51.4199662","-0.20334629999999998","3.9","247","OPERATIONAL","Wandsworth"
"ChIJ9foClx8GdkgR6Tm0ZFytJy0","City Electrical Factors Ltd (CEF)","Tech & Gadgets","Tech & Gadgets","Wholesaler","Unit 2, Saxon Business Centre, Windsor Ave, London","SW19 2RR","SW19","Wimbledon / Southfields edge","London","+44 20 8542 8668","https://www.cef.co.uk/stores/wimbledon","","","","https://maps.google.com/?cid=3253759868136602089&g_mp=Cidnb29nbGUubWFwcy5wbGFjZXMudjEuUGxhY2VzLlNlYXJjaFRleHQQAhgEIAA","51.410450399999995","-0.1856565","4.6","27","OPERATIONAL","Wandsworth"
"ChIJm_vWsLAIdkgR28QRj4e0x4I","EE","Tech & Gadgets","Tech & Gadgets","Cell phone store","118 Wimbledon Quarter, London","SW19 8YE","SW19","Wimbledon / Southfields edge","London","+44 20 8605 2149","https://ee.co.uk/stores/england/greater_london/london/wimbledon","","","","https://maps.google.com/?cid=9423699239609943259&g_mp=Cidnb29nbGUubWFwcy5wbGFjZXMudjEuUGxhY2VzLlNlYXJjaFRleHQQAhgEIAA","51.4216799","-0.20410899999999998","3.9","179","OPERATIONAL","Wandsworth"
"ChIJG06oobwIdkgROPexe92Hcv0","Fixfactor - Wimbledon | Tech Repair Service","Tech & Gadgets","Tech & Gadgets","Services","Rear of, 136 Kingston Rd, London","SW19 1LY","SW19","Wimbledon / Southfields edge","London","+44 20 8543 7088","https://fixfactor.co.uk/","","","","https://maps.google.com/?cid=18262808824273565496&g_mp=Cidnb29nbGUubWFwcy5wbGFjZXMudjEuUGxhY2VzLlNlYXJjaFRleHQQAhgEIAA","51.4148421","-0.2003283","4.9","740","OPERATIONAL","Wandsworth"
"ChIJZcAteZAJdkgRbgNLz_FRh7Q","Minko's Macs Wimbledon","Tech & Gadgets","Tech & Gadgets","Services","104 Kingston Rd, London","SW19 1LX","SW19","Wimbledon / Southfields edge","London","+44 20 8542 8635","https://www.minkosmacs.com/","","","","https://maps.google.com/?cid=13008456147689735022&g_mp=Cidnb29nbGUubWFwcy5wbGFjZXMudjEuUGxhY2VzLlNlYXJjaFRleHQQAhgEIAA","51.4152284","-0.1980807","5","29","OPERATIONAL","Wandsworth"
"ChIJyW0XlOUJdkgRIAn04pdWLjc","PC Xpress in Wimbledon | Computer, Laptop Repair in London | Accessories","Tech & Gadgets","Tech & Gadgets","Services","94-A The Broadway, London","SW19 1RH","SW19","Wimbledon / Southfields edge","London","+44 20 8087 0399","https://pcxpress.co.uk/","","","","https://maps.google.com/?cid=3976210731362421024&g_mp=Cidnb29nbGUubWFwcy5wbGFjZXMudjEuUGxhY2VzLlNlYXJjaFRleHQQAhgEIAA","51.41951650000001","-0.2012185","5","258","OPERATIONAL","Wandsworth"
"ChIJS4a_Ju0PdkgRczZYiG7-GCo","Phone Surgery Wimbledon London","Tech & Gadgets","Tech & Gadgets","Services","148 Arthur Rd, London","SW19 8AQ","SW19","Wimbledon / Southfields edge","London","+44 20 3393 9380","http://www.phonesurgeryonline.co.uk/","","","","https://maps.google.com/?cid=3033454099721369203&g_mp=Cidnb29nbGUubWFwcy5wbGFjZXMudjEuUGxhY2VzLlNlYXJjaFRleHQQAhgEIAA","51.434835899999996","-0.19793229999999998","4.9","661","OPERATIONAL","Wandsworth"
"ChIJ3RTV904JdkgRtUqLq8Bo-Sc","Tech Centre Wimbledon","Tech & Gadgets","Tech & Gadgets","Services","46 The Broadway, London","SW19 1RQ","SW19","Wimbledon / Southfields edge","London","+44 800 288 4949","https://techcentre.com/locations/wimbledon/?utm_source=gmb&utm_medium=yext&utm_campaign=181-TC","","","","https://maps.google.com/?cid=2880448613401184949&g_mp=Cidnb29nbGUubWFwcy5wbGFjZXMudjEuUGxhY2VzLlNlYXJjaFRleHQQAhgEIAA","51.419965","-0.2033489","4.3","4","OPERATIONAL","Wandsworth"
"ChIJobSg2qYIdkgRMXKTuavqqsQ","Wireless vision","Tech & Gadgets","Tech & Gadgets","Services","210 Merton High St, London","SW19 1AX","SW19","Wimbledon / Southfields edge","London","+44 7710 931305","https://wirelessvision.co.uk/","","","","https://maps.google.com/?cid=14171397200748442161&g_mp=Cidnb29nbGUubWFwcy5wbGFjZXMudjEuUGxhY2VzLlNlYXJjaFRleHQQAhgEIAA","51.4157942","-0.1909583","4.5","93","OPERATIONAL","Wandsworth"